date,atm_id,area,latitude,longitude,weather,major_event,twenty_dollar_bills_withdrawn,fifty_dollar_bills_withdrawn,hundred_dollar_bills_withdrawn
2024-01-01,LM-ATM-001,Battery Park,40.7033,-74.017,snow,New Year Day,24,14,10
2024-01-01,LM-ATM-002,Wall Street,40.7074,-74.0113,snow,New Year Day,56,19,8
2024-01-01,LM-ATM-003,Broad Street,40.7069,-74.0113,snow,New Year Day,44,13,7
2024-01-01,LM-ATM-004,Fulton Center,40.7103,-74.0076,snow,New Year Day,46,18,13
2024-01-01,LM-ATM-005,South Street Seaport,40.7069,-74.003,snow,New Year Day,23,17,10
2024-01-01,LM-ATM-006,Tribeca,40.7163,-74.0086,snow,New Year Day,30,13,8
2024-01-01,LM-ATM-007,City Hall,40.7128,-74.0059,snow,New Year Day,34,13,9
2024-01-01,LM-ATM-008,Chinatown,40.7158,-73.9973,snow,New Year Day,25,14,8
2024-01-01,LM-ATM-009,Little Italy,40.7191,-73.9973,snow,New Year Day,19,14,9
2024-01-01,LM-ATM-010,SoHo Broadway,40.7233,-74.002,snow,New Year Day,19,14,10
2024-01-01,LM-ATM-011,NoLiTa,40.7228,-73.9973,snow,New Year Day,25,19,11
2024-01-01,LM-ATM-012,Canal Street,40.719,-74.002,snow,New Year Day,27,16,8
2024-01-01,LM-ATM-013,World Trade Center,40.7116,-74.013,snow,New Year Day,52,21,11
2024-01-01,LM-ATM-014,Brookfield Place,40.7127,-74.0155,snow,New Year Day,38,14,8
2024-01-01,LM-ATM-015,Bowling Green,40.7047,-74.0141,snow,New Year Day,40,21,12
2024-01-01,LM-ATM-016,Staten Ferry Terminal,40.7013,-74.0132,snow,New Year Day,28,19,12
2024-01-01,LM-ATM-017,Essex Market,40.7193,-73.9874,snow,New Year Day,22,15,7
2024-01-01,LM-ATM-018,Houston Street,40.7282,-74.005,snow,New Year Day,24,16,10
2024-01-01,LM-ATM-019,Delancey Street,40.7188,-73.9885,snow,New Year Day,28,16,9
2024-01-01,LM-ATM-020,Pier 17,40.7058,-74.0027,snow,New Year Day,20,16,11
2024-01-02,LM-ATM-001,Battery Park,40.7033,-74.017,clear,None,58,36,22
2024-01-02,LM-ATM-002,Wall Street,40.7074,-74.0113,clear,None,94,21,9
2024-01-02,LM-ATM-003,Broad Street,40.7069,-74.0113,clear,None,71,19,11
2024-01-02,LM-ATM-004,Fulton Center,40.7103,-74.0076,clear,None,73,39,16
2024-01-02,LM-ATM-005,South Street Seaport,40.7069,-74.003,clear,None,42,30,16
2024-01-02,LM-ATM-006,Tribeca,40.7163,-74.0086,clear,None,51,20,10
2024-01-02,LM-ATM-007,City Hall,40.7128,-74.0059,clear,None,68,25,15
2024-01-02,LM-ATM-008,Chinatown,40.7158,-73.9973,clear,None,49,25,13
2024-01-02,LM-ATM-009,Little Italy,40.7191,-73.9973,clear,None,59,34,20
2024-01-02,LM-ATM-010,SoHo Broadway,40.7233,-74.002,clear,None,59,41,29
2024-01-02,LM-ATM-011,NoLiTa,40.7228,-73.9973,clear,None,42,29,16
2024-01-02,LM-ATM-012,Canal Street,40.719,-74.002,clear,None,52,29,18
2024-01-02,LM-ATM-013,World Trade Center,40.7116,-74.013,clear,None,89,31,17
2024-01-02,LM-ATM-014,Brookfield Place,40.7127,-74.0155,clear,None,88,30,18
2024-01-02,LM-ATM-015,Bowling Green,40.7047,-74.0141,clear,None,71,26,19
2024-01-02,LM-ATM-016,Staten Ferry Terminal,40.7013,-74.0132,clear,None,47,33,19
2024-01-02,LM-ATM-017,Essex Market,40.7193,-73.9874,clear,None,63,32,17
2024-01-02,LM-ATM-018,Houston Street,40.7282,-74.005,clear,None,47,26,16
2024-01-02,LM-ATM-019,Delancey Street,40.7188,-73.9885,clear,None,55,31,16
2024-01-02,LM-ATM-020,Pier 17,40.7058,-74.0027,clear,None,43,31,21
2024-01-03,LM-ATM-001,Battery Park,40.7033,-74.017,clear,None,52,30,19
2024-01-03,LM-ATM-002,Wall Street,40.7074,-74.0113,clear,None,115,27,17
2024-01-03,LM-ATM-003,Broad Street,40.7069,-74.0113,clear,None,89,25,10
2024-01-03,LM-ATM-004,Fulton Center,40.7103,-74.0076,clear,None,82,39,21
2024-01-03,LM-ATM-005,South Street Seaport,40.7069,-74.003,clear,None,67,41,27
2024-01-03,LM-ATM-006,Tribeca,40.7163,-74.0086,clear,None,67,27,12
2024-01-03,LM-ATM-007,City Hall,40.7128,-74.0059,clear,None,57,18,10
2024-01-03,LM-ATM-008,Chinatown,40.7158,-73.9973,clear,None,67,33,17
2024-01-03,LM-ATM-009,Little Italy,40.7191,-73.9973,clear,None,47,31,15
2024-01-03,LM-ATM-010,SoHo Broadway,40.7233,-74.002,clear,None,81,48,34
2024-01-03,LM-ATM-011,NoLiTa,40.7228,-73.9973,clear,None,56,35,20
2024-01-03,LM-ATM-012,Canal Street,40.719,-74.002,clear,None,61,32,19
2024-01-03,LM-ATM-013,World Trade Center,40.7116,-74.013,clear,None,107,37,20
2024-01-03,LM-ATM-014,Brookfield Place,40.7127,-74.0155,clear,None,104,36,21
2024-01-03,LM-ATM-015,Bowling Green,40.7047,-74.0141,clear,None,65,27,19
2024-01-03,LM-ATM-016,Staten Ferry Terminal,40.7013,-74.0132,clear,None,54,39,23
2024-01-03,LM-ATM-017,Essex Market,40.7193,-73.9874,clear,None,61,31,15
2024-01-03,LM-ATM-018,Houston Street,40.7282,-74.005,clear,None,61,34,21
2024-01-03,LM-ATM-019,Delancey Street,40.7188,-73.9885,clear,None,61,33,19
2024-01-03,LM-ATM-020,Pier 17,40.7058,-74.0027,clear,None,63,44,30
2024-01-04,LM-ATM-001,Battery Park,40.7033,-74.017,clear,None,54,34,19
2024-01-04,LM-ATM-002,Wall Street,40.7074,-74.0113,clear,None,83,21,10
2024-01-04,LM-ATM-003,Broad Street,40.7069,-74.0113,clear,None,102,21,15
2024-01-04,LM-ATM-004,Fulton Center,40.7103,-74.0076,clear,None,94,36,21
2024-01-04,LM-ATM-005,South Street Seaport,40.7069,-74.003,clear,None,56,37,24
2024-01-04,LM-ATM-006,Tribeca,40.7163,-74.0086,clear,None,59,21,11
2024-01-04,LM-ATM-007,City Hall,40.7128,-74.0059,clear,None,61,27,14
2024-01-04,LM-ATM-008,Chinatown,40.7158,-73.9973,clear,None,56,32,15
2024-01-04,LM-ATM-009,Little Italy,40.7191,-73.9973,clear,None,58,36,20
2024-01-04,LM-ATM-010,SoHo Broadway,40.7233,-74.002,clear,None,57,39,27
2024-01-04,LM-ATM-011,NoLiTa,40.7228,-73.9973,clear,None,46,26,15
2024-01-04,LM-ATM-012,Canal Street,40.719,-74.002,clear,None,74,36,22
2024-01-04,LM-ATM-013,World Trade Center,40.7116,-74.013,clear,None,107,28,19
2024-01-04,LM-ATM-014,Brookfield Place,40.7127,-74.0155,clear,None,93,29,20
2024-01-04,LM-ATM-015,Bowling Green,40.7047,-74.0141,clear,None,71,31,17
2024-01-04,LM-ATM-016,Staten Ferry Terminal,40.7013,-74.0132,clear,None,64,45,28
2024-01-04,LM-ATM-017,Essex Market,40.7193,-73.9874,clear,None,48,26,13
2024-01-04,LM-ATM-018,Houston Street,40.7282,-74.005,clear,None,51,31,19
2024-01-04,LM-ATM-019,Delancey Street,40.7188,-73.9885,clear,None,65,38,19
2024-01-04,LM-ATM-020,Pier 17,40.7058,-74.0027,clear,None,51,35,25
2024-01-05,LM-ATM-001,Battery Park,40.7033,-74.017,clear,None,68,44,24
2024-01-05,LM-ATM-002,Wall Street,40.7074,-74.0113,clear,None,93,22,12
2024-01-05,LM-ATM-003,Broad Street,40.7069,-74.0113,clear,None,100,24,11
2024-01-05,LM-ATM-004,Fulton Center,40.7103,-74.0076,clear,None,99,39,27
2024-01-05,LM-ATM-005,South Street Seaport,40.7069,-74.003,clear,None,52,31,21
2024-01-05,LM-ATM-006,Tribeca,40.7163,-74.0086,clear,None,66,22,12
2024-01-05,LM-ATM-007,City Hall,40.7128,-74.0059,clear,None,66,25,14
2024-01-05,LM-ATM-008,Chinatown,40.7158,-73.9973,clear,None,71,29,19
2024-01-05,LM-ATM-009,Little Italy,40.7191,-73.9973,clear,None,46,26,19
2024-01-05,LM-ATM-010,SoHo Broadway,40.7233,-74.002,clear,None,52,39,25
2024-01-05,LM-ATM-011,NoLiTa,40.7228,-73.9973,clear,None,59,33,19
2024-01-05,LM-ATM-012,Canal Street,40.719,-74.002,clear,None,63,37,21
2024-01-05,LM-ATM-013,World Trade Center,40.7116,-74.013,clear,None,102,37,23
2024-01-05,LM-ATM-014,Brookfield Place,40.7127,-74.0155,clear,None,93,31,19
2024-01-05,LM-ATM-015,Bowling Green,40.7047,-74.0141,clear,None,87,36,20
2024-01-05,LM-ATM-016,Staten Ferry Terminal,40.7013,-74.0132,clear,None,67,42,27
2024-01-05,LM-ATM-017,Essex Market,40.7193,-73.9874,clear,None,58,29,14
2024-01-05,LM-ATM-018,Houston Street,40.7282,-74.005,clear,None,66,35,23
2024-01-05,LM-ATM-019,Delancey Street,40.7188,-73.9885,clear,None,76,40,25
2024-01-05,LM-ATM-020,Pier 17,40.7058,-74.0027,clear,None,47,40,22
2024-01-06,LM-ATM-001,Battery Park,40.7033,-74.017,rain,None,39,32,17
2024-01-06,LM-ATM-002,Wall Street,40.7074,-74.0113,rain,None,70,20,9
2024-01-06,LM-ATM-003,Broad Street,40.7069,-74.0113,rain,None,58,20,9
2024-01-06,LM-ATM-004,Fulton Center,40.7103,-74.0076,rain,None,68,33,17
2024-01-06,LM-ATM-005,South Street Seaport,40.7069,-74.003,rain,None,60,44,29
2024-01-06,LM-ATM-006,Tribeca,40.7163,-74.0086,rain,None,65,37,14
2024-01-06,LM-ATM-007,City Hall,40.7128,-74.0059,rain,None,59,31,14
2024-01-06,LM-ATM-008,Chinatown,40.7158,-73.9973,rain,None,58,36,19
2024-01-06,LM-ATM-009,Little Italy,40.7191,-73.9973,rain,None,46,31,20
2024-01-06,LM-ATM-010,SoHo Broadway,40.7233,-74.002,rain,None,60,53,31
2024-01-06,LM-ATM-011,NoLiTa,40.7228,-73.9973,rain,None,51,36,20
2024-01-06,LM-ATM-012,Canal Street,40.719,-74.002,rain,None,67,41,24
2024-01-06,LM-ATM-013,World Trade Center,40.7116,-74.013,rain,None,64,28,15
2024-01-06,LM-ATM-014,Brookfield Place,40.7127,-74.0155,rain,None,68,29,15
2024-01-06,LM-ATM-015,Bowling Green,40.7047,-74.0141,rain,None,60,27,16
2024-01-06,LM-ATM-016,Staten Ferry Terminal,40.7013,-74.0132,rain,None,49,38,21
2024-01-06,LM-ATM-017,Essex Market,40.7193,-73.9874,rain,None,38,22,11
2024-01-06,LM-ATM-018,Houston Street,40.7282,-74.005,rain,None,45,29,19
2024-01-06,LM-ATM-019,Delancey Street,40.7188,-73.9885,rain,None,41,27,16
2024-01-06,LM-ATM-020,Pier 17,40.7058,-74.0027,rain,None,34,29,18
2024-01-07,LM-ATM-001,Battery Park,40.7033,-74.017,cloudy,None,52,35,22
2024-01-07,LM-ATM-002,Wall Street,40.7074,-74.0113,cloudy,None,81,28,12
2024-01-07,LM-ATM-003,Broad Street,40.7069,-74.0113,cloudy,None,68,24,9
2024-01-07,LM-ATM-004,Fulton Center,40.7103,-74.0076,cloudy,None,75,31,21
2024-01-07,LM-ATM-005,South Street Seaport,40.7069,-74.003,cloudy,None,49,44,27
2024-01-07,LM-ATM-006,Tribeca,40.7163,-74.0086,cloudy,None,68,31,15
2024-01-07,LM-ATM-007,City Hall,40.7128,-74.0059,cloudy,None,51,25,13
2024-01-07,LM-ATM-008,Chinatown,40.7158,-73.9973,cloudy,None,63,29,21
2024-01-07,LM-ATM-009,Little Italy,40.7191,-73.9973,cloudy,None,59,41,24
2024-01-07,LM-ATM-010,SoHo Broadway,40.7233,-74.002,cloudy,None,68,56,35
2024-01-07,LM-ATM-011,NoLiTa,40.7228,-73.9973,cloudy,None,41,31,19
2024-01-07,LM-ATM-012,Canal Street,40.719,-74.002,cloudy,None,65,42,23
2024-01-07,LM-ATM-013,World Trade Center,40.7116,-74.013,cloudy,None,74,34,16
2024-01-07,LM-ATM-014,Brookfield Place,40.7127,-74.0155,cloudy,None,87,36,19
2024-01-07,LM-ATM-015,Bowling Green,40.7047,-74.0141,cloudy,None,60,36,17
2024-01-07,LM-ATM-016,Staten Ferry Terminal,40.7013,-74.0132,cloudy,None,70,60,34
2024-01-07,LM-ATM-017,Essex Market,40.7193,-73.9874,cloudy,None,52,33,19
2024-01-07,LM-ATM-018,Houston Street,40.7282,-74.005,cloudy,None,51,38,18
2024-01-07,LM-ATM-019,Delancey Street,40.7188,-73.9885,cloudy,None,60,36,19
2024-01-07,LM-ATM-020,Pier 17,40.7058,-74.0027,cloudy,None,43,32,22
2024-01-08,LM-ATM-001,Battery Park,40.7033,-74.017,cloudy,None,54,36,20
2024-01-08,LM-ATM-002,Wall Street,40.7074,-74.0113,cloudy,None,101,23,12
2024-01-08,LM-ATM-003,Broad Street,40.7069,-74.0113,cloudy,None,75,27,10
2024-01-08,LM-ATM-004,Fulton Center,40.7103,-74.0076,cloudy,None,77,33,18
2024-01-08,LM-ATM-005,South Street Seaport,40.7069,-74.003,cloudy,None,59,42,24
2024-01-08,LM-ATM-006,Tribeca,40.7163,-74.0086,cloudy,None,61,23,13
2024-01-08,LM-ATM-007,City Hall,40.7128,-74.0059,cloudy,None,68,29,15
2024-01-08,LM-ATM-008,Chinatown,40.7158,-73.9973,cloudy,None,56,26,16
2024-01-08,LM-ATM-009,Little Italy,40.7191,-73.9973,cloudy,None,62,39,23
2024-01-08,LM-ATM-010,SoHo Broadway,40.7233,-74.002,cloudy,None,58,43,25
2024-01-08,LM-ATM-011,NoLiTa,40.7228,-73.9973,cloudy,None,49,37,19
2024-01-08,LM-ATM-012,Canal Street,40.719,-74.002,cloudy,None,60,35,22
2024-01-08,LM-ATM-013,World Trade Center,40.7116,-74.013,cloudy,None,94,30,19
2024-01-08,LM-ATM-014,Brookfield Place,40.7127,-74.0155,cloudy,None,105,40,23
2024-01-08,LM-ATM-015,Bowling Green,40.7047,-74.0141,cloudy,None,57,25,14
2024-01-08,LM-ATM-016,Staten Ferry Terminal,40.7013,-74.0132,cloudy,None,43,30,20
2024-01-08,LM-ATM-017,Essex Market,40.7193,-73.9874,cloudy,None,41,21,10
2024-01-08,LM-ATM-018,Houston Street,40.7282,-74.005,cloudy,None,58,32,18
2024-01-08,LM-ATM-019,Delancey Street,40.7188,-73.9885,cloudy,None,66,33,19
2024-01-08,LM-ATM-020,Pier 17,40.7058,-74.0027,cloudy,None,49,45,28
2024-01-09,LM-ATM-001,Battery Park,40.7033,-74.017,snow,None,26,18,9
2024-01-09,LM-ATM-002,Wall Street,40.7074,-74.0113,snow,None,72,21,9
2024-01-09,LM-ATM-003,Broad Street,40.7069,-74.0113,snow,None,60,20,10
2024-01-09,LM-ATM-004,Fulton Center,40.7103,-74.0076,snow,None,74,37,21
2024-01-09,LM-ATM-005,South Street Seaport,40.7069,-74.003,snow,None,36,26,17
2024-01-09,LM-ATM-006,Tribeca,40.7163,-74.0086,snow,None,49,16,11
2024-01-09,LM-ATM-007,City Hall,40.7128,-74.0059,snow,None,51,24,11
2024-01-09,LM-ATM-008,Chinatown,40.7158,-73.9973,snow,None,48,29,14
2024-01-09,LM-ATM-009,Little Italy,40.7191,-73.9973,snow,None,49,35,22
2024-01-09,LM-ATM-010,SoHo Broadway,40.7233,-74.002,snow,None,42,33,22
2024-01-09,LM-ATM-011,NoLiTa,40.7228,-73.9973,snow,None,34,21,13
2024-01-09,LM-ATM-012,Canal Street,40.719,-74.002,snow,None,55,31,18
2024-01-09,LM-ATM-013,World Trade Center,40.7116,-74.013,snow,None,74,28,17
2024-01-09,LM-ATM-014,Brookfield Place,40.7127,-74.0155,snow,None,49,18,12
2024-01-09,LM-ATM-015,Bowling Green,40.7047,-74.0141,snow,None,54,26,14
2024-01-09,LM-ATM-016,Staten Ferry Terminal,40.7013,-74.0132,snow,None,29,19,12
2024-01-09,LM-ATM-017,Essex Market,40.7193,-73.9874,snow,None,43,23,14
2024-01-09,LM-ATM-018,Houston Street,40.7282,-74.005,snow,None,56,37,20
2024-01-09,LM-ATM-019,Delancey Street,40.7188,-73.9885,snow,None,36,23,12
2024-01-09,LM-ATM-020,Pier 17,40.7058,-74.0027,snow,None,41,35,21
2024-01-10,LM-ATM-001,Battery Park,40.7033,-74.017,clear,None,52,35,18
2024-01-10,LM-ATM-002,Wall Street,40.7074,-74.0113,clear,None,112,21,11
2024-01-10,LM-ATM-003,Broad Street,40.7069,-74.0113,clear,None,87,23,13
2024-01-10,LM-ATM-004,Fulton Center,40.7103,-74.0076,clear,None,116,45,23
2024-01-10,LM-ATM-005,South Street Seaport,40.7069,-74.003,clear,None,78,51,32
2024-01-10,LM-ATM-006,Tribeca,40.7163,-74.0086,clear,None,63,22,10
2024-01-10,LM-ATM-007,City Hall,40.7128,-74.0059,clear,None,80,23,14
2024-01-10,LM-ATM-008,Chinatown,40.7158,-73.9973,clear,None,66,30,17
2024-01-10,LM-ATM-009,Little Italy,40.7191,-73.9973,clear,None,49,27,18
2024-01-10,LM-ATM-010,SoHo Broadway,40.7233,-74.002,clear,None,70,46,31
2024-01-10,LM-ATM-011,NoLiTa,40.7228,-73.9973,clear,None,51,33,20
2024-01-10,LM-ATM-012,Canal Street,40.719,-74.002,clear,None,64,31,21
2024-01-10,LM-ATM-013,World Trade Center,40.7116,-74.013,clear,None,101,38,20
2024-01-10,LM-ATM-014,Brookfield Place,40.7127,-74.0155,clear,None,88,35,18
2024-01-10,LM-ATM-015,Bowling Green,40.7047,-74.0141,clear,None,86,39,22
2024-01-10,LM-ATM-016,Staten Ferry Terminal,40.7013,-74.0132,clear,None,61,40,23
2024-01-10,LM-ATM-017,Essex Market,40.7193,-73.9874,clear,None,64,36,19
2024-01-10,LM-ATM-018,Houston Street,40.7282,-74.005,clear,None,68,35,20
2024-01-10,LM-ATM-019,Delancey Street,40.7188,-73.9885,clear,None,60,28,16
2024-01-10,LM-ATM-020,Pier 17,40.7058,-74.0027,clear,None,61,48,32
2024-01-11,LM-ATM-001,Battery Park,40.7033,-74.017,cloudy,None,71,40,27
2024-01-11,LM-ATM-002,Wall Street,40.7074,-74.0113,cloudy,None,91,25,8
2024-01-11,LM-ATM-003,Broad Street,40.7069,-74.0113,cloudy,None,105,27,14
2024-01-11,LM-ATM-004,Fulton Center,40.7103,-74.0076,cloudy,None,92,39,22
2024-01-11,LM-ATM-005,South Street Seaport,40.7069,-74.003,cloudy,None,58,37,23
2024-01-11,LM-ATM-006,Tribeca,40.7163,-74.0086,cloudy,None,65,25,12
2024-01-11,LM-ATM-007,City Hall,40.7128,-74.0059,cloudy,None,75,26,12
2024-01-11,LM-ATM-008,Chinatown,40.7158,-73.9973,cloudy,None,79,41,21
2024-01-11,LM-ATM-009,Little Italy,40.7191,-73.9973,cloudy,None,43,28,16
2024-01-11,LM-ATM-010,SoHo Broadway,40.7233,-74.002,cloudy,None,57,38,23
2024-01-11,LM-ATM-011,NoLiTa,40.7228,-73.9973,cloudy,None,58,34,19
2024-01-11,LM-ATM-012,Canal Street,40.719,-74.002,cloudy,None,81,44,26
2024-01-11,LM-ATM-013,World Trade Center,40.7116,-74.013,cloudy,None,94,37,21
2024-01-11,LM-ATM-014,Brookfield Place,40.7127,-74.0155,cloudy,None,93,37,21
2024-01-11,LM-ATM-015,Bowling Green,40.7047,-74.0141,cloudy,None,85,31,18
2024-01-11,LM-ATM-016,Staten Ferry Terminal,40.7013,-74.0132,cloudy,None,57,38,25
2024-01-11,LM-ATM-017,Essex Market,40.7193,-73.9874,cloudy,None,62,29,18
2024-01-11,LM-ATM-018,Houston Street,40.7282,-74.005,cloudy,None,68,36,21
2024-01-11,LM-ATM-019,Delancey Street,40.7188,-73.9885,cloudy,None,49,26,16
2024-01-11,LM-ATM-020,Pier 17,40.7058,-74.0027,cloudy,None,46,36,23
2024-01-12,LM-ATM-001,Battery Park,40.7033,-74.017,clear,None,52,28,18
2024-01-12,LM-ATM-002,Wall Street,40.7074,-74.0113,clear,None,116,32,13
2024-01-12,LM-ATM-003,Broad Street,40.7069,-74.0113,clear,None,97,24,12
2024-01-12,LM-ATM-004,Fulton Center,40.7103,-74.0076,clear,None,118,45,26
2024-01-12,LM-ATM-005,South Street Seaport,40.7069,-74.003,clear,None,67,44,28
2024-01-12,LM-ATM-006,Tribeca,40.7163,-74.0086,clear,None,72,28,16
2024-01-12,LM-ATM-007,City Hall,40.7128,-74.0059,clear,None,78,32,18
2024-01-12,LM-ATM-008,Chinatown,40.7158,-73.9973,clear,None,81,41,25
2024-01-12,LM-ATM-009,Little Italy,40.7191,-73.9973,clear,None,60,32,20
2024-01-12,LM-ATM-010,SoHo Broadway,40.7233,-74.002,clear,None,70,51,35
2024-01-12,LM-ATM-011,NoLiTa,40.7228,-73.9973,clear,None,49,29,17
2024-01-12,LM-ATM-012,Canal Street,40.719,-74.002,clear,None,83,49,27
2024-01-12,LM-ATM-013,World Trade Center,40.7116,-74.013,clear,None,85,30,20
2024-01-12,LM-ATM-014,Brookfield Place,40.7127,-74.0155,clear,None,101,33,20
2024-01-12,LM-ATM-015,Bowling Green,40.7047,-74.0141,clear,None,58,26,14
2024-01-12,LM-ATM-016,Staten Ferry Terminal,40.7013,-74.0132,clear,None,67,39,27
2024-01-12,LM-ATM-017,Essex Market,40.7193,-73.9874,clear,None,53,25,16
2024-01-12,LM-ATM-018,Houston Street,40.7282,-74.005,clear,None,64,37,22
2024-01-12,LM-ATM-019,Delancey Street,40.7188,-73.9885,clear,None,64,34,19
2024-01-12,LM-ATM-020,Pier 17,40.7058,-74.0027,clear,None,63,39,27
2024-01-13,LM-ATM-001,Battery Park,40.7033,-74.017,rain,None,44,34,18
2024-01-13,LM-ATM-002,Wall Street,40.7074,-74.0113,rain,None,72,23,10
2024-01-13,LM-ATM-003,Broad Street,40.7069,-74.0113,rain,None,70,27,10
2024-01-13,LM-ATM-004,Fulton Center,40.7103,-74.0076,rain,None,61,34,17
2024-01-13,LM-ATM-005,South Street Seaport,40.7069,-74.003,rain,None,42,35,20
2024-01-13,LM-ATM-006,Tribeca,40.7163,-74.0086,rain,None,47,24,12
2024-01-13,LM-ATM-007,City Hall,40.7128,-74.0059,rain,None,62,23,15
2024-01-13,LM-ATM-008,Chinatown,40.7158,-73.9973,rain,None,59,32,18
2024-01-13,LM-ATM-009,Little Italy,40.7191,-73.9973,rain,None,50,35,22
2024-01-13,LM-ATM-010,SoHo Broadway,40.7233,-74.002,rain,None,39,33,21
2024-01-13,LM-ATM-011,NoLiTa,40.7228,-73.9973,rain,None,44,29,16
2024-01-13,LM-ATM-012,Canal Street,40.719,-74.002,rain,None,53,32,19
2024-01-13,LM-ATM-013,World Trade Center,40.7116,-74.013,rain,None,66,30,14
2024-01-13,LM-ATM-014,Brookfield Place,40.7127,-74.0155,rain,None,69,24,15
2024-01-13,LM-ATM-015,Bowling Green,40.7047,-74.0141,rain,None,47,27,12
2024-01-13,LM-ATM-016,Staten Ferry Terminal,40.7013,-74.0132,rain,None,46,34,20
2024-01-13,LM-ATM-017,Essex Market,40.7193,-73.9874,rain,None,47,26,14
2024-01-13,LM-ATM-018,Houston Street,40.7282,-74.005,rain,None,58,30,22
2024-01-13,LM-ATM-019,Delancey Street,40.7188,-73.9885,rain,None,55,38,20
2024-01-13,LM-ATM-020,Pier 17,40.7058,-74.0027,rain,None,47,43,26
2024-01-14,LM-ATM-001,Battery Park,40.7033,-74.017,clear,None,65,44,28
2024-01-14,LM-ATM-002,Wall Street,40.7074,-74.0113,clear,None,94,24,12
2024-01-14,LM-ATM-003,Broad Street,40.7069,-74.0113,clear,None,78,25,12
2024-01-14,LM-ATM-004,Fulton Center,40.7103,-74.0076,clear,None,79,33,19
2024-01-14,LM-ATM-005,South Street Seaport,40.7069,-74.003,clear,None,56,45,25
2024-01-14,LM-ATM-006,Tribeca,40.7163,-74.0086,clear,None,59,24,13
2024-01-14,LM-ATM-007,City Hall,40.7128,-74.0059,clear,None,64,29,14
2024-01-14,LM-ATM-008,Chinatown,40.7158,-73.9973,clear,None,50,31,17
2024-01-14,LM-ATM-009,Little Italy,40.7191,-73.9973,clear,None,47,37,23
2024-01-14,LM-ATM-010,SoHo Broadway,40.7233,-74.002,clear,None,76,60,40
2024-01-14,LM-ATM-011,NoLiTa,40.7228,-73.9973,clear,None,49,39,23
2024-01-14,LM-ATM-012,Canal Street,40.719,-74.002,clear,None,77,54,29
2024-01-14,LM-ATM-013,World Trade Center,40.7116,-74.013,clear,None,92,39,23
2024-01-14,LM-ATM-014,Brookfield Place,40.7127,-74.0155,clear,None,83,34,19
2024-01-14,LM-ATM-015,Bowling Green,40.7047,-74.0141,clear,None,66,32,18
2024-01-14,LM-ATM-016,Staten Ferry Terminal,40.7013,-74.0132,clear,None,63,47,30
2024-01-14,LM-ATM-017,Essex Market,40.7193,-73.9874,clear,None,55,35,17
2024-01-14,LM-ATM-018,Houston Street,40.7282,-74.005,clear,None,63,37,22
2024-01-14,LM-ATM-019,Delancey Street,40.7188,-73.9885,clear,None,57,38,21
2024-01-14,LM-ATM-020,Pier 17,40.7058,-74.0027,clear,None,52,45,28
2024-01-15,LM-ATM-001,Battery Park,40.7033,-74.017,cloudy,None,49,31,19
2024-01-15,LM-ATM-002,Wall Street,40.7074,-74.0113,cloudy,None,110,27,15
2024-01-15,LM-ATM-003,Broad Street,40.7069,-74.0113,cloudy,None,88,23,12
2024-01-15,LM-ATM-004,Fulton Center,40.7103,-74.0076,cloudy,None,94,46,23
2024-01-15,LM-ATM-005,South Street Seaport,40.7069,-74.003,cloudy,None,51,34,22
2024-01-15,LM-ATM-006,Tribeca,40.7163,-74.0086,cloudy,None,58,24,13
2024-01-15,LM-ATM-007,City Hall,40.7128,-74.0059,cloudy,None,68,29,14
2024-01-15,LM-ATM-008,Chinatown,40.7158,-73.9973,cloudy,None,80,42,20
2024-01-15,LM-ATM-009,Little Italy,40.7191,-73.9973,cloudy,None,56,33,22
2024-01-15,LM-ATM-010,SoHo Broadway,40.7233,-74.002,cloudy,None,52,37,22
2024-01-15,LM-ATM-011,NoLiTa,40.7228,-73.9973,cloudy,None,36,23,13
2024-01-15,LM-ATM-012,Canal Street,40.719,-74.002,cloudy,None,77,36,24
2024-01-15,LM-ATM-013,World Trade Center,40.7116,-74.013,cloudy,None,101,33,18
2024-01-15,LM-ATM-014,Brookfield Place,40.7127,-74.0155,cloudy,None,91,28,18
2024-01-15,LM-ATM-015,Bowling Green,40.7047,-74.0141,cloudy,None,70,24,15
2024-01-15,LM-ATM-016,Staten Ferry Terminal,40.7013,-74.0132,cloudy,None,61,40,21
2024-01-15,LM-ATM-017,Essex Market,40.7193,-73.9874,cloudy,None,50,26,14
2024-01-15,LM-ATM-018,Houston Street,40.7282,-74.005,cloudy,None,58,32,20
2024-01-15,LM-ATM-019,Delancey Street,40.7188,-73.9885,cloudy,None,59,34,19
2024-01-15,LM-ATM-020,Pier 17,40.7058,-74.0027,cloudy,None,61,44,30
2024-01-16,LM-ATM-001,Battery Park,40.7033,-74.017,rain,None,52,32,20
2024-01-16,LM-ATM-002,Wall Street,40.7074,-74.0113,rain,None,83,19,9
2024-01-16,LM-ATM-003,Broad Street,40.7069,-74.0113,rain,None,74,22,10
2024-01-16,LM-ATM-004,Fulton Center,40.7103,-74.0076,rain,None,74,24,19
2024-01-16,LM-ATM-005,South Street Seaport,40.7069,-74.003,rain,None,56,40,25
2024-01-16,LM-ATM-006,Tribeca,40.7163,-74.0086,rain,None,55,19,10
2024-01-16,LM-ATM-007,City Hall,40.7128,-74.0059,rain,None,52,20,10
2024-01-16,LM-ATM-008,Chinatown,40.7158,-73.9973,rain,None,48,25,16
2024-01-16,LM-ATM-009,Little Italy,40.7191,-73.9973,rain,None,38,24,17
2024-01-16,LM-ATM-010,SoHo Broadway,40.7233,-74.002,rain,None,52,33,23
2024-01-16,LM-ATM-011,NoLiTa,40.7228,-73.9973,rain,None,40,20,13
2024-01-16,LM-ATM-012,Canal Street,40.719,-74.002,rain,None,67,32,18
2024-01-16,LM-ATM-013,World Trade Center,40.7116,-74.013,rain,None,84,29,16
2024-01-16,LM-ATM-014,Brookfield Place,40.7127,-74.0155,rain,None,71,24,13
2024-01-16,LM-ATM-015,Bowling Green,40.7047,-74.0141,rain,None,46,18,10
2024-01-16,LM-ATM-016,Staten Ferry Terminal,40.7013,-74.0132,rain,None,43,29,17
2024-01-16,LM-ATM-017,Essex Market,40.7193,-73.9874,rain,None,51,26,15
2024-01-16,LM-ATM-018,Houston Street,40.7282,-74.005,rain,None,48,27,15
2024-01-16,LM-ATM-019,Delancey Street,40.7188,-73.9885,rain,None,48,23,12
2024-01-16,LM-ATM-020,Pier 17,40.7058,-74.0027,rain,None,42,32,20
2024-01-17,LM-ATM-001,Battery Park,40.7033,-74.017,clear,None,56,33,20
2024-01-17,LM-ATM-002,Wall Street,40.7074,-74.0113,clear,None,109,28,16
2024-01-17,LM-ATM-003,Broad Street,40.7069,-74.0113,clear,None,94,24,11
2024-01-17,LM-ATM-004,Fulton Center,40.7103,-74.0076,clear,None,148,49,31
2024-01-17,LM-ATM-005,South Street Seaport,40.7069,-74.003,clear,None,65,47,30
2024-01-17,LM-ATM-006,Tribeca,40.7163,-74.0086,clear,None,66,25,13
2024-01-17,LM-ATM-007,City Hall,40.7128,-74.0059,clear,None,89,33,20
2024-01-17,LM-ATM-008,Chinatown,40.7158,-73.9973,clear,None,78,39,20
2024-01-17,LM-ATM-009,Little Italy,40.7191,-73.9973,clear,None,68,34,24
2024-01-17,LM-ATM-010,SoHo Broadway,40.7233,-74.002,clear,None,72,44,31
2024-01-17,LM-ATM-011,NoLiTa,40.7228,-73.9973,clear,None,66,47,27
2024-01-17,LM-ATM-012,Canal Street,40.719,-74.002,clear,None,80,47,26
2024-01-17,LM-ATM-013,World Trade Center,40.7116,-74.013,clear,None,90,33,18
2024-01-17,LM-ATM-014,Brookfield Place,40.7127,-74.0155,clear,None,121,44,20
2024-01-17,LM-ATM-015,Bowling Green,40.7047,-74.0141,clear,None,74,28,18
2024-01-17,LM-ATM-016,Staten Ferry Terminal,40.7013,-74.0132,clear,None,58,37,25
2024-01-17,LM-ATM-017,Essex Market,40.7193,-73.9874,clear,None,62,30,17
2024-01-17,LM-ATM-018,Houston Street,40.7282,-74.005,clear,None,55,36,21
2024-01-17,LM-ATM-019,Delancey Street,40.7188,-73.9885,clear,None,50,25,16
2024-01-17,LM-ATM-020,Pier 17,40.7058,-74.0027,clear,None,60,44,29
2024-01-18,LM-ATM-001,Battery Park,40.7033,-74.017,snow,None,27,20,12
2024-01-18,LM-ATM-002,Wall Street,40.7074,-74.0113,snow,None,73,19,11
2024-01-18,LM-ATM-003,Broad Street,40.7069,-74.0113,snow,None,61,16,10
2024-01-18,LM-ATM-004,Fulton Center,40.7103,-74.0076,snow,None,73,36,21
2024-01-18,LM-ATM-005,South Street Seaport,40.7069,-74.003,snow,None,35,30,19
2024-01-18,LM-ATM-006,Tribeca,40.7163,-74.0086,snow,None,49,23,12
2024-01-18,LM-ATM-007,City Hall,40.7128,-74.0059,snow,None,56,26,12
2024-01-18,LM-ATM-008,Chinatown,40.7158,-73.9973,snow,None,51,28,15
2024-01-18,LM-ATM-009,Little Italy,40.7191,-73.9973,snow,None,42,26,17
2024-01-18,LM-ATM-010,SoHo Broadway,40.7233,-74.002,snow,None,47,34,23
2024-01-18,LM-ATM-011,NoLiTa,40.7228,-73.9973,snow,None,32,22,13
2024-01-18,LM-ATM-012,Canal Street,40.719,-74.002,snow,None,35,20,11
2024-01-18,LM-ATM-013,World Trade Center,40.7116,-74.013,snow,None,62,23,14
2024-01-18,LM-ATM-014,Brookfield Place,40.7127,-74.0155,snow,None,57,23,12
2024-01-18,LM-ATM-015,Bowling Green,40.7047,-74.0141,snow,None,59,23,14
2024-01-18,LM-ATM-016,Staten Ferry Terminal,40.7013,-74.0132,snow,None,41,31,20
2024-01-18,LM-ATM-017,Essex Market,40.7193,-73.9874,snow,None,58,30,20
2024-01-18,LM-ATM-018,Houston Street,40.7282,-74.005,snow,None,33,24,13
2024-01-18,LM-ATM-019,Delancey Street,40.7188,-73.9885,snow,None,40,28,15
2024-01-18,LM-ATM-020,Pier 17,40.7058,-74.0027,snow,None,29,27,17
2024-01-19,LM-ATM-001,Battery Park,40.7033,-74.017,rain,None,56,36,19
2024-01-19,LM-ATM-002,Wall Street,40.7074,-74.0113,rain,None,68,16,7
2024-01-19,LM-ATM-003,Broad Street,40.7069,-74.0113,rain,None,70,19,9
2024-01-19,LM-ATM-004,Fulton Center,40.7103,-74.0076,rain,None,73,29,15
2024-01-19,LM-ATM-005,South Street Seaport,40.7069,-74.003,rain,None,43,30,19
2024-01-19,LM-ATM-006,Tribeca,40.7163,-74.0086,rain,None,51,22,11
2024-01-19,LM-ATM-007,City Hall,40.7128,-74.0059,rain,None,59,21,12
2024-01-19,LM-ATM-008,Chinatown,40.7158,-73.9973,rain,None,50,25,16
2024-01-19,LM-ATM-009,Little Italy,40.7191,-73.9973,rain,None,35,24,13
2024-01-19,LM-ATM-010,SoHo Broadway,40.7233,-74.002,rain,None,67,41,29
2024-01-19,LM-ATM-011,NoLiTa,40.7228,-73.9973,rain,None,48,27,17
2024-01-19,LM-ATM-012,Canal Street,40.719,-74.002,rain,None,55,24,16
2024-01-19,LM-ATM-013,World Trade Center,40.7116,-74.013,rain,None,74,24,15
2024-01-19,LM-ATM-014,Brookfield Place,40.7127,-74.0155,rain,None,73,27,13
2024-01-19,LM-ATM-015,Bowling Green,40.7047,-74.0141,rain,None,82,32,18
2024-01-19,LM-ATM-016,Staten Ferry Terminal,40.7013,-74.0132,rain,None,49,38,22
2024-01-19,LM-ATM-017,Essex Market,40.7193,-73.9874,rain,None,51,24,14
2024-01-19,LM-ATM-018,Houston Street,40.7282,-74.005,rain,None,38,22,15
2024-01-19,LM-ATM-019,Delancey Street,40.7188,-73.9885,rain,None,51,23,14
2024-01-19,LM-ATM-020,Pier 17,40.7058,-74.0027,rain,None,42,27,19
2024-01-20,LM-ATM-001,Battery Park,40.7033,-74.017,cloudy,None,40,29,17
2024-01-20,LM-ATM-002,Wall Street,40.7074,-74.0113,cloudy,None,86,25,10
2024-01-20,LM-ATM-003,Broad Street,40.7069,-74.0113,cloudy,None,85,28,13
2024-01-20,LM-ATM-004,Fulton Center,40.7103,-74.0076,cloudy,None,94,42,26
2024-01-20,LM-ATM-005,South Street Seaport,40.7069,-74.003,cloudy,None,51,42,25
2024-01-20,LM-ATM-006,Tribeca,40.7163,-74.0086,cloudy,None,57,27,13
2024-01-20,LM-ATM-007,City Hall,40.7128,-74.0059,cloudy,None,68,33,16
2024-01-20,LM-ATM-008,Chinatown,40.7158,-73.9973,cloudy,None,60,32,18
2024-01-20,LM-ATM-009,Little Italy,40.7191,-73.9973,cloudy,None,43,29,17
2024-01-20,LM-ATM-010,SoHo Broadway,40.7233,-74.002,cloudy,None,59,45,31
2024-01-20,LM-ATM-011,NoLiTa,40.7228,-73.9973,cloudy,None,39,28,15
2024-01-20,LM-ATM-012,Canal Street,40.719,-74.002,cloudy,None,80,50,30
2024-01-20,LM-ATM-013,World Trade Center,40.7116,-74.013,cloudy,None,84,26,19
2024-01-20,LM-ATM-014,Brookfield Place,40.7127,-74.0155,cloudy,None,85,34,19
2024-01-20,LM-ATM-015,Bowling Green,40.7047,-74.0141,cloudy,None,69,39,18
2024-01-20,LM-ATM-016,Staten Ferry Terminal,40.7013,-74.0132,cloudy,None,52,38,22
2024-01-20,LM-ATM-017,Essex Market,40.7193,-73.9874,cloudy,None,52,31,18
2024-01-20,LM-ATM-018,Houston Street,40.7282,-74.005,cloudy,None,53,34,18
2024-01-20,LM-ATM-019,Delancey Street,40.7188,-73.9885,cloudy,None,57,36,19
2024-01-20,LM-ATM-020,Pier 17,40.7058,-74.0027,cloudy,None,52,47,31
2024-01-21,LM-ATM-001,Battery Park,40.7033,-74.017,cloudy,None,54,40,21
2024-01-21,LM-ATM-002,Wall Street,40.7074,-74.0113,cloudy,None,66,24,9
2024-01-21,LM-ATM-003,Broad Street,40.7069,-74.0113,cloudy,None,72,23,11
2024-01-21,LM-ATM-004,Fulton Center,40.7103,-74.0076,cloudy,None,75,39,23
2024-01-21,LM-ATM-005,South Street Seaport,40.7069,-74.003,cloudy,None,57,47,27
2024-01-21,LM-ATM-006,Tribeca,40.7163,-74.0086,cloudy,None,63,26,14
2024-01-21,LM-ATM-007,City Hall,40.7128,-74.0059,cloudy,None,61,27,13
2024-01-21,LM-ATM-008,Chinatown,40.7158,-73.9973,cloudy,None,69,41,26
2024-01-21,LM-ATM-009,Little Italy,40.7191,-73.9973,cloudy,None,53,36,21
2024-01-21,LM-ATM-010,SoHo Broadway,40.7233,-74.002,cloudy,None,60,51,33
2024-01-21,LM-ATM-011,NoLiTa,40.7228,-73.9973,cloudy,None,46,32,18
2024-01-21,LM-ATM-012,Canal Street,40.719,-74.002,cloudy,None,66,45,24
2024-01-21,LM-ATM-013,World Trade Center,40.7116,-74.013,cloudy,None,70,29,16
2024-01-21,LM-ATM-014,Brookfield Place,40.7127,-74.0155,cloudy,None,77,31,18
2024-01-21,LM-ATM-015,Bowling Green,40.7047,-74.0141,cloudy,None,59,27,16
2024-01-21,LM-ATM-016,Staten Ferry Terminal,40.7013,-74.0132,cloudy,None,59,41,29
2024-01-21,LM-ATM-017,Essex Market,40.7193,-73.9874,cloudy,None,66,37,21
2024-01-21,LM-ATM-018,Houston Street,40.7282,-74.005,cloudy,None,55,36,23
2024-01-21,LM-ATM-019,Delancey Street,40.7188,-73.9885,cloudy,None,62,38,18
2024-01-21,LM-ATM-020,Pier 17,40.7058,-74.0027,cloudy,None,64,53,35
2024-01-22,LM-ATM-001,Battery Park,40.7033,-74.017,cloudy,None,58,37,22
2024-01-22,LM-ATM-002,Wall Street,40.7074,-74.0113,cloudy,None,120,29,13
2024-01-22,LM-ATM-003,Broad Street,40.7069,-74.0113,cloudy,None,86,23,10
2024-01-22,LM-ATM-004,Fulton Center,40.7103,-74.0076,cloudy,None,74,29,17
2024-01-22,LM-ATM-005,South Street Seaport,40.7069,-74.003,cloudy,None,56,37,25
2024-01-22,LM-ATM-006,Tribeca,40.7163,-74.0086,cloudy,None,66,23,11
2024-01-22,LM-ATM-007,City Hall,40.7128,-74.0059,cloudy,None,54,23,13
2024-01-22,LM-ATM-008,Chinatown,40.7158,-73.9973,cloudy,None,55,34,18
2024-01-22,LM-ATM-009,Little Italy,40.7191,-73.9973,cloudy,None,54,32,18
2024-01-22,LM-ATM-010,SoHo Broadway,40.7233,-74.002,cloudy,None,51,34,24
2024-01-22,LM-ATM-011,NoLiTa,40.7228,-73.9973,cloudy,None,44,25,13
2024-01-22,LM-ATM-012,Canal Street,40.719,-74.002,cloudy,None,68,35,21
2024-01-22,LM-ATM-013,World Trade Center,40.7116,-74.013,cloudy,None,98,36,17
2024-01-22,LM-ATM-014,Brookfield Place,40.7127,-74.0155,cloudy,None,87,31,16
2024-01-22,LM-ATM-015,Bowling Green,40.7047,-74.0141,cloudy,None,62,23,14
2024-01-22,LM-ATM-016,Staten Ferry Terminal,40.7013,-74.0132,cloudy,None,43,26,16
2024-01-22,LM-ATM-017,Essex Market,40.7193,-73.9874,cloudy,None,70,35,19
2024-01-22,LM-ATM-018,Houston Street,40.7282,-74.005,cloudy,None,69,38,24
2024-01-22,LM-ATM-019,Delancey Street,40.7188,-73.9885,cloudy,None,58,33,17
2024-01-22,LM-ATM-020,Pier 17,40.7058,-74.0027,cloudy,None,44,33,21
2024-01-23,LM-ATM-001,Battery Park,40.7033,-74.017,cloudy,None,43,28,16
2024-01-23,LM-ATM-002,Wall Street,40.7074,-74.0113,cloudy,None,99,25,11
2024-01-23,LM-ATM-003,Broad Street,40.7069,-74.0113,cloudy,None,78,20,10
2024-01-23,LM-ATM-004,Fulton Center,40.7103,-74.0076,cloudy,None,72,27,16
2024-01-23,LM-ATM-005,South Street Seaport,40.7069,-74.003,cloudy,None,56,36,25
2024-01-23,LM-ATM-006,Tribeca,40.7163,-74.0086,cloudy,None,53,19,12
2024-01-23,LM-ATM-007,City Hall,40.7128,-74.0059,cloudy,None,78,26,14
2024-01-23,LM-ATM-008,Chinatown,40.7158,-73.9973,cloudy,None,59,31,18
2024-01-23,LM-ATM-009,Little Italy,40.7191,-73.9973,cloudy,None,42,24,16
2024-01-23,LM-ATM-010,SoHo Broadway,40.7233,-74.002,cloudy,None,66,47,29
2024-01-23,LM-ATM-011,NoLiTa,40.7228,-73.9973,cloudy,None,61,35,22
2024-01-23,LM-ATM-012,Canal Street,40.719,-74.002,cloudy,None,81,38,22
2024-01-23,LM-ATM-013,World Trade Center,40.7116,-74.013,cloudy,None,94,28,20
2024-01-23,LM-ATM-014,Brookfield Place,40.7127,-74.0155,cloudy,None,106,31,20
2024-01-23,LM-ATM-015,Bowling Green,40.7047,-74.0141,cloudy,None,90,34,19
2024-01-23,LM-ATM-016,Staten Ferry Terminal,40.7013,-74.0132,cloudy,None,48,30,18
2024-01-23,LM-ATM-017,Essex Market,40.7193,-73.9874,cloudy,None,57,27,15
2024-01-23,LM-ATM-018,Houston Street,40.7282,-74.005,cloudy,None,45,27,17
2024-01-23,LM-ATM-019,Delancey Street,40.7188,-73.9885,cloudy,None,46,24,14
2024-01-23,LM-ATM-020,Pier 17,40.7058,-74.0027,cloudy,None,49,38,24
2024-01-24,LM-ATM-001,Battery Park,40.7033,-74.017,cloudy,None,64,39,23
2024-01-24,LM-ATM-002,Wall Street,40.7074,-74.0113,cloudy,None,94,21,12
2024-01-24,LM-ATM-003,Broad Street,40.7069,-74.0113,cloudy,None,103,27,13
2024-01-24,LM-ATM-004,Fulton Center,40.7103,-74.0076,cloudy,None,63,26,15
2024-01-24,LM-ATM-005,South Street Seaport,40.7069,-74.003,cloudy,None,68,38,27
2024-01-24,LM-ATM-006,Tribeca,40.7163,-74.0086,cloudy,None,59,23,12
2024-01-24,LM-ATM-007,City Hall,40.7128,-74.0059,cloudy,None,70,26,14
2024-01-24,LM-ATM-008,Chinatown,40.7158,-73.9973,cloudy,None,57,30,14
2024-01-24,LM-ATM-009,Little Italy,40.7191,-73.9973,cloudy,None,44,30,17
2024-01-24,LM-ATM-010,SoHo Broadway,40.7233,-74.002,cloudy,None,42,34,22
2024-01-24,LM-ATM-011,NoLiTa,40.7228,-73.9973,cloudy,None,44,23,15
2024-01-24,LM-ATM-012,Canal Street,40.719,-74.002,cloudy,None,70,34,21
2024-01-24,LM-ATM-013,World Trade Center,40.7116,-74.013,cloudy,None,90,28,19
2024-01-24,LM-ATM-014,Brookfield Place,40.7127,-74.0155,cloudy,None,107,37,19
2024-01-24,LM-ATM-015,Bowling Green,40.7047,-74.0141,cloudy,None,60,25,13
2024-01-24,LM-ATM-016,Staten Ferry Terminal,40.7013,-74.0132,cloudy,None,59,37,22
2024-01-24,LM-ATM-017,Essex Market,40.7193,-73.9874,cloudy,None,56,29,16
2024-01-24,LM-ATM-018,Houston Street,40.7282,-74.005,cloudy,None,41,22,11
2024-01-24,LM-ATM-019,Delancey Street,40.7188,-73.9885,cloudy,None,49,28,14
2024-01-24,LM-ATM-020,Pier 17,40.7058,-74.0027,cloudy,None,45,39,23
2024-01-25,LM-ATM-001,Battery Park,40.7033,-74.017,clear,None,61,36,22
2024-01-25,LM-ATM-002,Wall Street,40.7074,-74.0113,clear,None,105,28,10
2024-01-25,LM-ATM-003,Broad Street,40.7069,-74.0113,clear,None,117,30,15
2024-01-25,LM-ATM-004,Fulton Center,40.7103,-74.0076,clear,None,93,37,23
2024-01-25,LM-ATM-005,South Street Seaport,40.7069,-74.003,clear,None,66,41,27
2024-01-25,LM-ATM-006,Tribeca,40.7163,-74.0086,clear,None,56,23,11
2024-01-25,LM-ATM-007,City Hall,40.7128,-74.0059,clear,None,77,30,17
2024-01-25,LM-ATM-008,Chinatown,40.7158,-73.9973,clear,None,65,34,21
2024-01-25,LM-ATM-009,Little Italy,40.7191,-73.9973,clear,None,62,36,22
2024-01-25,LM-ATM-010,SoHo Broadway,40.7233,-74.002,clear,None,58,41,28
2024-01-25,LM-ATM-011,NoLiTa,40.7228,-73.9973,clear,None,41,26,16
2024-01-25,LM-ATM-012,Canal Street,40.719,-74.002,clear,None,72,33,21
2024-01-25,LM-ATM-013,World Trade Center,40.7116,-74.013,clear,None,91,33,17
2024-01-25,LM-ATM-014,Brookfield Place,40.7127,-74.0155,clear,None,108,32,21
2024-01-25,LM-ATM-015,Bowling Green,40.7047,-74.0141,clear,None,82,31,22
2024-01-25,LM-ATM-016,Staten Ferry Terminal,40.7013,-74.0132,clear,None,64,40,27
2024-01-25,LM-ATM-017,Essex Market,40.7193,-73.9874,clear,None,63,30,18
2024-01-25,LM-ATM-018,Houston Street,40.7282,-74.005,clear,None,58,32,18
2024-01-25,LM-ATM-019,Delancey Street,40.7188,-73.9885,clear,None,52,30,16
2024-01-25,LM-ATM-020,Pier 17,40.7058,-74.0027,clear,None,43,32,20
2024-01-26,LM-ATM-001,Battery Park,40.7033,-74.017,clear,None,62,40,22
2024-01-26,LM-ATM-002,Wall Street,40.7074,-74.0113,clear,None,101,21,13
2024-01-26,LM-ATM-003,Broad Street,40.7069,-74.0113,clear,None,82,20,12
2024-01-26,LM-ATM-004,Fulton Center,40.7103,-74.0076,clear,None,77,33,20
2024-01-26,LM-ATM-005,South Street Seaport,40.7069,-74.003,clear,None,52,37,24
2024-01-26,LM-ATM-006,Tribeca,40.7163,-74.0086,clear,None,80,30,16
2024-01-26,LM-ATM-007,City Hall,40.7128,-74.0059,clear,None,84,36,19
2024-01-26,LM-ATM-008,Chinatown,40.7158,-73.9973,clear,None,89,35,22
2024-01-26,LM-ATM-009,Little Italy,40.7191,-73.9973,clear,None,72,46,23
2024-01-26,LM-ATM-010,SoHo Broadway,40.7233,-74.002,clear,None,63,38,27
2024-01-26,LM-ATM-011,NoLiTa,40.7228,-73.9973,clear,None,62,39,23
2024-01-26,LM-ATM-012,Canal Street,40.719,-74.002,clear,None,75,38,23
2024-01-26,LM-ATM-013,World Trade Center,40.7116,-74.013,clear,None,106,38,21
2024-01-26,LM-ATM-014,Brookfield Place,40.7127,-74.0155,clear,None,115,38,18
2024-01-26,LM-ATM-015,Bowling Green,40.7047,-74.0141,clear,None,63,28,14
2024-01-26,LM-ATM-016,Staten Ferry Terminal,40.7013,-74.0132,clear,None,71,43,30
2024-01-26,LM-ATM-017,Essex Market,40.7193,-73.9874,clear,None,83,42,22
2024-01-26,LM-ATM-018,Houston Street,40.7282,-74.005,clear,None,63,36,20
2024-01-26,LM-ATM-019,Delancey Street,40.7188,-73.9885,clear,None,89,46,28
2024-01-26,LM-ATM-020,Pier 17,40.7058,-74.0027,clear,None,60,45,32
2024-01-27,LM-ATM-001,Battery Park,40.7033,-74.017,clear,None,46,34,23
2024-01-27,LM-ATM-002,Wall Street,40.7074,-74.0113,clear,None,80,23,12
2024-01-27,LM-ATM-003,Broad Street,40.7069,-74.0113,clear,None,94,27,15
2024-01-27,LM-ATM-004,Fulton Center,40.7103,-74.0076,clear,None,82,40,23
2024-01-27,LM-ATM-005,South Street Seaport,40.7069,-74.003,clear,None,68,54,31
2024-01-27,LM-ATM-006,Tribeca,40.7163,-74.0086,clear,None,56,24,13
2024-01-27,LM-ATM-007,City Hall,40.7128,-74.0059,clear,None,58,27,14
2024-01-27,LM-ATM-008,Chinatown,40.7158,-73.9973,clear,None,60,41,19
2024-01-27,LM-ATM-009,Little Italy,40.7191,-73.9973,clear,None,61,41,25
2024-01-27,LM-ATM-010,SoHo Broadway,40.7233,-74.002,clear,None,66,56,35
2024-01-27,LM-ATM-011,NoLiTa,40.7228,-73.9973,clear,None,47,35,21
2024-01-27,LM-ATM-012,Canal Street,40.719,-74.002,clear,None,54,31,20
2024-01-27,LM-ATM-013,World Trade Center,40.7116,-74.013,clear,None,94,38,20
2024-01-27,LM-ATM-014,Brookfield Place,40.7127,-74.0155,clear,None,72,31,16
2024-01-27,LM-ATM-015,Bowling Green,40.7047,-74.0141,clear,None,73,37,17
2024-01-27,LM-ATM-016,Staten Ferry Terminal,40.7013,-74.0132,clear,None,56,37,24
2024-01-27,LM-ATM-017,Essex Market,40.7193,-73.9874,clear,None,54,34,19
2024-01-27,LM-ATM-018,Houston Street,40.7282,-74.005,clear,None,56,35,23
2024-01-27,LM-ATM-019,Delancey Street,40.7188,-73.9885,clear,None,48,30,16
2024-01-27,LM-ATM-020,Pier 17,40.7058,-74.0027,clear,None,64,47,31
2024-01-28,LM-ATM-001,Battery Park,40.7033,-74.017,clear,None,54,39,25
2024-01-28,LM-ATM-002,Wall Street,40.7074,-74.0113,clear,None,79,26,11
2024-01-28,LM-ATM-003,Broad Street,40.7069,-74.0113,clear,None,78,27,11
2024-01-28,LM-ATM-004,Fulton Center,40.7103,-74.0076,clear,None,85,44,26
2024-01-28,LM-ATM-005,South Street Seaport,40.7069,-74.003,clear,None,64,50,30
2024-01-28,LM-ATM-006,Tribeca,40.7163,-74.0086,clear,None,65,30,16
2024-01-28,LM-ATM-007,City Hall,40.7128,-74.0059,clear,None,49,22,11
2024-01-28,LM-ATM-008,Chinatown,40.7158,-73.9973,clear,None,50,32,17
2024-01-28,LM-ATM-009,Little Italy,40.7191,-73.9973,clear,None,55,38,22
2024-01-28,LM-ATM-010,SoHo Broadway,40.7233,-74.002,clear,None,65,54,35
2024-01-28,LM-ATM-011,NoLiTa,40.7228,-73.9973,clear,None,50,39,20
2024-01-28,LM-ATM-012,Canal Street,40.719,-74.002,clear,None,63,38,25
2024-01-28,LM-ATM-013,World Trade Center,40.7116,-74.013,clear,None,79,36,20
2024-01-28,LM-ATM-014,Brookfield Place,40.7127,-74.0155,clear,None,80,29,20
2024-01-28,LM-ATM-015,Bowling Green,40.7047,-74.0141,clear,None,67,29,16
2024-01-28,LM-ATM-016,Staten Ferry Terminal,40.7013,-74.0132,clear,None,56,45,26
2024-01-28,LM-ATM-017,Essex Market,40.7193,-73.9874,clear,None,46,25,14
2024-01-28,LM-ATM-018,Houston Street,40.7282,-74.005,clear,None,62,41,28
2024-01-28,LM-ATM-019,Delancey Street,40.7188,-73.9885,clear,None,55,33,20
2024-01-28,LM-ATM-020,Pier 17,40.7058,-74.0027,clear,None,54,49,28
2024-01-29,LM-ATM-001,Battery Park,40.7033,-74.017,clear,None,55,35,19
2024-01-29,LM-ATM-002,Wall Street,40.7074,-74.0113,clear,None,106,22,13
2024-01-29,LM-ATM-003,Broad Street,40.7069,-74.0113,clear,None,88,23,12
2024-01-29,LM-ATM-004,Fulton Center,40.7103,-74.0076,clear,None,105,40,25
2024-01-29,LM-ATM-005,South Street Seaport,40.7069,-74.003,clear,None,68,45,26
2024-01-29,LM-ATM-006,Tribeca,40.7163,-74.0086,clear,None,56,24,12
2024-01-29,LM-ATM-007,City Hall,40.7128,-74.0059,clear,None,71,31,18
2024-01-29,LM-ATM-008,Chinatown,40.7158,-73.9973,clear,None,72,37,23
2024-01-29,LM-ATM-009,Little Italy,40.7191,-73.9973,clear,None,63,39,23
2024-01-29,LM-ATM-010,SoHo Broadway,40.7233,-74.002,clear,None,61,53,30
2024-01-29,LM-ATM-011,NoLiTa,40.7228,-73.9973,clear,None,55,36,19
2024-01-29,LM-ATM-012,Canal Street,40.719,-74.002,clear,None,66,33,21
2024-01-29,LM-ATM-013,World Trade Center,40.7116,-74.013,clear,None,121,38,23
2024-01-29,LM-ATM-014,Brookfield Place,40.7127,-74.0155,clear,None,87,33,19
2024-01-29,LM-ATM-015,Bowling Green,40.7047,-74.0141,clear,None,72,29,18
2024-01-29,LM-ATM-016,Staten Ferry Terminal,40.7013,-74.0132,clear,None,54,38,23
2024-01-29,LM-ATM-017,Essex Market,40.7193,-73.9874,clear,None,55,29,17
2024-01-29,LM-ATM-018,Houston Street,40.7282,-74.005,clear,None,60,32,20
2024-01-29,LM-ATM-019,Delancey Street,40.7188,-73.9885,clear,None,48,27,16
2024-01-29,LM-ATM-020,Pier 17,40.7058,-74.0027,clear,None,49,34,23
2024-01-30,LM-ATM-001,Battery Park,40.7033,-74.017,clear,None,63,37,20
2024-01-30,LM-ATM-002,Wall Street,40.7074,-74.0113,clear,None,113,29,15
2024-01-30,LM-ATM-003,Broad Street,40.7069,-74.0113,clear,None,125,32,13
2024-01-30,LM-ATM-004,Fulton Center,40.7103,-74.0076,clear,None,82,43,23
2024-01-30,LM-ATM-005,South Street Seaport,40.7069,-74.003,clear,None,60,37,24
2024-01-30,LM-ATM-006,Tribeca,40.7163,-74.0086,clear,None,62,25,10
2024-01-30,LM-ATM-007,City Hall,40.7128,-74.0059,clear,None,75,29,15
2024-01-30,LM-ATM-008,Chinatown,40.7158,-73.9973,clear,None,61,31,19
2024-01-30,LM-ATM-009,Little Italy,40.7191,-73.9973,clear,None,55,34,22
2024-01-30,LM-ATM-010,SoHo Broadway,40.7233,-74.002,clear,None,71,48,34
2024-01-30,LM-ATM-011,NoLiTa,40.7228,-73.9973,clear,None,40,24,14
2024-01-30,LM-ATM-012,Canal Street,40.719,-74.002,clear,None,76,39,23
2024-01-30,LM-ATM-013,World Trade Center,40.7116,-74.013,clear,None,89,28,18
2024-01-30,LM-ATM-014,Brookfield Place,40.7127,-74.0155,clear,None,90,31,15
2024-01-30,LM-ATM-015,Bowling Green,40.7047,-74.0141,clear,None,67,24,15
2024-01-30,LM-ATM-016,Staten Ferry Terminal,40.7013,-74.0132,clear,None,69,43,27
2024-01-30,LM-ATM-017,Essex Market,40.7193,-73.9874,clear,None,62,33,19
2024-01-30,LM-ATM-018,Houston Street,40.7282,-74.005,clear,None,72,36,23
2024-01-30,LM-ATM-019,Delancey Street,40.7188,-73.9885,clear,None,74,41,19
2024-01-30,LM-ATM-020,Pier 17,40.7058,-74.0027,clear,None,53,40,27
2024-01-31,LM-ATM-001,Battery Park,40.7033,-74.017,rain,None,57,35,21
2024-01-31,LM-ATM-002,Wall Street,40.7074,-74.0113,rain,None,95,23,12
2024-01-31,LM-ATM-003,Broad Street,40.7069,-74.0113,rain,None,87,24,10
2024-01-31,LM-ATM-004,Fulton Center,40.7103,-74.0076,rain,None,91,46,23
2024-01-31,LM-ATM-005,South Street Seaport,40.7069,-74.003,rain,None,48,31,20
2024-01-31,LM-ATM-006,Tribeca,40.7163,-74.0086,rain,None,59,22,11
2024-01-31,LM-ATM-007,City Hall,40.7128,-74.0059,rain,None,69,21,15
2024-01-31,LM-ATM-008,Chinatown,40.7158,-73.9973,rain,None,50,28,15
2024-01-31,LM-ATM-009,Little Italy,40.7191,-73.9973,rain,None,46,25,18
2024-01-31,LM-ATM-010,SoHo Broadway,40.7233,-74.002,rain,None,55,42,26
2024-01-31,LM-ATM-011,NoLiTa,40.7228,-73.9973,rain,None,43,24,15
2024-01-31,LM-ATM-012,Canal Street,40.719,-74.002,rain,None,54,27,17
2024-01-31,LM-ATM-013,World Trade Center,40.7116,-74.013,rain,None,113,31,24
2024-01-31,LM-ATM-014,Brookfield Place,40.7127,-74.0155,rain,None,97,30,19
2024-01-31,LM-ATM-015,Bowling Green,40.7047,-74.0141,rain,None,61,26,16
2024-01-31,LM-ATM-016,Staten Ferry Terminal,40.7013,-74.0132,rain,None,52,34,22
2024-01-31,LM-ATM-017,Essex Market,40.7193,-73.9874,rain,None,48,24,13
2024-01-31,LM-ATM-018,Houston Street,40.7282,-74.005,rain,None,58,27,18
2024-01-31,LM-ATM-019,Delancey Street,40.7188,-73.9885,rain,None,52,24,14
2024-01-31,LM-ATM-020,Pier 17,40.7058,-74.0027,rain,None,38,31,20
2024-02-01,LM-ATM-001,Battery Park,40.7033,-74.017,clear,None,67,45,26
2024-02-01,LM-ATM-002,Wall Street,40.7074,-74.0113,clear,None,110,25,13
2024-02-01,LM-ATM-003,Broad Street,40.7069,-74.0113,clear,None,101,29,12
2024-02-01,LM-ATM-004,Fulton Center,40.7103,-74.0076,clear,None,121,43,30
2024-02-01,LM-ATM-005,South Street Seaport,40.7069,-74.003,clear,None,79,52,33
2024-02-01,LM-ATM-006,Tribeca,40.7163,-74.0086,clear,None,59,24,12
2024-02-01,LM-ATM-007,City Hall,40.7128,-74.0059,clear,None,70,28,13
2024-02-01,LM-ATM-008,Chinatown,40.7158,-73.9973,clear,None,94,46,25
2024-02-01,LM-ATM-009,Little Italy,40.7191,-73.9973,clear,None,51,27,16
2024-02-01,LM-ATM-010,SoHo Broadway,40.7233,-74.002,clear,None,85,62,43
2024-02-01,LM-ATM-011,NoLiTa,40.7228,-73.9973,clear,None,46,28,18
2024-02-01,LM-ATM-012,Canal Street,40.719,-74.002,clear,None,83,45,27
2024-02-01,LM-ATM-013,World Trade Center,40.7116,-74.013,clear,None,115,35,19
2024-02-01,LM-ATM-014,Brookfield Place,40.7127,-74.0155,clear,None,115,33,23
2024-02-01,LM-ATM-015,Bowling Green,40.7047,-74.0141,clear,None,68,23,16
2024-02-01,LM-ATM-016,Staten Ferry Terminal,40.7013,-74.0132,clear,None,67,45,28
2024-02-01,LM-ATM-017,Essex Market,40.7193,-73.9874,clear,None,66,34,20
2024-02-01,LM-ATM-018,Houston Street,40.7282,-74.005,clear,None,64,33,22
2024-02-01,LM-ATM-019,Delancey Street,40.7188,-73.9885,clear,None,69,37,18
2024-02-01,LM-ATM-020,Pier 17,40.7058,-74.0027,clear,None,55,36,23
2024-02-02,LM-ATM-001,Battery Park,40.7033,-74.017,cloudy,None,48,31,19
2024-02-02,LM-ATM-002,Wall Street,40.7074,-74.0113,cloudy,None,113,22,13
2024-02-02,LM-ATM-003,Broad Street,40.7069,-74.0113,cloudy,None,82,23,10
2024-02-02,LM-ATM-004,Fulton Center,40.7103,-74.0076,cloudy,None,103,38,24
2024-02-02,LM-ATM-005,South Street Seaport,40.7069,-74.003,cloudy,None,63,43,26
2024-02-02,LM-ATM-006,Tribeca,40.7163,-74.0086,cloudy,None,57,23,13
2024-02-02,LM-ATM-007,City Hall,40.7128,-74.0059,cloudy,None,81,30,15
2024-02-02,LM-ATM-008,Chinatown,40.7158,-73.9973,cloudy,None,65,30,19
2024-02-02,LM-ATM-009,Little Italy,40.7191,-73.9973,cloudy,None,54,33,20
2024-02-02,LM-ATM-010,SoHo Broadway,40.7233,-74.002,cloudy,None,63,43,27
2024-02-02,LM-ATM-011,NoLiTa,40.7228,-73.9973,cloudy,None,53,38,24
2024-02-02,LM-ATM-012,Canal Street,40.719,-74.002,cloudy,None,78,42,24
2024-02-02,LM-ATM-013,World Trade Center,40.7116,-74.013,cloudy,None,98,31,20
2024-02-02,LM-ATM-014,Brookfield Place,40.7127,-74.0155,cloudy,None,101,43,19
2024-02-02,LM-ATM-015,Bowling Green,40.7047,-74.0141,cloudy,None,72,33,17
2024-02-02,LM-ATM-016,Staten Ferry Terminal,40.7013,-74.0132,cloudy,None,59,36,22
2024-02-02,LM-ATM-017,Essex Market,40.7193,-73.9874,cloudy,None,58,27,15
2024-02-02,LM-ATM-018,Houston Street,40.7282,-74.005,cloudy,None,70,37,24
2024-02-02,LM-ATM-019,Delancey Street,40.7188,-73.9885,cloudy,None,62,34,18
2024-02-02,LM-ATM-020,Pier 17,40.7058,-74.0027,cloudy,None,51,40,24
2024-02-03,LM-ATM-001,Battery Park,40.7033,-74.017,cloudy,None,54,41,23
2024-02-03,LM-ATM-002,Wall Street,40.7074,-74.0113,cloudy,None,79,25,10
2024-02-03,LM-ATM-003,Broad Street,40.7069,-74.0113,cloudy,None,65,24,12
2024-02-03,LM-ATM-004,Fulton Center,40.7103,-74.0076,cloudy,None,87,38,21
2024-02-03,LM-ATM-005,South Street Seaport,40.7069,-74.003,cloudy,None,46,34,22
2024-02-03,LM-ATM-006,Tribeca,40.7163,-74.0086,cloudy,None,62,30,15
2024-02-03,LM-ATM-007,City Hall,40.7128,-74.0059,cloudy,None,60,27,15
2024-02-03,LM-ATM-008,Chinatown,40.7158,-73.9973,cloudy,None,62,33,20
2024-02-03,LM-ATM-009,Little Italy,40.7191,-73.9973,cloudy,None,58,39,22
2024-02-03,LM-ATM-010,SoHo Broadway,40.7233,-74.002,cloudy,None,54,45,29
2024-02-03,LM-ATM-011,NoLiTa,40.7228,-73.9973,cloudy,None,43,32,20
2024-02-03,LM-ATM-012,Canal Street,40.719,-74.002,cloudy,None,78,43,26
2024-02-03,LM-ATM-013,World Trade Center,40.7116,-74.013,cloudy,None,75,36,20
2024-02-03,LM-ATM-014,Brookfield Place,40.7127,-74.0155,cloudy,None,71,32,16
2024-02-03,LM-ATM-015,Bowling Green,40.7047,-74.0141,cloudy,None,59,29,16
2024-02-03,LM-ATM-016,Staten Ferry Terminal,40.7013,-74.0132,cloudy,None,69,50,25
2024-02-03,LM-ATM-017,Essex Market,40.7193,-73.9874,cloudy,None,49,29,15
2024-02-03,LM-ATM-018,Houston Street,40.7282,-74.005,cloudy,None,54,31,19
2024-02-03,LM-ATM-019,Delancey Street,40.7188,-73.9885,cloudy,None,49,28,16
2024-02-03,LM-ATM-020,Pier 17,40.7058,-74.0027,cloudy,None,45,40,22
2024-02-04,LM-ATM-001,Battery Park,40.7033,-74.017,cloudy,None,60,41,25
2024-02-04,LM-ATM-002,Wall Street,40.7074,-74.0113,cloudy,None,89,24,12
2024-02-04,LM-ATM-003,Broad Street,40.7069,-74.0113,cloudy,None,75,25,11
2024-02-04,LM-ATM-004,Fulton Center,40.7103,-74.0076,cloudy,None,82,41,21
2024-02-04,LM-ATM-005,South Street Seaport,40.7069,-74.003,cloudy,None,63,52,29
2024-02-04,LM-ATM-006,Tribeca,40.7163,-74.0086,cloudy,None,63,26,15
2024-02-04,LM-ATM-007,City Hall,40.7128,-74.0059,cloudy,None,67,24,15
2024-02-04,LM-ATM-008,Chinatown,40.7158,-73.9973,cloudy,None,51,32,19
2024-02-04,LM-ATM-009,Little Italy,40.7191,-73.9973,cloudy,None,58,42,26
2024-02-04,LM-ATM-010,SoHo Broadway,40.7233,-74.002,cloudy,None,59,53,33
2024-02-04,LM-ATM-011,NoLiTa,40.7228,-73.9973,cloudy,None,45,33,18
2024-02-04,LM-ATM-012,Canal Street,40.719,-74.002,cloudy,None,64,41,26
2024-02-04,LM-ATM-013,World Trade Center,40.7116,-74.013,cloudy,None,76,37,16
2024-02-04,LM-ATM-014,Brookfield Place,40.7127,-74.0155,cloudy,None,71,31,16
2024-02-04,LM-ATM-015,Bowling Green,40.7047,-74.0141,cloudy,None,55,28,13
2024-02-04,LM-ATM-016,Staten Ferry Terminal,40.7013,-74.0132,cloudy,None,63,49,30
2024-02-04,LM-ATM-017,Essex Market,40.7193,-73.9874,cloudy,None,52,30,16
2024-02-04,LM-ATM-018,Houston Street,40.7282,-74.005,cloudy,None,73,44,27
2024-02-04,LM-ATM-019,Delancey Street,40.7188,-73.9885,cloudy,None,33,21,12
2024-02-04,LM-ATM-020,Pier 17,40.7058,-74.0027,cloudy,None,46,42,26
2024-02-05,LM-ATM-001,Battery Park,40.7033,-74.017,clear,None,63,38,21
2024-02-05,LM-ATM-002,Wall Street,40.7074,-74.0113,clear,None,126,28,12
2024-02-05,LM-ATM-003,Broad Street,40.7069,-74.0113,clear,None,84,27,13
2024-02-05,LM-ATM-004,Fulton Center,40.7103,-74.0076,clear,None,99,39,26
2024-02-05,LM-ATM-005,South Street Seaport,40.7069,-74.003,clear,None,76,45,30
2024-02-05,LM-ATM-006,Tribeca,40.7163,-74.0086,clear,None,85,32,18
2024-02-05,LM-ATM-007,City Hall,40.7128,-74.0059,clear,None,99,34,17
2024-02-05,LM-ATM-008,Chinatown,40.7158,-73.9973,clear,None,70,38,22
2024-02-05,LM-ATM-009,Little Italy,40.7191,-73.9973,clear,None,60,36,26
2024-02-05,LM-ATM-010,SoHo Broadway,40.7233,-74.002,clear,None,61,42,27
2024-02-05,LM-ATM-011,NoLiTa,40.7228,-73.9973,clear,None,59,33,22
2024-02-05,LM-ATM-012,Canal Street,40.719,-74.002,clear,None,95,48,30
2024-02-05,LM-ATM-013,World Trade Center,40.7116,-74.013,clear,None,124,45,28
2024-02-05,LM-ATM-014,Brookfield Place,40.7127,-74.0155,clear,None,106,37,23
2024-02-05,LM-ATM-015,Bowling Green,40.7047,-74.0141,clear,None,84,33,20
2024-02-05,LM-ATM-016,Staten Ferry Terminal,40.7013,-74.0132,clear,None,56,40,24
2024-02-05,LM-ATM-017,Essex Market,40.7193,-73.9874,clear,None,72,38,18
2024-02-05,LM-ATM-018,Houston Street,40.7282,-74.005,clear,None,61,33,21
2024-02-05,LM-ATM-019,Delancey Street,40.7188,-73.9885,clear,None,67,32,21
2024-02-05,LM-ATM-020,Pier 17,40.7058,-74.0027,clear,None,51,39,25
2024-02-06,LM-ATM-001,Battery Park,40.7033,-74.017,cloudy,None,62,31,22
2024-02-06,LM-ATM-002,Wall Street,40.7074,-74.0113,cloudy,None,91,22,11
2024-02-06,LM-ATM-003,Broad Street,40.7069,-74.0113,cloudy,None,97,26,11
2024-02-06,LM-ATM-004,Fulton Center,40.7103,-74.0076,cloudy,None,79,37,20
2024-02-06,LM-ATM-005,South Street Seaport,40.7069,-74.003,cloudy,None,66,41,28
2024-02-06,LM-ATM-006,Tribeca,40.7163,-74.0086,cloudy,None,70,32,14
2024-02-06,LM-ATM-007,City Hall,40.7128,-74.0059,cloudy,None,74,31,16
2024-02-06,LM-ATM-008,Chinatown,40.7158,-73.9973,cloudy,None,75,34,25
2024-02-06,LM-ATM-009,Little Italy,40.7191,-73.9973,cloudy,None,74,42,29
2024-02-06,LM-ATM-010,SoHo Broadway,40.7233,-74.002,cloudy,None,80,62,38
2024-02-06,LM-ATM-011,NoLiTa,40.7228,-73.9973,cloudy,None,50,29,19
2024-02-06,LM-ATM-012,Canal Street,40.719,-74.002,cloudy,None,76,38,24
2024-02-06,LM-ATM-013,World Trade Center,40.7116,-74.013,cloudy,None,97,40,21
2024-02-06,LM-ATM-014,Brookfield Place,40.7127,-74.0155,cloudy,None,108,36,20
2024-02-06,LM-ATM-015,Bowling Green,40.7047,-74.0141,cloudy,None,73,31,18
2024-02-06,LM-ATM-016,Staten Ferry Terminal,40.7013,-74.0132,cloudy,None,63,39,24
2024-02-06,LM-ATM-017,Essex Market,40.7193,-73.9874,cloudy,None,62,34,17
2024-02-06,LM-ATM-018,Houston Street,40.7282,-74.005,cloudy,None,75,43,30
2024-02-06,LM-ATM-019,Delancey Street,40.7188,-73.9885,cloudy,None,63,33,17
2024-02-06,LM-ATM-020,Pier 17,40.7058,-74.0027,cloudy,None,56,40,29
2024-02-07,LM-ATM-001,Battery Park,40.7033,-74.017,clear,None,52,32,21
2024-02-07,LM-ATM-002,Wall Street,40.7074,-74.0113,clear,None,97,25,11
2024-02-07,LM-ATM-003,Broad Street,40.7069,-74.0113,clear,None,97,24,12
2024-02-07,LM-ATM-004,Fulton Center,40.7103,-74.0076,clear,None,101,42,21
2024-02-07,LM-ATM-005,South Street Seaport,40.7069,-74.003,clear,None,81,55,34
2024-02-07,LM-ATM-006,Tribeca,40.7163,-74.0086,clear,None,76,31,16
2024-02-07,LM-ATM-007,City Hall,40.7128,-74.0059,clear,None,88,31,19
2024-02-07,LM-ATM-008,Chinatown,40.7158,-73.9973,clear,None,49,25,15
2024-02-07,LM-ATM-009,Little Italy,40.7191,-73.9973,clear,None,46,33,18
2024-02-07,LM-ATM-010,SoHo Broadway,40.7233,-74.002,clear,None,63,43,30
2024-02-07,LM-ATM-011,NoLiTa,40.7228,-73.9973,clear,None,59,38,22
2024-02-07,LM-ATM-012,Canal Street,40.719,-74.002,clear,None,72,34,19
2024-02-07,LM-ATM-013,World Trade Center,40.7116,-74.013,clear,None,101,29,22
2024-02-07,LM-ATM-014,Brookfield Place,40.7127,-74.0155,clear,None,95,37,19
2024-02-07,LM-ATM-015,Bowling Green,40.7047,-74.0141,clear,None,72,30,17
2024-02-07,LM-ATM-016,Staten Ferry Terminal,40.7013,-74.0132,clear,None,68,42,26
2024-02-07,LM-ATM-017,Essex Market,40.7193,-73.9874,clear,None,69,37,20
2024-02-07,LM-ATM-018,Houston Street,40.7282,-74.005,clear,None,74,39,24
2024-02-07,LM-ATM-019,Delancey Street,40.7188,-73.9885,clear,None,61,36,18
2024-02-07,LM-ATM-020,Pier 17,40.7058,-74.0027,clear,None,60,42,29
2024-02-08,LM-ATM-001,Battery Park,40.7033,-74.017,clear,None,53,32,21
2024-02-08,LM-ATM-002,Wall Street,40.7074,-74.0113,clear,None,114,19,10
2024-02-08,LM-ATM-003,Broad Street,40.7069,-74.0113,clear,None,121,29,13
2024-02-08,LM-ATM-004,Fulton Center,40.7103,-74.0076,clear,None,83,33,18
2024-02-08,LM-ATM-005,South Street Seaport,40.7069,-74.003,clear,None,78,51,32
2024-02-08,LM-ATM-006,Tribeca,40.7163,-74.0086,clear,None,78,33,16
2024-02-08,LM-ATM-007,City Hall,40.7128,-74.0059,clear,None,82,36,17
2024-02-08,LM-ATM-008,Chinatown,40.7158,-73.9973,clear,None,74,36,20
2024-02-08,LM-ATM-009,Little Italy,40.7191,-73.9973,clear,None,55,37,23
2024-02-08,LM-ATM-010,SoHo Broadway,40.7233,-74.002,clear,None,53,36,25
2024-02-08,LM-ATM-011,NoLiTa,40.7228,-73.9973,clear,None,59,33,22
2024-02-08,LM-ATM-012,Canal Street,40.719,-74.002,clear,None,81,46,24
2024-02-08,LM-ATM-013,World Trade Center,40.7116,-74.013,clear,None,115,32,24
2024-02-08,LM-ATM-014,Brookfield Place,40.7127,-74.0155,clear,None,123,38,24
2024-02-08,LM-ATM-015,Bowling Green,40.7047,-74.0141,clear,None,74,31,17
2024-02-08,LM-ATM-016,Staten Ferry Terminal,40.7013,-74.0132,clear,None,70,40,30
2024-02-08,LM-ATM-017,Essex Market,40.7193,-73.9874,clear,None,72,30,21
2024-02-08,LM-ATM-018,Houston Street,40.7282,-74.005,clear,None,68,38,26
2024-02-08,LM-ATM-019,Delancey Street,40.7188,-73.9885,clear,None,67,33,20
2024-02-08,LM-ATM-020,Pier 17,40.7058,-74.0027,clear,None,61,48,27
2024-02-09,LM-ATM-001,Battery Park,40.7033,-74.017,clear,None,63,37,22
2024-02-09,LM-ATM-002,Wall Street,40.7074,-74.0113,clear,None,105,29,14
2024-02-09,LM-ATM-003,Broad Street,40.7069,-74.0113,clear,None,108,30,16
2024-02-09,LM-ATM-004,Fulton Center,40.7103,-74.0076,clear,None,92,39,21
2024-02-09,LM-ATM-005,South Street Seaport,40.7069,-74.003,clear,None,72,49,31
2024-02-09,LM-ATM-006,Tribeca,40.7163,-74.0086,clear,None,66,30,14
2024-02-09,LM-ATM-007,City Hall,40.7128,-74.0059,clear,None,73,27,13
2024-02-09,LM-ATM-008,Chinatown,40.7158,-73.9973,clear,None,75,35,21
2024-02-09,LM-ATM-009,Little Italy,40.7191,-73.9973,clear,None,65,36,26
2024-02-09,LM-ATM-010,SoHo Broadway,40.7233,-74.002,clear,None,81,60,36
2024-02-09,LM-ATM-011,NoLiTa,40.7228,-73.9973,clear,None,59,35,20
2024-02-09,LM-ATM-012,Canal Street,40.719,-74.002,clear,None,73,39,26
2024-02-09,LM-ATM-013,World Trade Center,40.7116,-74.013,clear,None,90,31,16
2024-02-09,LM-ATM-014,Brookfield Place,40.7127,-74.0155,clear,None,92,30,18
2024-02-09,LM-ATM-015,Bowling Green,40.7047,-74.0141,clear,None,104,38,21
2024-02-09,LM-ATM-016,Staten Ferry Terminal,40.7013,-74.0132,clear,None,74,54,29
2024-02-09,LM-ATM-017,Essex Market,40.7193,-73.9874,clear,None,83,40,24
2024-02-09,LM-ATM-018,Houston Street,40.7282,-74.005,clear,None,56,33,20
2024-02-09,LM-ATM-019,Delancey Street,40.7188,-73.9885,clear,None,79,44,25
2024-02-09,LM-ATM-020,Pier 17,40.7058,-74.0027,clear,None,58,47,27
2024-02-10,LM-ATM-001,Battery Park,40.7033,-74.017,clear,None,60,45,26
2024-02-10,LM-ATM-002,Wall Street,40.7074,-74.0113,clear,None,83,25,12
2024-02-10,LM-ATM-003,Broad Street,40.7069,-74.0113,clear,None,79,27,12
2024-02-10,LM-ATM-004,Fulton Center,40.7103,-74.0076,clear,None,84,37,20
2024-02-10,LM-ATM-005,South Street Seaport,40.7069,-74.003,clear,None,76,58,35
2024-02-10,LM-ATM-006,Tribeca,40.7163,-74.0086,clear,None,56,29,14
2024-02-10,LM-ATM-007,City Hall,40.7128,-74.0059,clear,None,72,37,17
2024-02-10,LM-ATM-008,Chinatown,40.7158,-73.9973,clear,None,57,35,21
2024-02-10,LM-ATM-009,Little Italy,40.7191,-73.9973,clear,None,61,48,24
2024-02-10,LM-ATM-010,SoHo Broadway,40.7233,-74.002,clear,None,68,57,35
2024-02-10,LM-ATM-011,NoLiTa,40.7228,-73.9973,clear,None,73,49,28
2024-02-10,LM-ATM-012,Canal Street,40.719,-74.002,clear,None,87,46,34
2024-02-10,LM-ATM-013,World Trade Center,40.7116,-74.013,clear,None,82,40,19
2024-02-10,LM-ATM-014,Brookfield Place,40.7127,-74.0155,clear,None,98,36,20
2024-02-10,LM-ATM-015,Bowling Green,40.7047,-74.0141,clear,None,78,38,19
2024-02-10,LM-ATM-016,Staten Ferry Terminal,40.7013,-74.0132,clear,None,63,46,30
2024-02-10,LM-ATM-017,Essex Market,40.7193,-73.9874,clear,None,67,39,21
2024-02-10,LM-ATM-018,Houston Street,40.7282,-74.005,clear,None,61,40,21
2024-02-10,LM-ATM-019,Delancey Street,40.7188,-73.9885,clear,None,61,40,22
2024-02-10,LM-ATM-020,Pier 17,40.7058,-74.0027,clear,None,47,47,27
2024-02-11,LM-ATM-001,Battery Park,40.7033,-74.017,clear,None,61,49,25
2024-02-11,LM-ATM-002,Wall Street,40.7074,-74.0113,clear,None,101,26,13
2024-02-11,LM-ATM-003,Broad Street,40.7069,-74.0113,clear,None,70,23,9
2024-02-11,LM-ATM-004,Fulton Center,40.7103,-74.0076,clear,None,79,42,21
2024-02-11,LM-ATM-005,South Street Seaport,40.7069,-74.003,clear,None,58,50,34
2024-02-11,LM-ATM-006,Tribeca,40.7163,-74.0086,clear,None,68,34,15
2024-02-11,LM-ATM-007,City Hall,40.7128,-74.0059,clear,None,61,29,14
2024-02-11,LM-ATM-008,Chinatown,40.7158,-73.9973,clear,None,70,46,23
2024-02-11,LM-ATM-009,Little Italy,40.7191,-73.9973,clear,None,53,38,23
2024-02-11,LM-ATM-010,SoHo Broadway,40.7233,-74.002,clear,None,56,44,30
2024-02-11,LM-ATM-011,NoLiTa,40.7228,-73.9973,clear,None,52,39,21
2024-02-11,LM-ATM-012,Canal Street,40.719,-74.002,clear,None,77,46,26
2024-02-11,LM-ATM-013,World Trade Center,40.7116,-74.013,clear,None,68,30,17
2024-02-11,LM-ATM-014,Brookfield Place,40.7127,-74.0155,clear,None,90,37,21
2024-02-11,LM-ATM-015,Bowling Green,40.7047,-74.0141,clear,None,64,34,18
2024-02-11,LM-ATM-016,Staten Ferry Terminal,40.7013,-74.0132,clear,None,71,53,32
2024-02-11,LM-ATM-017,Essex Market,40.7193,-73.9874,clear,None,61,34,20
2024-02-11,LM-ATM-018,Houston Street,40.7282,-74.005,clear,None,50,34,21
2024-02-11,LM-ATM-019,Delancey Street,40.7188,-73.9885,clear,None,66,37,22
2024-02-11,LM-ATM-020,Pier 17,40.7058,-74.0027,clear,None,63,56,34
2024-02-12,LM-ATM-001,Battery Park,40.7033,-74.017,cloudy,None,52,31,19
2024-02-12,LM-ATM-002,Wall Street,40.7074,-74.0113,cloudy,None,109,27,15
2024-02-12,LM-ATM-003,Broad Street,40.7069,-74.0113,cloudy,None,86,17,10
2024-02-12,LM-ATM-004,Fulton Center,40.7103,-74.0076,cloudy,None,103,36,22
2024-02-12,LM-ATM-005,South Street Seaport,40.7069,-74.003,cloudy,None,62,35,24
2024-02-12,LM-ATM-006,Tribeca,40.7163,-74.0086,cloudy,None,68,24,14
2024-02-12,LM-ATM-007,City Hall,40.7128,-74.0059,cloudy,None,55,20,13
2024-02-12,LM-ATM-008,Chinatown,40.7158,-73.9973,cloudy,None,81,42,23
2024-02-12,LM-ATM-009,Little Italy,40.7191,-73.9973,cloudy,None,65,38,23
2024-02-12,LM-ATM-010,SoHo Broadway,40.7233,-74.002,cloudy,None,65,42,29
2024-02-12,LM-ATM-011,NoLiTa,40.7228,-73.9973,cloudy,None,45,26,17
2024-02-12,LM-ATM-012,Canal Street,40.719,-74.002,cloudy,None,77,43,21
2024-02-12,LM-ATM-013,World Trade Center,40.7116,-74.013,cloudy,None,104,29,20
2024-02-12,LM-ATM-014,Brookfield Place,40.7127,-74.0155,cloudy,None,94,28,17
2024-02-12,LM-ATM-015,Bowling Green,40.7047,-74.0141,cloudy,None,82,29,18
2024-02-12,LM-ATM-016,Staten Ferry Terminal,40.7013,-74.0132,cloudy,None,60,42,26
2024-02-12,LM-ATM-017,Essex Market,40.7193,-73.9874,cloudy,None,55,22,15
2024-02-12,LM-ATM-018,Houston Street,40.7282,-74.005,cloudy,None,79,43,25
2024-02-12,LM-ATM-019,Delancey Street,40.7188,-73.9885,cloudy,None,56,31,19
2024-02-12,LM-ATM-020,Pier 17,40.7058,-74.0027,cloudy,None,53,48,28
2024-02-13,LM-ATM-001,Battery Park,40.7033,-74.017,rain,None,51,32,18
2024-02-13,LM-ATM-002,Wall Street,40.7074,-74.0113,rain,None,74,19,8
2024-02-13,LM-ATM-003,Broad Street,40.7069,-74.0113,rain,None,76,17,8
2024-02-13,LM-ATM-004,Fulton Center,40.7103,-74.0076,rain,None,61,23,12
2024-02-13,LM-ATM-005,South Street Seaport,40.7069,-74.003,rain,None,58,36,25
2024-02-13,LM-ATM-006,Tribeca,40.7163,-74.0086,rain,None,53,19,10
2024-02-13,LM-ATM-007,City Hall,40.7128,-74.0059,rain,None,61,25,14
2024-02-13,LM-ATM-008,Chinatown,40.7158,-73.9973,rain,None,48,27,15
2024-02-13,LM-ATM-009,Little Italy,40.7191,-73.9973,rain,None,47,29,16
2024-02-13,LM-ATM-010,SoHo Broadway,40.7233,-74.002,rain,None,60,34,27
2024-02-13,LM-ATM-011,NoLiTa,40.7228,-73.9973,rain,None,49,26,17
2024-02-13,LM-ATM-012,Canal Street,40.719,-74.002,rain,None,59,29,20
2024-02-13,LM-ATM-013,World Trade Center,40.7116,-74.013,rain,None,86,35,18
2024-02-13,LM-ATM-014,Brookfield Place,40.7127,-74.0155,rain,None,71,26,14
2024-02-13,LM-ATM-015,Bowling Green,40.7047,-74.0141,rain,None,63,26,14
2024-02-13,LM-ATM-016,Staten Ferry Terminal,40.7013,-74.0132,rain,None,63,43,28
2024-02-13,LM-ATM-017,Essex Market,40.7193,-73.9874,rain,None,45,24,14
2024-02-13,LM-ATM-018,Houston Street,40.7282,-74.005,rain,None,39,23,13
2024-02-13,LM-ATM-019,Delancey Street,40.7188,-73.9885,rain,None,49,25,15
2024-02-13,LM-ATM-020,Pier 17,40.7058,-74.0027,rain,None,55,42,29
2024-02-14,LM-ATM-001,Battery Park,40.7033,-74.017,rain,None,40,23,15
2024-02-14,LM-ATM-002,Wall Street,40.7074,-74.0113,rain,None,84,18,11
2024-02-14,LM-ATM-003,Broad Street,40.7069,-74.0113,rain,None,91,24,11
2024-02-14,LM-ATM-004,Fulton Center,40.7103,-74.0076,rain,None,77,27,17
2024-02-14,LM-ATM-005,South Street Seaport,40.7069,-74.003,rain,None,50,33,24
2024-02-14,LM-ATM-006,Tribeca,40.7163,-74.0086,rain,None,68,27,13
2024-02-14,LM-ATM-007,City Hall,40.7128,-74.0059,rain,None,74,26,14
2024-02-14,LM-ATM-008,Chinatown,40.7158,-73.9973,rain,None,59,28,16
2024-02-14,LM-ATM-009,Little Italy,40.7191,-73.9973,rain,None,38,26,17
2024-02-14,LM-ATM-010,SoHo Broadway,40.7233,-74.002,rain,None,50,32,21
2024-02-14,LM-ATM-011,NoLiTa,40.7228,-73.9973,rain,None,50,30,18
2024-02-14,LM-ATM-012,Canal Street,40.719,-74.002,rain,None,64,27,19
2024-02-14,LM-ATM-013,World Trade Center,40.7116,-74.013,rain,None,113,34,21
2024-02-14,LM-ATM-014,Brookfield Place,40.7127,-74.0155,rain,None,83,23,16
2024-02-14,LM-ATM-015,Bowling Green,40.7047,-74.0141,rain,None,68,28,18
2024-02-14,LM-ATM-016,Staten Ferry Terminal,40.7013,-74.0132,rain,None,46,31,17
2024-02-14,LM-ATM-017,Essex Market,40.7193,-73.9874,rain,None,47,25,15
2024-02-14,LM-ATM-018,Houston Street,40.7282,-74.005,rain,None,59,32,18
2024-02-14,LM-ATM-019,Delancey Street,40.7188,-73.9885,rain,None,46,23,15
2024-02-14,LM-ATM-020,Pier 17,40.7058,-74.0027,rain,None,44,33,22
2024-02-15,LM-ATM-001,Battery Park,40.7033,-74.017,cloudy,None,76,44,26
2024-02-15,LM-ATM-002,Wall Street,40.7074,-74.0113,cloudy,None,110,26,12
2024-02-15,LM-ATM-003,Broad Street,40.7069,-74.0113,cloudy,None,107,24,14
2024-02-15,LM-ATM-004,Fulton Center,40.7103,-74.0076,cloudy,None,98,47,26
2024-02-15,LM-ATM-005,South Street Seaport,40.7069,-74.003,cloudy,None,74,51,29
2024-02-15,LM-ATM-006,Tribeca,40.7163,-74.0086,cloudy,None,64,26,13
2024-02-15,LM-ATM-007,City Hall,40.7128,-74.0059,cloudy,None,86,27,18
2024-02-15,LM-ATM-008,Chinatown,40.7158,-73.9973,cloudy,None,68,38,18
2024-02-15,LM-ATM-009,Little Italy,40.7191,-73.9973,cloudy,None,56,34,21
2024-02-15,LM-ATM-010,SoHo Broadway,40.7233,-74.002,cloudy,None,66,44,29
2024-02-15,LM-ATM-011,NoLiTa,40.7228,-73.9973,cloudy,None,61,39,23
2024-02-15,LM-ATM-012,Canal Street,40.719,-74.002,cloudy,None,87,48,27
2024-02-15,LM-ATM-013,World Trade Center,40.7116,-74.013,cloudy,None,94,33,20
2024-02-15,LM-ATM-014,Brookfield Place,40.7127,-74.0155,cloudy,None,95,28,16
2024-02-15,LM-ATM-015,Bowling Green,40.7047,-74.0141,cloudy,None,72,35,17
2024-02-15,LM-ATM-016,Staten Ferry Terminal,40.7013,-74.0132,cloudy,None,66,44,28
2024-02-15,LM-ATM-017,Essex Market,40.7193,-73.9874,cloudy,None,59,31,16
2024-02-15,LM-ATM-018,Houston Street,40.7282,-74.005,cloudy,None,60,34,19
2024-02-15,LM-ATM-019,Delancey Street,40.7188,-73.9885,cloudy,None,66,37,22
2024-02-15,LM-ATM-020,Pier 17,40.7058,-74.0027,cloudy,None,47,34,23
2024-02-16,LM-ATM-001,Battery Park,40.7033,-74.017,clear,None,71,39,25
2024-02-16,LM-ATM-002,Wall Street,40.7074,-74.0113,clear,None,88,21,9
2024-02-16,LM-ATM-003,Broad Street,40.7069,-74.0113,clear,None,91,23,13
2024-02-16,LM-ATM-004,Fulton Center,40.7103,-74.0076,clear,None,98,33,22
2024-02-16,LM-ATM-005,South Street Seaport,40.7069,-74.003,clear,None,63,40,26
2024-02-16,LM-ATM-006,Tribeca,40.7163,-74.0086,clear,None,69,26,13
2024-02-16,LM-ATM-007,City Hall,40.7128,-74.0059,clear,None,67,26,16
2024-02-16,LM-ATM-008,Chinatown,40.7158,-73.9973,clear,None,79,35,22
2024-02-16,LM-ATM-009,Little Italy,40.7191,-73.9973,clear,None,54,31,18
2024-02-16,LM-ATM-010,SoHo Broadway,40.7233,-74.002,clear,None,67,46,30
2024-02-16,LM-ATM-011,NoLiTa,40.7228,-73.9973,clear,None,49,34,19
2024-02-16,LM-ATM-012,Canal Street,40.719,-74.002,clear,None,87,35,24
2024-02-16,LM-ATM-013,World Trade Center,40.7116,-74.013,clear,None,97,35,21
2024-02-16,LM-ATM-014,Brookfield Place,40.7127,-74.0155,clear,None,91,38,18
2024-02-16,LM-ATM-015,Bowling Green,40.7047,-74.0141,clear,None,75,29,17
2024-02-16,LM-ATM-016,Staten Ferry Terminal,40.7013,-74.0132,clear,None,64,35,23
2024-02-16,LM-ATM-017,Essex Market,40.7193,-73.9874,clear,None,64,30,18
2024-02-16,LM-ATM-018,Houston Street,40.7282,-74.005,clear,None,65,34,22
2024-02-16,LM-ATM-019,Delancey Street,40.7188,-73.9885,clear,None,59,31,19
2024-02-16,LM-ATM-020,Pier 17,40.7058,-74.0027,clear,None,54,36,27
2024-02-17,LM-ATM-001,Battery Park,40.7033,-74.017,clear,None,48,32,17
2024-02-17,LM-ATM-002,Wall Street,40.7074,-74.0113,clear,None,69,24,10
2024-02-17,LM-ATM-003,Broad Street,40.7069,-74.0113,clear,None,82,21,12
2024-02-17,LM-ATM-004,Fulton Center,40.7103,-74.0076,clear,None,79,39,20
2024-02-17,LM-ATM-005,South Street Seaport,40.7069,-74.003,clear,None,48,39,25
2024-02-17,LM-ATM-006,Tribeca,40.7163,-74.0086,clear,None,74,39,19
2024-02-17,LM-ATM-007,City Hall,40.7128,-74.0059,clear,None,61,31,18
2024-02-17,LM-ATM-008,Chinatown,40.7158,-73.9973,clear,None,64,43,23
2024-02-17,LM-ATM-009,Little Italy,40.7191,-73.9973,clear,None,58,44,23
2024-02-17,LM-ATM-010,SoHo Broadway,40.7233,-74.002,clear,None,72,54,35
2024-02-17,LM-ATM-011,NoLiTa,40.7228,-73.9973,clear,None,48,38,22
2024-02-17,LM-ATM-012,Canal Street,40.719,-74.002,clear,None,71,40,27
2024-02-17,LM-ATM-013,World Trade Center,40.7116,-74.013,clear,None,100,45,19
2024-02-17,LM-ATM-014,Brookfield Place,40.7127,-74.0155,clear,None,86,37,18
2024-02-17,LM-ATM-015,Bowling Green,40.7047,-74.0141,clear,None,58,30,16
2024-02-17,LM-ATM-016,Staten Ferry Terminal,40.7013,-74.0132,clear,None,69,48,27
2024-02-17,LM-ATM-017,Essex Market,40.7193,-73.9874,clear,None,56,32,17
2024-02-17,LM-ATM-018,Houston Street,40.7282,-74.005,clear,None,48,34,19
2024-02-17,LM-ATM-019,Delancey Street,40.7188,-73.9885,clear,None,56,37,17
2024-02-17,LM-ATM-020,Pier 17,40.7058,-74.0027,clear,None,50,46,30
2024-02-18,LM-ATM-001,Battery Park,40.7033,-74.017,rain,None,29,26,13
2024-02-18,LM-ATM-002,Wall Street,40.7074,-74.0113,rain,None,66,16,10
2024-02-18,LM-ATM-003,Broad Street,40.7069,-74.0113,rain,None,68,23,11
2024-02-18,LM-ATM-004,Fulton Center,40.7103,-74.0076,rain,None,72,30,20
2024-02-18,LM-ATM-005,South Street Seaport,40.7069,-74.003,rain,None,37,30,18
2024-02-18,LM-ATM-006,Tribeca,40.7163,-74.0086,rain,None,55,21,12
2024-02-18,LM-ATM-007,City Hall,40.7128,-74.0059,rain,None,53,23,12
2024-02-18,LM-ATM-008,Chinatown,40.7158,-73.9973,rain,None,51,34,18
2024-02-18,LM-ATM-009,Little Italy,40.7191,-73.9973,rain,None,45,31,19
2024-02-18,LM-ATM-010,SoHo Broadway,40.7233,-74.002,rain,None,61,47,32
2024-02-18,LM-ATM-011,NoLiTa,40.7228,-73.9973,rain,None,36,26,14
2024-02-18,LM-ATM-012,Canal Street,40.719,-74.002,rain,None,37,25,13
2024-02-18,LM-ATM-013,World Trade Center,40.7116,-74.013,rain,None,68,29,13
2024-02-18,LM-ATM-014,Brookfield Place,40.7127,-74.0155,rain,None,73,30,14
2024-02-18,LM-ATM-015,Bowling Green,40.7047,-74.0141,rain,None,55,27,15
2024-02-18,LM-ATM-016,Staten Ferry Terminal,40.7013,-74.0132,rain,None,38,29,19
2024-02-18,LM-ATM-017,Essex Market,40.7193,-73.9874,rain,None,49,27,17
2024-02-18,LM-ATM-018,Houston Street,40.7282,-74.005,rain,None,57,31,21
2024-02-18,LM-ATM-019,Delancey Street,40.7188,-73.9885,rain,None,50,32,18
2024-02-18,LM-ATM-020,Pier 17,40.7058,-74.0027,rain,None,44,39,23
2024-02-19,LM-ATM-001,Battery Park,40.7033,-74.017,clear,None,58,34,21
2024-02-19,LM-ATM-002,Wall Street,40.7074,-74.0113,clear,None,101,29,13
2024-02-19,LM-ATM-003,Broad Street,40.7069,-74.0113,clear,None,101,22,13
2024-02-19,LM-ATM-004,Fulton Center,40.7103,-74.0076,clear,None,105,42,22
2024-02-19,LM-ATM-005,South Street Seaport,40.7069,-74.003,clear,None,76,49,30
2024-02-19,LM-ATM-006,Tribeca,40.7163,-74.0086,clear,None,63,26,12
2024-02-19,LM-ATM-007,City Hall,40.7128,-74.0059,clear,None,85,36,20
2024-02-19,LM-ATM-008,Chinatown,40.7158,-73.9973,clear,None,65,33,19
2024-02-19,LM-ATM-009,Little Italy,40.7191,-73.9973,clear,None,58,33,21
2024-02-19,LM-ATM-010,SoHo Broadway,40.7233,-74.002,clear,None,61,44,29
2024-02-19,LM-ATM-011,NoLiTa,40.7228,-73.9973,clear,None,55,36,20
2024-02-19,LM-ATM-012,Canal Street,40.719,-74.002,clear,None,71,32,21
2024-02-19,LM-ATM-013,World Trade Center,40.7116,-74.013,clear,None,89,26,18
2024-02-19,LM-ATM-014,Brookfield Place,40.7127,-74.0155,clear,None,85,29,19
2024-02-19,LM-ATM-015,Bowling Green,40.7047,-74.0141,clear,None,85,36,21
2024-02-19,LM-ATM-016,Staten Ferry Terminal,40.7013,-74.0132,clear,None,53,41,22
2024-02-19,LM-ATM-017,Essex Market,40.7193,-73.9874,clear,None,71,37,21
2024-02-19,LM-ATM-018,Houston Street,40.7282,-74.005,clear,None,41,22,15
2024-02-19,LM-ATM-019,Delancey Street,40.7188,-73.9885,clear,None,71,39,22
2024-02-19,LM-ATM-020,Pier 17,40.7058,-74.0027,clear,None,50,39,26
2024-02-20,LM-ATM-001,Battery Park,40.7033,-74.017,clear,None,69,33,23
2024-02-20,LM-ATM-002,Wall Street,40.7074,-74.0113,clear,None,95,25,11
2024-02-20,LM-ATM-003,Broad Street,40.7069,-74.0113,clear,None,121,31,18
2024-02-20,LM-ATM-004,Fulton Center,40.7103,-74.0076,clear,None,108,44,24
2024-02-20,LM-ATM-005,South Street Seaport,40.7069,-74.003,clear,None,71,46,29
2024-02-20,LM-ATM-006,Tribeca,40.7163,-74.0086,clear,None,73,30,14
2024-02-20,LM-ATM-007,City Hall,40.7128,-74.0059,clear,None,91,44,21
2024-02-20,LM-ATM-008,Chinatown,40.7158,-73.9973,clear,None,86,44,26
2024-02-20,LM-ATM-009,Little Italy,40.7191,-73.9973,clear,None,52,34,20
2024-02-20,LM-ATM-010,SoHo Broadway,40.7233,-74.002,clear,None,57,40,24
2024-02-20,LM-ATM-011,NoLiTa,40.7228,-73.9973,clear,None,73,44,26
2024-02-20,LM-ATM-012,Canal Street,40.719,-74.002,clear,None,66,36,19
2024-02-20,LM-ATM-013,World Trade Center,40.7116,-74.013,clear,None,99,36,19
2024-02-20,LM-ATM-014,Brookfield Place,40.7127,-74.0155,clear,None,95,35,17
2024-02-20,LM-ATM-015,Bowling Green,40.7047,-74.0141,clear,None,91,34,22
2024-02-20,LM-ATM-016,Staten Ferry Terminal,40.7013,-74.0132,clear,None,70,44,30
2024-02-20,LM-ATM-017,Essex Market,40.7193,-73.9874,clear,None,54,27,15
2024-02-20,LM-ATM-018,Houston Street,40.7282,-74.005,clear,None,66,34,23
2024-02-20,LM-ATM-019,Delancey Street,40.7188,-73.9885,clear,None,64,28,17
2024-02-20,LM-ATM-020,Pier 17,40.7058,-74.0027,clear,None,55,40,25
2024-02-21,LM-ATM-001,Battery Park,40.7033,-74.017,cloudy,None,61,35,21
2024-02-21,LM-ATM-002,Wall Street,40.7074,-74.0113,cloudy,None,80,24,10
2024-02-21,LM-ATM-003,Broad Street,40.7069,-74.0113,cloudy,None,115,25,14
2024-02-21,LM-ATM-004,Fulton Center,40.7103,-74.0076,cloudy,None,89,42,21
2024-02-21,LM-ATM-005,South Street Seaport,40.7069,-74.003,cloudy,None,60,36,25
2024-02-21,LM-ATM-006,Tribeca,40.7163,-74.0086,cloudy,None,62,26,11
2024-02-21,LM-ATM-007,City Hall,40.7128,-74.0059,cloudy,None,81,29,17
2024-02-21,LM-ATM-008,Chinatown,40.7158,-73.9973,cloudy,None,79,37,21
2024-02-21,LM-ATM-009,Little Italy,40.7191,-73.9973,cloudy,None,44,33,19
2024-02-21,LM-ATM-010,SoHo Broadway,40.7233,-74.002,cloudy,None,65,48,29
2024-02-21,LM-ATM-011,NoLiTa,40.7228,-73.9973,cloudy,None,49,27,16
2024-02-21,LM-ATM-012,Canal Street,40.719,-74.002,cloudy,None,69,37,20
2024-02-21,LM-ATM-013,World Trade Center,40.7116,-74.013,cloudy,None,101,36,22
2024-02-21,LM-ATM-014,Brookfield Place,40.7127,-74.0155,cloudy,None,105,35,21
2024-02-21,LM-ATM-015,Bowling Green,40.7047,-74.0141,cloudy,None,70,26,16
2024-02-21,LM-ATM-016,Staten Ferry Terminal,40.7013,-74.0132,cloudy,None,54,36,25
2024-02-21,LM-ATM-017,Essex Market,40.7193,-73.9874,cloudy,None,60,26,17
2024-02-21,LM-ATM-018,Houston Street,40.7282,-74.005,cloudy,None,64,34,20
2024-02-21,LM-ATM-019,Delancey Street,40.7188,-73.9885,cloudy,None,55,28,17
2024-02-21,LM-ATM-020,Pier 17,40.7058,-74.0027,cloudy,None,47,35,20
2024-02-22,LM-ATM-001,Battery Park,40.7033,-74.017,rain,None,60,31,22
2024-02-22,LM-ATM-002,Wall Street,40.7074,-74.0113,rain,None,95,26,10
2024-02-22,LM-ATM-003,Broad Street,40.7069,-74.0113,rain,None,67,18,7
2024-02-22,LM-ATM-004,Fulton Center,40.7103,-74.0076,rain,None,74,26,16
2024-02-22,LM-ATM-005,South Street Seaport,40.7069,-74.003,rain,None,39,23,16
2024-02-22,LM-ATM-006,Tribeca,40.7163,-74.0086,rain,None,63,24,14
2024-02-22,LM-ATM-007,City Hall,40.7128,-74.0059,rain,None,69,22,14
2024-02-22,LM-ATM-008,Chinatown,40.7158,-73.9973,rain,None,68,36,21
2024-02-22,LM-ATM-009,Little Italy,40.7191,-73.9973,rain,None,48,29,19
2024-02-22,LM-ATM-010,SoHo Broadway,40.7233,-74.002,rain,None,51,40,27
2024-02-22,LM-ATM-011,NoLiTa,40.7228,-73.9973,rain,None,47,27,16
2024-02-22,LM-ATM-012,Canal Street,40.719,-74.002,rain,None,51,26,15
2024-02-22,LM-ATM-013,World Trade Center,40.7116,-74.013,rain,None,103,33,21
2024-02-22,LM-ATM-014,Brookfield Place,40.7127,-74.0155,rain,None,86,25,16
2024-02-22,LM-ATM-015,Bowling Green,40.7047,-74.0141,rain,None,57,24,14
2024-02-22,LM-ATM-016,Staten Ferry Terminal,40.7013,-74.0132,rain,None,43,27,18
2024-02-22,LM-ATM-017,Essex Market,40.7193,-73.9874,rain,None,65,34,20
2024-02-22,LM-ATM-018,Houston Street,40.7282,-74.005,rain,None,58,33,19
2024-02-22,LM-ATM-019,Delancey Street,40.7188,-73.9885,rain,None,57,28,16
2024-02-22,LM-ATM-020,Pier 17,40.7058,-74.0027,rain,None,48,35,21
2024-02-23,LM-ATM-001,Battery Park,40.7033,-74.017,clear,None,54,33,19
2024-02-23,LM-ATM-002,Wall Street,40.7074,-74.0113,clear,None,110,26,11
2024-02-23,LM-ATM-003,Broad Street,40.7069,-74.0113,clear,None,96,32,12
2024-02-23,LM-ATM-004,Fulton Center,40.7103,-74.0076,clear,None,98,43,24
2024-02-23,LM-ATM-005,South Street Seaport,40.7069,-74.003,clear,None,51,32,22
2024-02-23,LM-ATM-006,Tribeca,40.7163,-74.0086,clear,None,72,23,13
2024-02-23,LM-ATM-007,City Hall,40.7128,-74.0059,clear,None,72,28,12
2024-02-23,LM-ATM-008,Chinatown,40.7158,-73.9973,clear,None,72,37,19
2024-02-23,LM-ATM-009,Little Italy,40.7191,-73.9973,clear,None,62,38,23
2024-02-23,LM-ATM-010,SoHo Broadway,40.7233,-74.002,clear,None,79,51,37
2024-02-23,LM-ATM-011,NoLiTa,40.7228,-73.9973,clear,None,49,33,18
2024-02-23,LM-ATM-012,Canal Street,40.719,-74.002,clear,None,61,31,20
2024-02-23,LM-ATM-013,World Trade Center,40.7116,-74.013,clear,None,99,38,22
2024-02-23,LM-ATM-014,Brookfield Place,40.7127,-74.0155,clear,None,97,37,19
2024-02-23,LM-ATM-015,Bowling Green,40.7047,-74.0141,clear,None,88,28,20
2024-02-23,LM-ATM-016,Staten Ferry Terminal,40.7013,-74.0132,clear,None,66,45,25
2024-02-23,LM-ATM-017,Essex Market,40.7193,-73.9874,clear,None,65,32,17
2024-02-23,LM-ATM-018,Houston Street,40.7282,-74.005,clear,None,59,35,20
2024-02-23,LM-ATM-019,Delancey Street,40.7188,-73.9885,clear,None,68,41,22
2024-02-23,LM-ATM-020,Pier 17,40.7058,-74.0027,clear,None,57,42,26
2024-02-24,LM-ATM-001,Battery Park,40.7033,-74.017,cloudy,None,66,40,27
2024-02-24,LM-ATM-002,Wall Street,40.7074,-74.0113,cloudy,None,99,25,17
2024-02-24,LM-ATM-003,Broad Street,40.7069,-74.0113,cloudy,None,84,25,15
2024-02-24,LM-ATM-004,Fulton Center,40.7103,-74.0076,cloudy,None,67,30,15
2024-02-24,LM-ATM-005,South Street Seaport,40.7069,-74.003,cloudy,None,56,39,26
2024-02-24,LM-ATM-006,Tribeca,40.7163,-74.0086,cloudy,None,60,28,15
2024-02-24,LM-ATM-007,City Hall,40.7128,-74.0059,cloudy,None,61,28,15
2024-02-24,LM-ATM-008,Chinatown,40.7158,-73.9973,cloudy,None,59,38,19
2024-02-24,LM-ATM-009,Little Italy,40.7191,-73.9973,cloudy,None,46,34,22
2024-02-24,LM-ATM-010,SoHo Broadway,40.7233,-74.002,cloudy,None,79,53,38
2024-02-24,LM-ATM-011,NoLiTa,40.7228,-73.9973,cloudy,None,51,38,23
2024-02-24,LM-ATM-012,Canal Street,40.719,-74.002,cloudy,None,53,34,20
2024-02-24,LM-ATM-013,World Trade Center,40.7116,-74.013,cloudy,None,64,32,15
2024-02-24,LM-ATM-014,Brookfield Place,40.7127,-74.0155,cloudy,None,95,37,20
2024-02-24,LM-ATM-015,Bowling Green,40.7047,-74.0141,cloudy,None,68,32,19
2024-02-24,LM-ATM-016,Staten Ferry Terminal,40.7013,-74.0132,cloudy,None,61,44,26
2024-02-24,LM-ATM-017,Essex Market,40.7193,-73.9874,cloudy,None,57,30,19
2024-02-24,LM-ATM-018,Houston Street,40.7282,-74.005,cloudy,None,52,35,20
2024-02-24,LM-ATM-019,Delancey Street,40.7188,-73.9885,cloudy,None,53,39,19
2024-02-24,LM-ATM-020,Pier 17,40.7058,-74.0027,cloudy,None,56,45,29
2024-02-25,LM-ATM-001,Battery Park,40.7033,-74.017,clear,None,69,46,31
2024-02-25,LM-ATM-002,Wall Street,40.7074,-74.0113,clear,None,81,27,11
2024-02-25,LM-ATM-003,Broad Street,40.7069,-74.0113,clear,None,64,21,11
2024-02-25,LM-ATM-004,Fulton Center,40.7103,-74.0076,clear,None,81,48,23
2024-02-25,LM-ATM-005,South Street Seaport,40.7069,-74.003,clear,None,62,50,30
2024-02-25,LM-ATM-006,Tribeca,40.7163,-74.0086,clear,None,72,29,18
2024-02-25,LM-ATM-007,City Hall,40.7128,-74.0059,clear,None,66,29,16
2024-02-25,LM-ATM-008,Chinatown,40.7158,-73.9973,clear,None,70,37,23
2024-02-25,LM-ATM-009,Little Italy,40.7191,-73.9973,clear,None,59,42,25
2024-02-25,LM-ATM-010,SoHo Broadway,40.7233,-74.002,clear,None,71,63,41
2024-02-25,LM-ATM-011,NoLiTa,40.7228,-73.9973,clear,None,48,35,22
2024-02-25,LM-ATM-012,Canal Street,40.719,-74.002,clear,None,81,48,28
2024-02-25,LM-ATM-013,World Trade Center,40.7116,-74.013,clear,None,82,35,20
2024-02-25,LM-ATM-014,Brookfield Place,40.7127,-74.0155,clear,None,81,38,22
2024-02-25,LM-ATM-015,Bowling Green,40.7047,-74.0141,clear,None,83,39,20
2024-02-25,LM-ATM-016,Staten Ferry Terminal,40.7013,-74.0132,clear,None,45,29,19
2024-02-25,LM-ATM-017,Essex Market,40.7193,-73.9874,clear,None,67,44,24
2024-02-25,LM-ATM-018,Houston Street,40.7282,-74.005,clear,None,55,39,21
2024-02-25,LM-ATM-019,Delancey Street,40.7188,-73.9885,clear,None,58,34,21
2024-02-25,LM-ATM-020,Pier 17,40.7058,-74.0027,clear,None,45,36,23
2024-02-26,LM-ATM-001,Battery Park,40.7033,-74.017,rain,None,56,29,17
2024-02-26,LM-ATM-002,Wall Street,40.7074,-74.0113,rain,None,76,20,7
2024-02-26,LM-ATM-003,Broad Street,40.7069,-74.0113,rain,None,86,25,11
2024-02-26,LM-ATM-004,Fulton Center,40.7103,-74.0076,rain,None,76,31,18
2024-02-26,LM-ATM-005,South Street Seaport,40.7069,-74.003,rain,None,58,36,24
2024-02-26,LM-ATM-006,Tribeca,40.7163,-74.0086,rain,None,47,19,8
2024-02-26,LM-ATM-007,City Hall,40.7128,-74.0059,rain,None,64,21,13
2024-02-26,LM-ATM-008,Chinatown,40.7158,-73.9973,rain,None,55,26,15
2024-02-26,LM-ATM-009,Little Italy,40.7191,-73.9973,rain,None,52,33,17
2024-02-26,LM-ATM-010,SoHo Broadway,40.7233,-74.002,rain,None,61,47,29
2024-02-26,LM-ATM-011,NoLiTa,40.7228,-73.9973,rain,None,33,22,12
2024-02-26,LM-ATM-012,Canal Street,40.719,-74.002,rain,None,53,31,17
2024-02-26,LM-ATM-013,World Trade Center,40.7116,-74.013,rain,None,86,28,14
2024-02-26,LM-ATM-014,Brookfield Place,40.7127,-74.0155,rain,None,87,28,17
2024-02-26,LM-ATM-015,Bowling Green,40.7047,-74.0141,rain,None,56,24,14
2024-02-26,LM-ATM-016,Staten Ferry Terminal,40.7013,-74.0132,rain,None,53,38,22
2024-02-26,LM-ATM-017,Essex Market,40.7193,-73.9874,rain,None,61,29,17
2024-02-26,LM-ATM-018,Houston Street,40.7282,-74.005,rain,None,53,30,17
2024-02-26,LM-ATM-019,Delancey Street,40.7188,-73.9885,rain,None,47,26,13
2024-02-26,LM-ATM-020,Pier 17,40.7058,-74.0027,rain,None,37,28,20
2024-02-27,LM-ATM-001,Battery Park,40.7033,-74.017,cloudy,None,57,34,22
2024-02-27,LM-ATM-002,Wall Street,40.7074,-74.0113,cloudy,None,111,30,16
2024-02-27,LM-ATM-003,Broad Street,40.7069,-74.0113,cloudy,None,82,24,10
2024-02-27,LM-ATM-004,Fulton Center,40.7103,-74.0076,cloudy,None,90,37,21
2024-02-27,LM-ATM-005,South Street Seaport,40.7069,-74.003,cloudy,None,60,36,26
2024-02-27,LM-ATM-006,Tribeca,40.7163,-74.0086,cloudy,None,80,29,15
2024-02-27,LM-ATM-007,City Hall,40.7128,-74.0059,cloudy,None,85,32,16
2024-02-27,LM-ATM-008,Chinatown,40.7158,-73.9973,cloudy,None,67,36,21
2024-02-27,LM-ATM-009,Little Italy,40.7191,-73.9973,cloudy,None,63,35,24
2024-02-27,LM-ATM-010,SoHo Broadway,40.7233,-74.002,cloudy,None,70,47,30
2024-02-27,LM-ATM-011,NoLiTa,40.7228,-73.9973,cloudy,None,63,39,24
2024-02-27,LM-ATM-012,Canal Street,40.719,-74.002,cloudy,None,72,35,21
2024-02-27,LM-ATM-013,World Trade Center,40.7116,-74.013,cloudy,None,107,43,21
2024-02-27,LM-ATM-014,Brookfield Place,40.7127,-74.0155,cloudy,None,99,36,19
2024-02-27,LM-ATM-015,Bowling Green,40.7047,-74.0141,cloudy,None,78,34,16
2024-02-27,LM-ATM-016,Staten Ferry Terminal,40.7013,-74.0132,cloudy,None,74,41,28
2024-02-27,LM-ATM-017,Essex Market,40.7193,-73.9874,cloudy,None,49,24,14
2024-02-27,LM-ATM-018,Houston Street,40.7282,-74.005,cloudy,None,62,41,24
2024-02-27,LM-ATM-019,Delancey Street,40.7188,-73.9885,cloudy,None,53,26,15
2024-02-27,LM-ATM-020,Pier 17,40.7058,-74.0027,cloudy,None,77,51,33
2024-02-28,LM-ATM-001,Battery Park,40.7033,-74.017,clear,None,50,32,19
2024-02-28,LM-ATM-002,Wall Street,40.7074,-74.0113,clear,None,98,25,9
2024-02-28,LM-ATM-003,Broad Street,40.7069,-74.0113,clear,None,98,25,12
2024-02-28,LM-ATM-004,Fulton Center,40.7103,-74.0076,clear,None,77,29,19
2024-02-28,LM-ATM-005,South Street Seaport,40.7069,-74.003,clear,None,66,46,27
2024-02-28,LM-ATM-006,Tribeca,40.7163,-74.0086,clear,None,64,23,12
2024-02-28,LM-ATM-007,City Hall,40.7128,-74.0059,clear,None,100,30,21
2024-02-28,LM-ATM-008,Chinatown,40.7158,-73.9973,clear,None,63,37,22
2024-02-28,LM-ATM-009,Little Italy,40.7191,-73.9973,clear,None,57,38,22
2024-02-28,LM-ATM-010,SoHo Broadway,40.7233,-74.002,clear,None,61,42,25
2024-02-28,LM-ATM-011,NoLiTa,40.7228,-73.9973,clear,None,50,29,18
2024-02-28,LM-ATM-012,Canal Street,40.719,-74.002,clear,None,54,32,17
2024-02-28,LM-ATM-013,World Trade Center,40.7116,-74.013,clear,None,109,35,24
2024-02-28,LM-ATM-014,Brookfield Place,40.7127,-74.0155,clear,None,97,37,22
2024-02-28,LM-ATM-015,Bowling Green,40.7047,-74.0141,clear,None,81,29,17
2024-02-28,LM-ATM-016,Staten Ferry Terminal,40.7013,-74.0132,clear,None,73,48,30
2024-02-28,LM-ATM-017,Essex Market,40.7193,-73.9874,clear,None,65,33,17
2024-02-28,LM-ATM-018,Houston Street,40.7282,-74.005,clear,None,51,28,19
2024-02-28,LM-ATM-019,Delancey Street,40.7188,-73.9885,clear,None,65,39,23
2024-02-28,LM-ATM-020,Pier 17,40.7058,-74.0027,clear,None,56,38,26
2024-02-29,LM-ATM-001,Battery Park,40.7033,-74.017,clear,None,66,40,23
2024-02-29,LM-ATM-002,Wall Street,40.7074,-74.0113,clear,None,111,27,12
2024-02-29,LM-ATM-003,Broad Street,40.7069,-74.0113,clear,None,124,26,19
2024-02-29,LM-ATM-004,Fulton Center,40.7103,-74.0076,clear,None,108,52,27
2024-02-29,LM-ATM-005,South Street Seaport,40.7069,-74.003,clear,None,90,58,31
2024-02-29,LM-ATM-006,Tribeca,40.7163,-74.0086,clear,None,71,26,13
2024-02-29,LM-ATM-007,City Hall,40.7128,-74.0059,clear,None,68,27,15
2024-02-29,LM-ATM-008,Chinatown,40.7158,-73.9973,clear,None,81,38,21
2024-02-29,LM-ATM-009,Little Italy,40.7191,-73.9973,clear,None,55,36,23
2024-02-29,LM-ATM-010,SoHo Broadway,40.7233,-74.002,clear,None,70,41,30
2024-02-29,LM-ATM-011,NoLiTa,40.7228,-73.9973,clear,None,64,37,21
2024-02-29,LM-ATM-012,Canal Street,40.719,-74.002,clear,None,79,43,22
2024-02-29,LM-ATM-013,World Trade Center,40.7116,-74.013,clear,None,95,39,20
2024-02-29,LM-ATM-014,Brookfield Place,40.7127,-74.0155,clear,None,116,39,18
2024-02-29,LM-ATM-015,Bowling Green,40.7047,-74.0141,clear,None,74,36,19
2024-02-29,LM-ATM-016,Staten Ferry Terminal,40.7013,-74.0132,clear,None,57,43,22
2024-02-29,LM-ATM-017,Essex Market,40.7193,-73.9874,clear,None,48,25,15
2024-02-29,LM-ATM-018,Houston Street,40.7282,-74.005,clear,None,66,35,22
2024-02-29,LM-ATM-019,Delancey Street,40.7188,-73.9885,clear,None,62,36,19
2024-02-29,LM-ATM-020,Pier 17,40.7058,-74.0027,clear,None,49,35,25
2024-03-01,LM-ATM-001,Battery Park,40.7033,-74.017,cloudy,None,70,46,26
2024-03-01,LM-ATM-002,Wall Street,40.7074,-74.0113,cloudy,None,137,35,17
2024-03-01,LM-ATM-003,Broad Street,40.7069,-74.0113,cloudy,None,97,21,14
2024-03-01,LM-ATM-004,Fulton Center,40.7103,-74.0076,cloudy,None,106,42,27
2024-03-01,LM-ATM-005,South Street Seaport,40.7069,-74.003,cloudy,None,65,38,25
2024-03-01,LM-ATM-006,Tribeca,40.7163,-74.0086,cloudy,None,81,33,17
2024-03-01,LM-ATM-007,City Hall,40.7128,-74.0059,cloudy,None,104,36,17
2024-03-01,LM-ATM-008,Chinatown,40.7158,-73.9973,cloudy,None,73,36,22
2024-03-01,LM-ATM-009,Little Italy,40.7191,-73.9973,cloudy,None,50,33,19
2024-03-01,LM-ATM-010,SoHo Broadway,40.7233,-74.002,cloudy,None,74,52,35
2024-03-01,LM-ATM-011,NoLiTa,40.7228,-73.9973,cloudy,None,70,35,25
2024-03-01,LM-ATM-012,Canal Street,40.719,-74.002,cloudy,None,77,42,24
2024-03-01,LM-ATM-013,World Trade Center,40.7116,-74.013,cloudy,None,104,38,21
2024-03-01,LM-ATM-014,Brookfield Place,40.7127,-74.0155,cloudy,None,87,30,17
2024-03-01,LM-ATM-015,Bowling Green,40.7047,-74.0141,cloudy,None,82,33,18
2024-03-01,LM-ATM-016,Staten Ferry Terminal,40.7013,-74.0132,cloudy,None,56,39,25
2024-03-01,LM-ATM-017,Essex Market,40.7193,-73.9874,cloudy,None,79,41,22
2024-03-01,LM-ATM-018,Houston Street,40.7282,-74.005,cloudy,None,69,44,24
2024-03-01,LM-ATM-019,Delancey Street,40.7188,-73.9885,cloudy,None,70,40,20
2024-03-01,LM-ATM-020,Pier 17,40.7058,-74.0027,cloudy,None,58,46,29
2024-03-02,LM-ATM-001,Battery Park,40.7033,-74.017,rain,None,48,35,21
2024-03-02,LM-ATM-002,Wall Street,40.7074,-74.0113,rain,None,81,26,10
2024-03-02,LM-ATM-003,Broad Street,40.7069,-74.0113,rain,None,65,21,11
2024-03-02,LM-ATM-004,Fulton Center,40.7103,-74.0076,rain,None,84,35,22
2024-03-02,LM-ATM-005,South Street Seaport,40.7069,-74.003,rain,None,49,37,25
2024-03-02,LM-ATM-006,Tribeca,40.7163,-74.0086,rain,None,62,31,15
2024-03-02,LM-ATM-007,City Hall,40.7128,-74.0059,rain,None,56,23,12
2024-03-02,LM-ATM-008,Chinatown,40.7158,-73.9973,rain,None,68,38,19
2024-03-02,LM-ATM-009,Little Italy,40.7191,-73.9973,rain,None,42,31,18
2024-03-02,LM-ATM-010,SoHo Broadway,40.7233,-74.002,rain,None,50,43,26
2024-03-02,LM-ATM-011,NoLiTa,40.7228,-73.9973,rain,None,39,32,15
2024-03-02,LM-ATM-012,Canal Street,40.719,-74.002,rain,None,47,31,15
2024-03-02,LM-ATM-013,World Trade Center,40.7116,-74.013,rain,None,64,27,15
2024-03-02,LM-ATM-014,Brookfield Place,40.7127,-74.0155,rain,None,71,31,15
2024-03-02,LM-ATM-015,Bowling Green,40.7047,-74.0141,rain,None,78,34,19
2024-03-02,LM-ATM-016,Staten Ferry Terminal,40.7013,-74.0132,rain,None,49,34,23
2024-03-02,LM-ATM-017,Essex Market,40.7193,-73.9874,rain,None,60,37,21
2024-03-02,LM-ATM-018,Houston Street,40.7282,-74.005,rain,None,53,37,20
2024-03-02,LM-ATM-019,Delancey Street,40.7188,-73.9885,rain,None,36,23,12
2024-03-02,LM-ATM-020,Pier 17,40.7058,-74.0027,rain,None,53,42,29
2024-03-03,LM-ATM-001,Battery Park,40.7033,-74.017,clear,None,48,36,19
2024-03-03,LM-ATM-002,Wall Street,40.7074,-74.0113,clear,None,80,26,11
2024-03-03,LM-ATM-003,Broad Street,40.7069,-74.0113,clear,None,88,24,13
2024-03-03,LM-ATM-004,Fulton Center,40.7103,-74.0076,clear,None,77,38,23
2024-03-03,LM-ATM-005,South Street Seaport,40.7069,-74.003,clear,None,85,60,38
2024-03-03,LM-ATM-006,Tribeca,40.7163,-74.0086,clear,None,70,35,18
2024-03-03,LM-ATM-007,City Hall,40.7128,-74.0059,clear,None,78,35,19
2024-03-03,LM-ATM-008,Chinatown,40.7158,-73.9973,clear,None,96,49,30
2024-03-03,LM-ATM-009,Little Italy,40.7191,-73.9973,clear,None,72,56,29
2024-03-03,LM-ATM-010,SoHo Broadway,40.7233,-74.002,clear,None,59,53,34
2024-03-03,LM-ATM-011,NoLiTa,40.7228,-73.9973,clear,None,63,37,22
2024-03-03,LM-ATM-012,Canal Street,40.719,-74.002,clear,None,82,52,29
2024-03-03,LM-ATM-013,World Trade Center,40.7116,-74.013,clear,None,90,36,18
2024-03-03,LM-ATM-014,Brookfield Place,40.7127,-74.0155,clear,None,111,39,26
2024-03-03,LM-ATM-015,Bowling Green,40.7047,-74.0141,clear,None,65,30,16
2024-03-03,LM-ATM-016,Staten Ferry Terminal,40.7013,-74.0132,clear,None,90,61,35
2024-03-03,LM-ATM-017,Essex Market,40.7193,-73.9874,clear,None,56,31,16
2024-03-03,LM-ATM-018,Houston Street,40.7282,-74.005,clear,None,84,47,30
2024-03-03,LM-ATM-019,Delancey Street,40.7188,-73.9885,clear,None,77,51,26
2024-03-03,LM-ATM-020,Pier 17,40.7058,-74.0027,clear,None,74,66,45
2024-03-04,LM-ATM-001,Battery Park,40.7033,-74.017,rain,None,64,33,23
2024-03-04,LM-ATM-002,Wall Street,40.7074,-74.0113,rain,None,103,30,11
2024-03-04,LM-ATM-003,Broad Street,40.7069,-74.0113,rain,None,82,23,10
2024-03-04,LM-ATM-004,Fulton Center,40.7103,-74.0076,rain,None,92,33,23
2024-03-04,LM-ATM-005,South Street Seaport,40.7069,-74.003,rain,None,65,50,29
2024-03-04,LM-ATM-006,Tribeca,40.7163,-74.0086,rain,None,87,29,14
2024-03-04,LM-ATM-007,City Hall,40.7128,-74.0059,rain,None,83,34,18
2024-03-04,LM-ATM-008,Chinatown,40.7158,-73.9973,rain,None,77,33,25
2024-03-04,LM-ATM-009,Little Italy,40.7191,-73.9973,rain,None,48,36,19
2024-03-04,LM-ATM-010,SoHo Broadway,40.7233,-74.002,rain,None,61,39,29
2024-03-04,LM-ATM-011,NoLiTa,40.7228,-73.9973,rain,None,44,29,16
2024-03-04,LM-ATM-012,Canal Street,40.719,-74.002,rain,None,65,34,21
2024-03-04,LM-ATM-013,World Trade Center,40.7116,-74.013,rain,None,109,30,21
2024-03-04,LM-ATM-014,Brookfield Place,40.7127,-74.0155,rain,None,81,31,20
2024-03-04,LM-ATM-015,Bowling Green,40.7047,-74.0141,rain,None,72,30,16
2024-03-04,LM-ATM-016,Staten Ferry Terminal,40.7013,-74.0132,rain,None,64,45,27
2024-03-04,LM-ATM-017,Essex Market,40.7193,-73.9874,rain,None,51,27,16
2024-03-04,LM-ATM-018,Houston Street,40.7282,-74.005,rain,None,50,30,18
2024-03-04,LM-ATM-019,Delancey Street,40.7188,-73.9885,rain,None,56,29,16
2024-03-04,LM-ATM-020,Pier 17,40.7058,-74.0027,rain,None,54,49,28
2024-03-05,LM-ATM-001,Battery Park,40.7033,-74.017,clear,None,67,40,21
2024-03-05,LM-ATM-002,Wall Street,40.7074,-74.0113,clear,None,117,27,14
2024-03-05,LM-ATM-003,Broad Street,40.7069,-74.0113,clear,None,98,29,11
2024-03-05,LM-ATM-004,Fulton Center,40.7103,-74.0076,clear,None,106,51,28
2024-03-05,LM-ATM-005,South Street Seaport,40.7069,-74.003,clear,None,75,52,32
2024-03-05,LM-ATM-006,Tribeca,40.7163,-74.0086,clear,None,74,28,15
2024-03-05,LM-ATM-007,City Hall,40.7128,-74.0059,clear,None,90,33,17
2024-03-05,LM-ATM-008,Chinatown,40.7158,-73.9973,clear,None,80,38,22
2024-03-05,LM-ATM-009,Little Italy,40.7191,-73.9973,clear,None,68,41,22
2024-03-05,LM-ATM-010,SoHo Broadway,40.7233,-74.002,clear,None,59,42,28
2024-03-05,LM-ATM-011,NoLiTa,40.7228,-73.9973,clear,None,61,38,24
2024-03-05,LM-ATM-012,Canal Street,40.719,-74.002,clear,None,101,55,30
2024-03-05,LM-ATM-013,World Trade Center,40.7116,-74.013,clear,None,134,42,29
2024-03-05,LM-ATM-014,Brookfield Place,40.7127,-74.0155,clear,None,105,35,25
2024-03-05,LM-ATM-015,Bowling Green,40.7047,-74.0141,clear,None,108,48,25
2024-03-05,LM-ATM-016,Staten Ferry Terminal,40.7013,-74.0132,clear,None,75,42,27
2024-03-05,LM-ATM-017,Essex Market,40.7193,-73.9874,clear,None,78,37,24
2024-03-05,LM-ATM-018,Houston Street,40.7282,-74.005,clear,None,60,34,20
2024-03-05,LM-ATM-019,Delancey Street,40.7188,-73.9885,clear,None,62,38,20
2024-03-05,LM-ATM-020,Pier 17,40.7058,-74.0027,clear,None,56,40,26
2024-03-06,LM-ATM-001,Battery Park,40.7033,-74.017,cloudy,None,54,36,19
2024-03-06,LM-ATM-002,Wall Street,40.7074,-74.0113,cloudy,None,112,24,13
2024-03-06,LM-ATM-003,Broad Street,40.7069,-74.0113,cloudy,None,100,27,15
2024-03-06,LM-ATM-004,Fulton Center,40.7103,-74.0076,cloudy,None,113,46,27
2024-03-06,LM-ATM-005,South Street Seaport,40.7069,-74.003,cloudy,None,69,44,29
2024-03-06,LM-ATM-006,Tribeca,40.7163,-74.0086,cloudy,None,69,24,14
2024-03-06,LM-ATM-007,City Hall,40.7128,-74.0059,cloudy,None,87,28,18
2024-03-06,LM-ATM-008,Chinatown,40.7158,-73.9973,cloudy,None,77,39,20
2024-03-06,LM-ATM-009,Little Italy,40.7191,-73.9973,cloudy,None,65,42,22
2024-03-06,LM-ATM-010,SoHo Broadway,40.7233,-74.002,cloudy,None,69,45,33
2024-03-06,LM-ATM-011,NoLiTa,40.7228,-73.9973,cloudy,None,68,43,25
2024-03-06,LM-ATM-012,Canal Street,40.719,-74.002,cloudy,None,83,46,29
2024-03-06,LM-ATM-013,World Trade Center,40.7116,-74.013,cloudy,None,97,36,20
2024-03-06,LM-ATM-014,Brookfield Place,40.7127,-74.0155,cloudy,None,88,36,17
2024-03-06,LM-ATM-015,Bowling Green,40.7047,-74.0141,cloudy,None,69,31,18
2024-03-06,LM-ATM-016,Staten Ferry Terminal,40.7013,-74.0132,cloudy,None,63,38,26
2024-03-06,LM-ATM-017,Essex Market,40.7193,-73.9874,cloudy,None,69,33,20
2024-03-06,LM-ATM-018,Houston Street,40.7282,-74.005,cloudy,None,82,42,27
2024-03-06,LM-ATM-019,Delancey Street,40.7188,-73.9885,cloudy,None,54,32,15
2024-03-06,LM-ATM-020,Pier 17,40.7058,-74.0027,cloudy,None,58,45,27
2024-03-07,LM-ATM-001,Battery Park,40.7033,-74.017,cloudy,None,69,36,24
2024-03-07,LM-ATM-002,Wall Street,40.7074,-74.0113,cloudy,None,128,33,15
2024-03-07,LM-ATM-003,Broad Street,40.7069,-74.0113,cloudy,None,92,30,12
2024-03-07,LM-ATM-004,Fulton Center,40.7103,-74.0076,cloudy,None,118,48,24
2024-03-07,LM-ATM-005,South Street Seaport,40.7069,-74.003,cloudy,None,62,38,25
2024-03-07,LM-ATM-006,Tribeca,40.7163,-74.0086,cloudy,None,72,30,13
2024-03-07,LM-ATM-007,City Hall,40.7128,-74.0059,cloudy,None,84,36,18
2024-03-07,LM-ATM-008,Chinatown,40.7158,-73.9973,cloudy,None,60,28,17
2024-03-07,LM-ATM-009,Little Italy,40.7191,-73.9973,cloudy,None,56,38,21
2024-03-07,LM-ATM-010,SoHo Broadway,40.7233,-74.002,cloudy,None,70,44,32
2024-03-07,LM-ATM-011,NoLiTa,40.7228,-73.9973,cloudy,None,58,36,21
2024-03-07,LM-ATM-012,Canal Street,40.719,-74.002,cloudy,None,79,37,24
2024-03-07,LM-ATM-013,World Trade Center,40.7116,-74.013,cloudy,None,127,42,23
2024-03-07,LM-ATM-014,Brookfield Place,40.7127,-74.0155,cloudy,None,93,25,15
2024-03-07,LM-ATM-015,Bowling Green,40.7047,-74.0141,cloudy,None,97,39,23
2024-03-07,LM-ATM-016,Staten Ferry Terminal,40.7013,-74.0132,cloudy,None,71,45,28
2024-03-07,LM-ATM-017,Essex Market,40.7193,-73.9874,cloudy,None,95,39,23
2024-03-07,LM-ATM-018,Houston Street,40.7282,-74.005,cloudy,None,63,32,20
2024-03-07,LM-ATM-019,Delancey Street,40.7188,-73.9885,cloudy,None,65,34,20
2024-03-07,LM-ATM-020,Pier 17,40.7058,-74.0027,cloudy,None,45,39,22
2024-03-08,LM-ATM-001,Battery Park,40.7033,-74.017,rain,None,48,27,17
2024-03-08,LM-ATM-002,Wall Street,40.7074,-74.0113,rain,None,105,22,14
2024-03-08,LM-ATM-003,Broad Street,40.7069,-74.0113,rain,None,87,26,12
2024-03-08,LM-ATM-004,Fulton Center,40.7103,-74.0076,rain,None,77,37,19
2024-03-08,LM-ATM-005,South Street Seaport,40.7069,-74.003,rain,None,57,34,23
2024-03-08,LM-ATM-006,Tribeca,40.7163,-74.0086,rain,None,52,23,12
2024-03-08,LM-ATM-007,City Hall,40.7128,-74.0059,rain,None,92,31,20
2024-03-08,LM-ATM-008,Chinatown,40.7158,-73.9973,rain,None,64,32,18
2024-03-08,LM-ATM-009,Little Italy,40.7191,-73.9973,rain,None,55,35,21
2024-03-08,LM-ATM-010,SoHo Broadway,40.7233,-74.002,rain,None,64,45,30
2024-03-08,LM-ATM-011,NoLiTa,40.7228,-73.9973,rain,None,44,25,16
2024-03-08,LM-ATM-012,Canal Street,40.719,-74.002,rain,None,84,41,26
2024-03-08,LM-ATM-013,World Trade Center,40.7116,-74.013,rain,None,100,32,20
2024-03-08,LM-ATM-014,Brookfield Place,40.7127,-74.0155,rain,None,104,38,20
2024-03-08,LM-ATM-015,Bowling Green,40.7047,-74.0141,rain,None,68,25,15
2024-03-08,LM-ATM-016,Staten Ferry Terminal,40.7013,-74.0132,rain,None,53,40,22
2024-03-08,LM-ATM-017,Essex Market,40.7193,-73.9874,rain,None,64,34,17
2024-03-08,LM-ATM-018,Houston Street,40.7282,-74.005,rain,None,70,39,21
2024-03-08,LM-ATM-019,Delancey Street,40.7188,-73.9885,rain,None,60,31,17
2024-03-08,LM-ATM-020,Pier 17,40.7058,-74.0027,rain,None,55,42,29
2024-03-09,LM-ATM-001,Battery Park,40.7033,-74.017,clear,None,72,59,30
2024-03-09,LM-ATM-002,Wall Street,40.7074,-74.0113,clear,None,116,32,13
2024-03-09,LM-ATM-003,Broad Street,40.7069,-74.0113,clear,None,96,35,14
2024-03-09,LM-ATM-004,Fulton Center,40.7103,-74.0076,clear,None,83,40,23
2024-03-09,LM-ATM-005,South Street Seaport,40.7069,-74.003,clear,None,73,57,37
2024-03-09,LM-ATM-006,Tribeca,40.7163,-74.0086,clear,None,62,33,13
2024-03-09,LM-ATM-007,City Hall,40.7128,-74.0059,clear,None,94,47,24
2024-03-09,LM-ATM-008,Chinatown,40.7158,-73.9973,clear,None,62,38,18
2024-03-09,LM-ATM-009,Little Italy,40.7191,-73.9973,clear,None,57,42,23
2024-03-09,LM-ATM-010,SoHo Broadway,40.7233,-74.002,clear,None,73,64,40
2024-03-09,LM-ATM-011,NoLiTa,40.7228,-73.9973,clear,None,60,42,25
2024-03-09,LM-ATM-012,Canal Street,40.719,-74.002,clear,None,64,47,25
2024-03-09,LM-ATM-013,World Trade Center,40.7116,-74.013,clear,None,110,41,23
2024-03-09,LM-ATM-014,Brookfield Place,40.7127,-74.0155,clear,None,95,46,23
2024-03-09,LM-ATM-015,Bowling Green,40.7047,-74.0141,clear,None,81,46,21
2024-03-09,LM-ATM-016,Staten Ferry Terminal,40.7013,-74.0132,clear,None,80,62,37
2024-03-09,LM-ATM-017,Essex Market,40.7193,-73.9874,clear,None,77,39,22
2024-03-09,LM-ATM-018,Houston Street,40.7282,-74.005,clear,None,95,60,34
2024-03-09,LM-ATM-019,Delancey Street,40.7188,-73.9885,clear,None,49,33,16
2024-03-09,LM-ATM-020,Pier 17,40.7058,-74.0027,clear,None,68,56,36
2024-03-10,LM-ATM-001,Battery Park,40.7033,-74.017,cloudy,None,66,47,26
2024-03-10,LM-ATM-002,Wall Street,40.7074,-74.0113,cloudy,None,98,29,14
2024-03-10,LM-ATM-003,Broad Street,40.7069,-74.0113,cloudy,None,78,28,13
2024-03-10,LM-ATM-004,Fulton Center,40.7103,-74.0076,cloudy,None,71,34,20
2024-03-10,LM-ATM-005,South Street Seaport,40.7069,-74.003,cloudy,None,58,42,29
2024-03-10,LM-ATM-006,Tribeca,40.7163,-74.0086,cloudy,None,67,32,16
2024-03-10,LM-ATM-007,City Hall,40.7128,-74.0059,cloudy,None,67,32,15
2024-03-10,LM-ATM-008,Chinatown,40.7158,-73.9973,cloudy,None,56,31,18
2024-03-10,LM-ATM-009,Little Italy,40.7191,-73.9973,cloudy,None,62,53,31
2024-03-10,LM-ATM-010,SoHo Broadway,40.7233,-74.002,cloudy,None,65,51,34
2024-03-10,LM-ATM-011,NoLiTa,40.7228,-73.9973,cloudy,None,60,47,27
2024-03-10,LM-ATM-012,Canal Street,40.719,-74.002,cloudy,None,84,54,31
2024-03-10,LM-ATM-013,World Trade Center,40.7116,-74.013,cloudy,None,91,47,24
2024-03-10,LM-ATM-014,Brookfield Place,40.7127,-74.0155,cloudy,None,63,28,15
2024-03-10,LM-ATM-015,Bowling Green,40.7047,-74.0141,cloudy,None,68,33,20
2024-03-10,LM-ATM-016,Staten Ferry Terminal,40.7013,-74.0132,cloudy,None,66,48,27
2024-03-10,LM-ATM-017,Essex Market,40.7193,-73.9874,cloudy,None,56,34,18
2024-03-10,LM-ATM-018,Houston Street,40.7282,-74.005,cloudy,None,55,37,19
2024-03-10,LM-ATM-019,Delancey Street,40.7188,-73.9885,cloudy,None,70,43,23
2024-03-10,LM-ATM-020,Pier 17,40.7058,-74.0027,cloudy,None,53,47,30
2024-03-11,LM-ATM-001,Battery Park,40.7033,-74.017,rain,None,45,30,17
2024-03-11,LM-ATM-002,Wall Street,40.7074,-74.0113,rain,None,112,29,13
2024-03-11,LM-ATM-003,Broad Street,40.7069,-74.0113,rain,None,97,27,12
2024-03-11,LM-ATM-004,Fulton Center,40.7103,-74.0076,rain,None,74,34,20
2024-03-11,LM-ATM-005,South Street Seaport,40.7069,-74.003,rain,None,59,42,25
2024-03-11,LM-ATM-006,Tribeca,40.7163,-74.0086,rain,None,89,31,16
2024-03-11,LM-ATM-007,City Hall,40.7128,-74.0059,rain,None,64,26,14
2024-03-11,LM-ATM-008,Chinatown,40.7158,-73.9973,rain,None,56,26,16
2024-03-11,LM-ATM-009,Little Italy,40.7191,-73.9973,rain,None,50,31,20
2024-03-11,LM-ATM-010,SoHo Broadway,40.7233,-74.002,rain,None,72,43,31
2024-03-11,LM-ATM-011,NoLiTa,40.7228,-73.9973,rain,None,62,43,20
2024-03-11,LM-ATM-012,Canal Street,40.719,-74.002,rain,None,69,33,22
2024-03-11,LM-ATM-013,World Trade Center,40.7116,-74.013,rain,None,83,31,18
2024-03-11,LM-ATM-014,Brookfield Place,40.7127,-74.0155,rain,None,99,32,21
2024-03-11,LM-ATM-015,Bowling Green,40.7047,-74.0141,rain,None,68,29,17
2024-03-11,LM-ATM-016,Staten Ferry Terminal,40.7013,-74.0132,rain,None,59,43,22
2024-03-11,LM-ATM-017,Essex Market,40.7193,-73.9874,rain,None,52,26,16
2024-03-11,LM-ATM-018,Houston Street,40.7282,-74.005,rain,None,47,28,17
2024-03-11,LM-ATM-019,Delancey Street,40.7188,-73.9885,rain,None,57,28,17
2024-03-11,LM-ATM-020,Pier 17,40.7058,-74.0027,rain,None,51,38,26
2024-03-12,LM-ATM-001,Battery Park,40.7033,-74.017,clear,None,65,36,22
2024-03-12,LM-ATM-002,Wall Street,40.7074,-74.0113,clear,None,132,28,16
2024-03-12,LM-ATM-003,Broad Street,40.7069,-74.0113,clear,None,109,28,12
2024-03-12,LM-ATM-004,Fulton Center,40.7103,-74.0076,clear,None,110,46,26
2024-03-12,LM-ATM-005,South Street Seaport,40.7069,-74.003,clear,None,78,46,30
2024-03-12,LM-ATM-006,Tribeca,40.7163,-74.0086,clear,None,62,23,14
2024-03-12,LM-ATM-007,City Hall,40.7128,-74.0059,clear,None,74,30,16
2024-03-12,LM-ATM-008,Chinatown,40.7158,-73.9973,clear,None,78,36,23
2024-03-12,LM-ATM-009,Little Italy,40.7191,-73.9973,clear,None,65,37,25
2024-03-12,LM-ATM-010,SoHo Broadway,40.7233,-74.002,clear,None,68,52,35
2024-03-12,LM-ATM-011,NoLiTa,40.7228,-73.9973,clear,None,65,34,22
2024-03-12,LM-ATM-012,Canal Street,40.719,-74.002,clear,None,88,45,27
2024-03-12,LM-ATM-013,World Trade Center,40.7116,-74.013,clear,None,142,49,27
2024-03-12,LM-ATM-014,Brookfield Place,40.7127,-74.0155,clear,None,110,34,21
2024-03-12,LM-ATM-015,Bowling Green,40.7047,-74.0141,clear,None,101,44,24
2024-03-12,LM-ATM-016,Staten Ferry Terminal,40.7013,-74.0132,clear,None,83,56,31
2024-03-12,LM-ATM-017,Essex Market,40.7193,-73.9874,clear,None,85,39,24
2024-03-12,LM-ATM-018,Houston Street,40.7282,-74.005,clear,None,74,43,24
2024-03-12,LM-ATM-019,Delancey Street,40.7188,-73.9885,clear,None,66,34,22
2024-03-12,LM-ATM-020,Pier 17,40.7058,-74.0027,clear,None,69,55,35
2024-03-13,LM-ATM-001,Battery Park,40.7033,-74.017,clear,None,75,41,24
2024-03-13,LM-ATM-002,Wall Street,40.7074,-74.0113,clear,None,128,24,15
2024-03-13,LM-ATM-003,Broad Street,40.7069,-74.0113,clear,None,126,32,14
2024-03-13,LM-ATM-004,Fulton Center,40.7103,-74.0076,clear,None,119,47,27
2024-03-13,LM-ATM-005,South Street Seaport,40.7069,-74.003,clear,None,103,65,39
2024-03-13,LM-ATM-006,Tribeca,40.7163,-74.0086,clear,None,82,35,13
2024-03-13,LM-ATM-007,City Hall,40.7128,-74.0059,clear,None,80,31,17
2024-03-13,LM-ATM-008,Chinatown,40.7158,-73.9973,clear,None,69,35,20
2024-03-13,LM-ATM-009,Little Italy,40.7191,-73.9973,clear,None,63,37,25
2024-03-13,LM-ATM-010,SoHo Broadway,40.7233,-74.002,clear,None,76,49,36
2024-03-13,LM-ATM-011,NoLiTa,40.7228,-73.9973,clear,None,70,42,27
2024-03-13,LM-ATM-012,Canal Street,40.719,-74.002,clear,None,93,49,29
2024-03-13,LM-ATM-013,World Trade Center,40.7116,-74.013,clear,None,112,42,25
2024-03-13,LM-ATM-014,Brookfield Place,40.7127,-74.0155,clear,None,127,43,26
2024-03-13,LM-ATM-015,Bowling Green,40.7047,-74.0141,clear,None,102,38,24
2024-03-13,LM-ATM-016,Staten Ferry Terminal,40.7013,-74.0132,clear,None,80,51,37
2024-03-13,LM-ATM-017,Essex Market,40.7193,-73.9874,clear,None,68,37,21
2024-03-13,LM-ATM-018,Houston Street,40.7282,-74.005,clear,None,71,35,25
2024-03-13,LM-ATM-019,Delancey Street,40.7188,-73.9885,clear,None,77,46,22
2024-03-13,LM-ATM-020,Pier 17,40.7058,-74.0027,clear,None,86,55,40
2024-03-14,LM-ATM-001,Battery Park,40.7033,-74.017,cloudy,None,57,39,20
2024-03-14,LM-ATM-002,Wall Street,40.7074,-74.0113,cloudy,None,111,27,10
2024-03-14,LM-ATM-003,Broad Street,40.7069,-74.0113,cloudy,None,102,24,11
2024-03-14,LM-ATM-004,Fulton Center,40.7103,-74.0076,cloudy,None,88,38,22
2024-03-14,LM-ATM-005,South Street Seaport,40.7069,-74.003,cloudy,None,65,41,26
2024-03-14,LM-ATM-006,Tribeca,40.7163,-74.0086,cloudy,None,60,23,12
2024-03-14,LM-ATM-007,City Hall,40.7128,-74.0059,cloudy,None,92,37,21
2024-03-14,LM-ATM-008,Chinatown,40.7158,-73.9973,cloudy,None,71,39,22
2024-03-14,LM-ATM-009,Little Italy,40.7191,-73.9973,cloudy,None,59,37,23
2024-03-14,LM-ATM-010,SoHo Broadway,40.7233,-74.002,cloudy,None,62,40,29
2024-03-14,LM-ATM-011,NoLiTa,40.7228,-73.9973,cloudy,None,47,30,17
2024-03-14,LM-ATM-012,Canal Street,40.719,-74.002,cloudy,None,60,30,21
2024-03-14,LM-ATM-013,World Trade Center,40.7116,-74.013,cloudy,None,101,39,22
2024-03-14,LM-ATM-014,Brookfield Place,40.7127,-74.0155,cloudy,None,90,29,18
2024-03-14,LM-ATM-015,Bowling Green,40.7047,-74.0141,cloudy,None,76,26,16
2024-03-14,LM-ATM-016,Staten Ferry Terminal,40.7013,-74.0132,cloudy,None,61,35,26
2024-03-14,LM-ATM-017,Essex Market,40.7193,-73.9874,cloudy,None,64,31,17
2024-03-14,LM-ATM-018,Houston Street,40.7282,-74.005,cloudy,None,62,34,19
2024-03-14,LM-ATM-019,Delancey Street,40.7188,-73.9885,cloudy,None,67,37,22
2024-03-14,LM-ATM-020,Pier 17,40.7058,-74.0027,cloudy,None,63,47,29
2024-03-15,LM-ATM-001,Battery Park,40.7033,-74.017,cloudy,None,62,38,20
2024-03-15,LM-ATM-002,Wall Street,40.7074,-74.0113,cloudy,None,96,27,9
2024-03-15,LM-ATM-003,Broad Street,40.7069,-74.0113,cloudy,None,107,28,13
2024-03-15,LM-ATM-004,Fulton Center,40.7103,-74.0076,cloudy,None,106,40,30
2024-03-15,LM-ATM-005,South Street Seaport,40.7069,-74.003,cloudy,None,79,51,33
2024-03-15,LM-ATM-006,Tribeca,40.7163,-74.0086,cloudy,None,62,21,11
2024-03-15,LM-ATM-007,City Hall,40.7128,-74.0059,cloudy,None,87,35,17
2024-03-15,LM-ATM-008,Chinatown,40.7158,-73.9973,cloudy,None,77,34,23
2024-03-15,LM-ATM-009,Little Italy,40.7191,-73.9973,cloudy,None,62,36,24
2024-03-15,LM-ATM-010,SoHo Broadway,40.7233,-74.002,cloudy,None,61,53,30
2024-03-15,LM-ATM-011,NoLiTa,40.7228,-73.9973,cloudy,None,54,38,21
2024-03-15,LM-ATM-012,Canal Street,40.719,-74.002,cloudy,None,77,34,22
2024-03-15,LM-ATM-013,World Trade Center,40.7116,-74.013,cloudy,None,97,38,20
2024-03-15,LM-ATM-014,Brookfield Place,40.7127,-74.0155,cloudy,None,99,34,18
2024-03-15,LM-ATM-015,Bowling Green,40.7047,-74.0141,cloudy,None,81,32,18
2024-03-15,LM-ATM-016,Staten Ferry Terminal,40.7013,-74.0132,cloudy,None,64,39,26
2024-03-15,LM-ATM-017,Essex Market,40.7193,-73.9874,cloudy,None,61,25,16
2024-03-15,LM-ATM-018,Houston Street,40.7282,-74.005,cloudy,None,54,30,20
2024-03-15,LM-ATM-019,Delancey Street,40.7188,-73.9885,cloudy,None,61,36,18
2024-03-15,LM-ATM-020,Pier 17,40.7058,-74.0027,cloudy,None,61,46,31
2024-03-16,LM-ATM-001,Battery Park,40.7033,-74.017,cloudy,None,63,39,22
2024-03-16,LM-ATM-002,Wall Street,40.7074,-74.0113,cloudy,None,117,33,13
2024-03-16,LM-ATM-003,Broad Street,40.7069,-74.0113,cloudy,None,84,25,12
2024-03-16,LM-ATM-004,Fulton Center,40.7103,-74.0076,cloudy,None,90,44,25
2024-03-16,LM-ATM-005,South Street Seaport,40.7069,-74.003,cloudy,None,57,44,26
2024-03-16,LM-ATM-006,Tribeca,40.7163,-74.0086,cloudy,None,84,41,16
2024-03-16,LM-ATM-007,City Hall,40.7128,-74.0059,cloudy,None,77,30,17
2024-03-16,LM-ATM-008,Chinatown,40.7158,-73.9973,cloudy,None,85,56,28
2024-03-16,LM-ATM-009,Little Italy,40.7191,-73.9973,cloudy,None,59,45,26
2024-03-16,LM-ATM-010,SoHo Broadway,40.7233,-74.002,cloudy,None,74,68,39
2024-03-16,LM-ATM-011,NoLiTa,40.7228,-73.9973,cloudy,None,57,42,25
2024-03-16,LM-ATM-012,Canal Street,40.719,-74.002,cloudy,None,64,40,23
2024-03-16,LM-ATM-013,World Trade Center,40.7116,-74.013,cloudy,None,72,31,17
2024-03-16,LM-ATM-014,Brookfield Place,40.7127,-74.0155,cloudy,None,98,42,21
2024-03-16,LM-ATM-015,Bowling Green,40.7047,-74.0141,cloudy,None,56,28,14
2024-03-16,LM-ATM-016,Staten Ferry Terminal,40.7013,-74.0132,cloudy,None,61,43,26
2024-03-16,LM-ATM-017,Essex Market,40.7193,-73.9874,cloudy,None,56,34,17
2024-03-16,LM-ATM-018,Houston Street,40.7282,-74.005,cloudy,None,68,39,26
2024-03-16,LM-ATM-019,Delancey Street,40.7188,-73.9885,cloudy,None,63,34,20
2024-03-16,LM-ATM-020,Pier 17,40.7058,-74.0027,cloudy,None,60,51,32
2024-03-17,LM-ATM-001,Battery Park,40.7033,-74.017,rain,None,48,40,23
2024-03-17,LM-ATM-002,Wall Street,40.7074,-74.0113,rain,None,65,20,9
2024-03-17,LM-ATM-003,Broad Street,40.7069,-74.0113,rain,None,76,21,12
2024-03-17,LM-ATM-004,Fulton Center,40.7103,-74.0076,rain,None,69,36,16
2024-03-17,LM-ATM-005,South Street Seaport,40.7069,-74.003,rain,None,52,45,26
2024-03-17,LM-ATM-006,Tribeca,40.7163,-74.0086,rain,None,72,34,15
2024-03-17,LM-ATM-007,City Hall,40.7128,-74.0059,rain,None,51,24,11
2024-03-17,LM-ATM-008,Chinatown,40.7158,-73.9973,rain,None,66,43,23
2024-03-17,LM-ATM-009,Little Italy,40.7191,-73.9973,rain,None,53,44,23
2024-03-17,LM-ATM-010,SoHo Broadway,40.7233,-74.002,rain,None,64,50,32
2024-03-17,LM-ATM-011,NoLiTa,40.7228,-73.9973,rain,None,40,27,16
2024-03-17,LM-ATM-012,Canal Street,40.719,-74.002,rain,None,50,29,19
2024-03-17,LM-ATM-013,World Trade Center,40.7116,-74.013,rain,None,78,33,19
2024-03-17,LM-ATM-014,Brookfield Place,40.7127,-74.0155,rain,None,82,36,17
2024-03-17,LM-ATM-015,Bowling Green,40.7047,-74.0141,rain,None,62,30,16
2024-03-17,LM-ATM-016,Staten Ferry Terminal,40.7013,-74.0132,rain,None,62,46,29
2024-03-17,LM-ATM-017,Essex Market,40.7193,-73.9874,rain,None,45,25,14
2024-03-17,LM-ATM-018,Houston Street,40.7282,-74.005,rain,None,44,35,18
2024-03-17,LM-ATM-019,Delancey Street,40.7188,-73.9885,rain,None,49,32,18
2024-03-17,LM-ATM-020,Pier 17,40.7058,-74.0027,rain,None,42,43,26
2024-03-18,LM-ATM-001,Battery Park,40.7033,-74.017,cloudy,None,76,38,27
2024-03-18,LM-ATM-002,Wall Street,40.7074,-74.0113,cloudy,None,138,28,16
2024-03-18,LM-ATM-003,Broad Street,40.7069,-74.0113,cloudy,None,105,25,14
2024-03-18,LM-ATM-004,Fulton Center,40.7103,-74.0076,cloudy,None,89,35,21
2024-03-18,LM-ATM-005,South Street Seaport,40.7069,-74.003,cloudy,None,82,51,32
2024-03-18,LM-ATM-006,Tribeca,40.7163,-74.0086,cloudy,None,71,28,13
2024-03-18,LM-ATM-007,City Hall,40.7128,-74.0059,cloudy,None,92,32,19
2024-03-18,LM-ATM-008,Chinatown,40.7158,-73.9973,cloudy,None,86,41,26
2024-03-18,LM-ATM-009,Little Italy,40.7191,-73.9973,cloudy,None,53,36,20
2024-03-18,LM-ATM-010,SoHo Broadway,40.7233,-74.002,cloudy,None,83,45,32
2024-03-18,LM-ATM-011,NoLiTa,40.7228,-73.9973,cloudy,None,65,39,22
2024-03-18,LM-ATM-012,Canal Street,40.719,-74.002,cloudy,None,78,40,21
2024-03-18,LM-ATM-013,World Trade Center,40.7116,-74.013,cloudy,None,109,41,23
2024-03-18,LM-ATM-014,Brookfield Place,40.7127,-74.0155,cloudy,None,122,44,23
2024-03-18,LM-ATM-015,Bowling Green,40.7047,-74.0141,cloudy,None,81,33,18
2024-03-18,LM-ATM-016,Staten Ferry Terminal,40.7013,-74.0132,cloudy,None,62,38,25
2024-03-18,LM-ATM-017,Essex Market,40.7193,-73.9874,cloudy,None,68,33,19
2024-03-18,LM-ATM-018,Houston Street,40.7282,-74.005,cloudy,None,66,39,21
2024-03-18,LM-ATM-019,Delancey Street,40.7188,-73.9885,cloudy,None,56,27,18
2024-03-18,LM-ATM-020,Pier 17,40.7058,-74.0027,cloudy,None,41,32,19
2024-03-19,LM-ATM-001,Battery Park,40.7033,-74.017,clear,None,63,32,21
2024-03-19,LM-ATM-002,Wall Street,40.7074,-74.0113,clear,None,138,30,17
2024-03-19,LM-ATM-003,Broad Street,40.7069,-74.0113,clear,None,110,28,11
2024-03-19,LM-ATM-004,Fulton Center,40.7103,-74.0076,clear,None,134,48,31
2024-03-19,LM-ATM-005,South Street Seaport,40.7069,-74.003,clear,None,85,59,40
2024-03-19,LM-ATM-006,Tribeca,40.7163,-74.0086,clear,None,67,27,14
2024-03-19,LM-ATM-007,City Hall,40.7128,-74.0059,clear,None,86,40,20
2024-03-19,LM-ATM-008,Chinatown,40.7158,-73.9973,clear,None,91,45,27
2024-03-19,LM-ATM-009,Little Italy,40.7191,-73.9973,clear,None,67,37,24
2024-03-19,LM-ATM-010,SoHo Broadway,40.7233,-74.002,clear,None,74,57,38
2024-03-19,LM-ATM-011,NoLiTa,40.7228,-73.9973,clear,None,55,31,19
2024-03-19,LM-ATM-012,Canal Street,40.719,-74.002,clear,None,76,43,22
2024-03-19,LM-ATM-013,World Trade Center,40.7116,-74.013,clear,None,138,41,22
2024-03-19,LM-ATM-014,Brookfield Place,40.7127,-74.0155,clear,None,113,48,23
2024-03-19,LM-ATM-015,Bowling Green,40.7047,-74.0141,clear,None,88,31,20
2024-03-19,LM-ATM-016,Staten Ferry Terminal,40.7013,-74.0132,clear,None,78,57,35
2024-03-19,LM-ATM-017,Essex Market,40.7193,-73.9874,clear,None,70,33,18
2024-03-19,LM-ATM-018,Houston Street,40.7282,-74.005,clear,None,70,39,24
2024-03-19,LM-ATM-019,Delancey Street,40.7188,-73.9885,clear,None,86,45,27
2024-03-19,LM-ATM-020,Pier 17,40.7058,-74.0027,clear,None,59,54,32
2024-03-20,LM-ATM-001,Battery Park,40.7033,-74.017,clear,None,56,35,21
2024-03-20,LM-ATM-002,Wall Street,40.7074,-74.0113,clear,None,122,37,13
2024-03-20,LM-ATM-003,Broad Street,40.7069,-74.0113,clear,None,138,33,14
2024-03-20,LM-ATM-004,Fulton Center,40.7103,-74.0076,clear,None,106,33,22
2024-03-20,LM-ATM-005,South Street Seaport,40.7069,-74.003,clear,None,74,48,32
2024-03-20,LM-ATM-006,Tribeca,40.7163,-74.0086,clear,None,70,26,12
2024-03-20,LM-ATM-007,City Hall,40.7128,-74.0059,clear,None,90,39,20
2024-03-20,LM-ATM-008,Chinatown,40.7158,-73.9973,clear,None,72,28,20
2024-03-20,LM-ATM-009,Little Italy,40.7191,-73.9973,clear,None,57,40,24
2024-03-20,LM-ATM-010,SoHo Broadway,40.7233,-74.002,clear,None,82,51,36
2024-03-20,LM-ATM-011,NoLiTa,40.7228,-73.9973,clear,None,69,46,27
2024-03-20,LM-ATM-012,Canal Street,40.719,-74.002,clear,None,91,48,34
2024-03-20,LM-ATM-013,World Trade Center,40.7116,-74.013,clear,None,133,53,24
2024-03-20,LM-ATM-014,Brookfield Place,40.7127,-74.0155,clear,None,109,36,22
2024-03-20,LM-ATM-015,Bowling Green,40.7047,-74.0141,clear,None,78,32,18
2024-03-20,LM-ATM-016,Staten Ferry Terminal,40.7013,-74.0132,clear,None,72,53,28
2024-03-20,LM-ATM-017,Essex Market,40.7193,-73.9874,clear,None,76,36,18
2024-03-20,LM-ATM-018,Houston Street,40.7282,-74.005,clear,None,81,47,27
2024-03-20,LM-ATM-019,Delancey Street,40.7188,-73.9885,clear,None,67,30,20
2024-03-20,LM-ATM-020,Pier 17,40.7058,-74.0027,clear,None,65,47,32
2024-03-21,LM-ATM-001,Battery Park,40.7033,-74.017,clear,None,72,46,27
2024-03-21,LM-ATM-002,Wall Street,40.7074,-74.0113,clear,None,124,35,15
2024-03-21,LM-ATM-003,Broad Street,40.7069,-74.0113,clear,None,117,27,17
2024-03-21,LM-ATM-004,Fulton Center,40.7103,-74.0076,clear,None,107,46,26
2024-03-21,LM-ATM-005,South Street Seaport,40.7069,-74.003,clear,None,81,52,34
2024-03-21,LM-ATM-006,Tribeca,40.7163,-74.0086,clear,None,82,28,17
2024-03-21,LM-ATM-007,City Hall,40.7128,-74.0059,clear,None,91,41,20
2024-03-21,LM-ATM-008,Chinatown,40.7158,-73.9973,clear,None,67,33,21
2024-03-21,LM-ATM-009,Little Italy,40.7191,-73.9973,clear,None,78,48,32
2024-03-21,LM-ATM-010,SoHo Broadway,40.7233,-74.002,clear,None,79,46,31
2024-03-21,LM-ATM-011,NoLiTa,40.7228,-73.9973,clear,None,71,39,25
2024-03-21,LM-ATM-012,Canal Street,40.719,-74.002,clear,None,89,48,28
2024-03-21,LM-ATM-013,World Trade Center,40.7116,-74.013,clear,None,118,36,20
2024-03-21,LM-ATM-014,Brookfield Place,40.7127,-74.0155,clear,None,109,34,24
2024-03-21,LM-ATM-015,Bowling Green,40.7047,-74.0141,clear,None,99,39,23
2024-03-21,LM-ATM-016,Staten Ferry Terminal,40.7013,-74.0132,clear,None,85,53,33
2024-03-21,LM-ATM-017,Essex Market,40.7193,-73.9874,clear,None,77,32,19
2024-03-21,LM-ATM-018,Houston Street,40.7282,-74.005,clear,None,61,35,21
2024-03-21,LM-ATM-019,Delancey Street,40.7188,-73.9885,clear,None,72,41,22
2024-03-21,LM-ATM-020,Pier 17,40.7058,-74.0027,clear,None,75,55,40
2024-03-22,LM-ATM-001,Battery Park,40.7033,-74.017,cloudy,None,60,42,21
2024-03-22,LM-ATM-002,Wall Street,40.7074,-74.0113,cloudy,None,125,28,9
2024-03-22,LM-ATM-003,Broad Street,40.7069,-74.0113,cloudy,None,117,32,16
2024-03-22,LM-ATM-004,Fulton Center,40.7103,-74.0076,cloudy,None,103,40,26
2024-03-22,LM-ATM-005,South Street Seaport,40.7069,-74.003,cloudy,None,70,51,31
2024-03-22,LM-ATM-006,Tribeca,40.7163,-74.0086,cloudy,None,78,32,16
2024-03-22,LM-ATM-007,City Hall,40.7128,-74.0059,cloudy,None,80,30,15
2024-03-22,LM-ATM-008,Chinatown,40.7158,-73.9973,cloudy,None,72,34,20
2024-03-22,LM-ATM-009,Little Italy,40.7191,-73.9973,cloudy,None,61,37,25
2024-03-22,LM-ATM-010,SoHo Broadway,40.7233,-74.002,cloudy,None,62,44,30
2024-03-22,LM-ATM-011,NoLiTa,40.7228,-73.9973,cloudy,None,54,33,20
2024-03-22,LM-ATM-012,Canal Street,40.719,-74.002,cloudy,None,94,46,30
2024-03-22,LM-ATM-013,World Trade Center,40.7116,-74.013,cloudy,None,129,46,31
2024-03-22,LM-ATM-014,Brookfield Place,40.7127,-74.0155,cloudy,None,107,36,23
2024-03-22,LM-ATM-015,Bowling Green,40.7047,-74.0141,cloudy,None,87,39,22
2024-03-22,LM-ATM-016,Staten Ferry Terminal,40.7013,-74.0132,cloudy,None,64,45,26
2024-03-22,LM-ATM-017,Essex Market,40.7193,-73.9874,cloudy,None,74,31,18
2024-03-22,LM-ATM-018,Houston Street,40.7282,-74.005,cloudy,None,74,41,26
2024-03-22,LM-ATM-019,Delancey Street,40.7188,-73.9885,cloudy,None,52,30,14
2024-03-22,LM-ATM-020,Pier 17,40.7058,-74.0027,cloudy,None,66,47,34
2024-03-23,LM-ATM-001,Battery Park,40.7033,-74.017,rain,None,60,40,22
2024-03-23,LM-ATM-002,Wall Street,40.7074,-74.0113,rain,None,90,25,12
2024-03-23,LM-ATM-003,Broad Street,40.7069,-74.0113,rain,None,77,27,13
2024-03-23,LM-ATM-004,Fulton Center,40.7103,-74.0076,rain,None,79,42,24
2024-03-23,LM-ATM-005,South Street Seaport,40.7069,-74.003,rain,None,56,44,26
2024-03-23,LM-ATM-006,Tribeca,40.7163,-74.0086,rain,None,58,27,14
2024-03-23,LM-ATM-007,City Hall,40.7128,-74.0059,rain,None,57,29,13
2024-03-23,LM-ATM-008,Chinatown,40.7158,-73.9973,rain,None,54,33,20
2024-03-23,LM-ATM-009,Little Italy,40.7191,-73.9973,rain,None,47,35,20
2024-03-23,LM-ATM-010,SoHo Broadway,40.7233,-74.002,rain,None,64,49,34
2024-03-23,LM-ATM-011,NoLiTa,40.7228,-73.9973,rain,None,52,36,19
2024-03-23,LM-ATM-012,Canal Street,40.719,-74.002,rain,None,73,38,26
2024-03-23,LM-ATM-013,World Trade Center,40.7116,-74.013,rain,None,96,44,23
2024-03-23,LM-ATM-014,Brookfield Place,40.7127,-74.0155,rain,None,68,31,15
2024-03-23,LM-ATM-015,Bowling Green,40.7047,-74.0141,rain,None,62,31,17
2024-03-23,LM-ATM-016,Staten Ferry Terminal,40.7013,-74.0132,rain,None,45,35,21
2024-03-23,LM-ATM-017,Essex Market,40.7193,-73.9874,rain,None,52,30,18
2024-03-23,LM-ATM-018,Houston Street,40.7282,-74.005,rain,None,54,40,21
2024-03-23,LM-ATM-019,Delancey Street,40.7188,-73.9885,rain,None,56,36,22
2024-03-23,LM-ATM-020,Pier 17,40.7058,-74.0027,rain,None,61,58,36
2024-03-24,LM-ATM-001,Battery Park,40.7033,-74.017,clear,None,63,38,26
2024-03-24,LM-ATM-002,Wall Street,40.7074,-74.0113,clear,None,82,25,14
2024-03-24,LM-ATM-003,Broad Street,40.7069,-74.0113,clear,None,93,29,14
2024-03-24,LM-ATM-004,Fulton Center,40.7103,-74.0076,clear,None,91,44,25
2024-03-24,LM-ATM-005,South Street Seaport,40.7069,-74.003,clear,None,75,53,34
2024-03-24,LM-ATM-006,Tribeca,40.7163,-74.0086,clear,None,89,36,18
2024-03-24,LM-ATM-007,City Hall,40.7128,-74.0059,clear,None,59,26,14
2024-03-24,LM-ATM-008,Chinatown,40.7158,-73.9973,clear,None,70,42,24
2024-03-24,LM-ATM-009,Little Italy,40.7191,-73.9973,clear,None,64,44,28
2024-03-24,LM-ATM-010,SoHo Broadway,40.7233,-74.002,clear,None,74,65,40
2024-03-24,LM-ATM-011,NoLiTa,40.7228,-73.9973,clear,None,54,38,22
2024-03-24,LM-ATM-012,Canal Street,40.719,-74.002,clear,None,74,41,25
2024-03-24,LM-ATM-013,World Trade Center,40.7116,-74.013,clear,None,88,31,18
2024-03-24,LM-ATM-014,Brookfield Place,40.7127,-74.0155,clear,None,101,46,20
2024-03-24,LM-ATM-015,Bowling Green,40.7047,-74.0141,clear,None,87,44,23
2024-03-24,LM-ATM-016,Staten Ferry Terminal,40.7013,-74.0132,clear,None,67,53,30
2024-03-24,LM-ATM-017,Essex Market,40.7193,-73.9874,clear,None,65,44,21
2024-03-24,LM-ATM-018,Houston Street,40.7282,-74.005,clear,None,68,51,26
2024-03-24,LM-ATM-019,Delancey Street,40.7188,-73.9885,clear,None,64,40,22
2024-03-24,LM-ATM-020,Pier 17,40.7058,-74.0027,clear,None,56,55,32
2024-03-25,LM-ATM-001,Battery Park,40.7033,-74.017,cloudy,None,66,40,25
2024-03-25,LM-ATM-002,Wall Street,40.7074,-74.0113,cloudy,None,143,33,14
2024-03-25,LM-ATM-003,Broad Street,40.7069,-74.0113,cloudy,None,95,20,9
2024-03-25,LM-ATM-004,Fulton Center,40.7103,-74.0076,cloudy,None,121,43,27
2024-03-25,LM-ATM-005,South Street Seaport,40.7069,-74.003,cloudy,None,70,42,30
2024-03-25,LM-ATM-006,Tribeca,40.7163,-74.0086,cloudy,None,80,29,14
2024-03-25,LM-ATM-007,City Hall,40.7128,-74.0059,cloudy,None,96,38,20
2024-03-25,LM-ATM-008,Chinatown,40.7158,-73.9973,cloudy,None,68,34,19
2024-03-25,LM-ATM-009,Little Italy,40.7191,-73.9973,cloudy,None,63,40,23
2024-03-25,LM-ATM-010,SoHo Broadway,40.7233,-74.002,cloudy,None,67,44,29
2024-03-25,LM-ATM-011,NoLiTa,40.7228,-73.9973,cloudy,None,60,37,22
2024-03-25,LM-ATM-012,Canal Street,40.719,-74.002,cloudy,None,93,46,25
2024-03-25,LM-ATM-013,World Trade Center,40.7116,-74.013,cloudy,None,110,42,24
2024-03-25,LM-ATM-014,Brookfield Place,40.7127,-74.0155,cloudy,None,117,38,22
2024-03-25,LM-ATM-015,Bowling Green,40.7047,-74.0141,cloudy,None,98,35,23
2024-03-25,LM-ATM-016,Staten Ferry Terminal,40.7013,-74.0132,cloudy,None,72,38,26
2024-03-25,LM-ATM-017,Essex Market,40.7193,-73.9874,cloudy,None,63,36,22
2024-03-25,LM-ATM-018,Houston Street,40.7282,-74.005,cloudy,None,60,33,22
2024-03-25,LM-ATM-019,Delancey Street,40.7188,-73.9885,cloudy,None,48,26,15
2024-03-25,LM-ATM-020,Pier 17,40.7058,-74.0027,cloudy,None,58,42,30
2024-03-26,LM-ATM-001,Battery Park,40.7033,-74.017,cloudy,None,68,36,23
2024-03-26,LM-ATM-002,Wall Street,40.7074,-74.0113,cloudy,None,131,37,18
2024-03-26,LM-ATM-003,Broad Street,40.7069,-74.0113,cloudy,None,90,23,11
2024-03-26,LM-ATM-004,Fulton Center,40.7103,-74.0076,cloudy,None,93,37,24
2024-03-26,LM-ATM-005,South Street Seaport,40.7069,-74.003,cloudy,None,69,39,28
2024-03-26,LM-ATM-006,Tribeca,40.7163,-74.0086,cloudy,None,70,27,14
2024-03-26,LM-ATM-007,City Hall,40.7128,-74.0059,cloudy,None,90,32,15
2024-03-26,LM-ATM-008,Chinatown,40.7158,-73.9973,cloudy,None,80,40,21
2024-03-26,LM-ATM-009,Little Italy,40.7191,-73.9973,cloudy,None,59,41,24
2024-03-26,LM-ATM-010,SoHo Broadway,40.7233,-74.002,cloudy,None,56,42,27
2024-03-26,LM-ATM-011,NoLiTa,40.7228,-73.9973,cloudy,None,57,37,23
2024-03-26,LM-ATM-012,Canal Street,40.719,-74.002,cloudy,None,81,47,24
2024-03-26,LM-ATM-013,World Trade Center,40.7116,-74.013,cloudy,None,128,43,24
2024-03-26,LM-ATM-014,Brookfield Place,40.7127,-74.0155,cloudy,None,118,34,22
2024-03-26,LM-ATM-015,Bowling Green,40.7047,-74.0141,cloudy,None,83,33,18
2024-03-26,LM-ATM-016,Staten Ferry Terminal,40.7013,-74.0132,cloudy,None,59,37,23
2024-03-26,LM-ATM-017,Essex Market,40.7193,-73.9874,cloudy,None,61,31,18
2024-03-26,LM-ATM-018,Houston Street,40.7282,-74.005,cloudy,None,69,47,27
2024-03-26,LM-ATM-019,Delancey Street,40.7188,-73.9885,cloudy,None,72,32,20
2024-03-26,LM-ATM-020,Pier 17,40.7058,-74.0027,cloudy,None,52,38,26
2024-03-27,LM-ATM-001,Battery Park,40.7033,-74.017,cloudy,None,76,38,25
2024-03-27,LM-ATM-002,Wall Street,40.7074,-74.0113,cloudy,None,118,24,12
2024-03-27,LM-ATM-003,Broad Street,40.7069,-74.0113,cloudy,None,102,24,10
2024-03-27,LM-ATM-004,Fulton Center,40.7103,-74.0076,cloudy,None,95,38,25
2024-03-27,LM-ATM-005,South Street Seaport,40.7069,-74.003,cloudy,None,74,48,31
2024-03-27,LM-ATM-006,Tribeca,40.7163,-74.0086,cloudy,None,72,32,16
2024-03-27,LM-ATM-007,City Hall,40.7128,-74.0059,cloudy,None,87,33,19
2024-03-27,LM-ATM-008,Chinatown,40.7158,-73.9973,cloudy,None,85,51,27
2024-03-27,LM-ATM-009,Little Italy,40.7191,-73.9973,cloudy,None,52,38,23
2024-03-27,LM-ATM-010,SoHo Broadway,40.7233,-74.002,cloudy,None,65,46,31
2024-03-27,LM-ATM-011,NoLiTa,40.7228,-73.9973,cloudy,None,48,30,18
2024-03-27,LM-ATM-012,Canal Street,40.719,-74.002,cloudy,None,74,34,22
2024-03-27,LM-ATM-013,World Trade Center,40.7116,-74.013,cloudy,None,89,36,20
2024-03-27,LM-ATM-014,Brookfield Place,40.7127,-74.0155,cloudy,None,93,37,18
2024-03-27,LM-ATM-015,Bowling Green,40.7047,-74.0141,cloudy,None,68,31,17
2024-03-27,LM-ATM-016,Staten Ferry Terminal,40.7013,-74.0132,cloudy,None,59,36,24
2024-03-27,LM-ATM-017,Essex Market,40.7193,-73.9874,cloudy,None,77,38,22
2024-03-27,LM-ATM-018,Houston Street,40.7282,-74.005,cloudy,None,63,33,20
2024-03-27,LM-ATM-019,Delancey Street,40.7188,-73.9885,cloudy,None,48,24,15
2024-03-27,LM-ATM-020,Pier 17,40.7058,-74.0027,cloudy,None,47,31,21
2024-03-28,LM-ATM-001,Battery Park,40.7033,-74.017,cloudy,None,60,33,20
2024-03-28,LM-ATM-002,Wall Street,40.7074,-74.0113,cloudy,None,96,21,10
2024-03-28,LM-ATM-003,Broad Street,40.7069,-74.0113,cloudy,None,105,30,15
2024-03-28,LM-ATM-004,Fulton Center,40.7103,-74.0076,cloudy,None,101,34,23
2024-03-28,LM-ATM-005,South Street Seaport,40.7069,-74.003,cloudy,None,52,31,21
2024-03-28,LM-ATM-006,Tribeca,40.7163,-74.0086,cloudy,None,76,31,15
2024-03-28,LM-ATM-007,City Hall,40.7128,-74.0059,cloudy,None,84,31,19
2024-03-28,LM-ATM-008,Chinatown,40.7158,-73.9973,cloudy,None,79,38,22
2024-03-28,LM-ATM-009,Little Italy,40.7191,-73.9973,cloudy,None,75,43,28
2024-03-28,LM-ATM-010,SoHo Broadway,40.7233,-74.002,cloudy,None,70,51,34
2024-03-28,LM-ATM-011,NoLiTa,40.7228,-73.9973,cloudy,None,55,28,19
2024-03-28,LM-ATM-012,Canal Street,40.719,-74.002,cloudy,None,73,39,21
2024-03-28,LM-ATM-013,World Trade Center,40.7116,-74.013,cloudy,None,107,41,23
2024-03-28,LM-ATM-014,Brookfield Place,40.7127,-74.0155,cloudy,None,92,35,16
2024-03-28,LM-ATM-015,Bowling Green,40.7047,-74.0141,cloudy,None,89,30,20
2024-03-28,LM-ATM-016,Staten Ferry Terminal,40.7013,-74.0132,cloudy,None,65,43,28
2024-03-28,LM-ATM-017,Essex Market,40.7193,-73.9874,cloudy,None,65,29,20
2024-03-28,LM-ATM-018,Houston Street,40.7282,-74.005,cloudy,None,71,44,25
2024-03-28,LM-ATM-019,Delancey Street,40.7188,-73.9885,cloudy,None,65,33,21
2024-03-28,LM-ATM-020,Pier 17,40.7058,-74.0027,cloudy,None,63,50,33
2024-03-29,LM-ATM-001,Battery Park,40.7033,-74.017,clear,None,63,43,24
2024-03-29,LM-ATM-002,Wall Street,40.7074,-74.0113,clear,None,142,35,17
2024-03-29,LM-ATM-003,Broad Street,40.7069,-74.0113,clear,None,127,34,14
2024-03-29,LM-ATM-004,Fulton Center,40.7103,-74.0076,clear,None,124,43,26
2024-03-29,LM-ATM-005,South Street Seaport,40.7069,-74.003,clear,None,62,40,26
2024-03-29,LM-ATM-006,Tribeca,40.7163,-74.0086,clear,None,73,27,14
2024-03-29,LM-ATM-007,City Hall,40.7128,-74.0059,clear,None,87,30,17
2024-03-29,LM-ATM-008,Chinatown,40.7158,-73.9973,clear,None,58,31,19
2024-03-29,LM-ATM-009,Little Italy,40.7191,-73.9973,clear,None,58,39,22
2024-03-29,LM-ATM-010,SoHo Broadway,40.7233,-74.002,clear,None,79,53,36
2024-03-29,LM-ATM-011,NoLiTa,40.7228,-73.9973,clear,None,54,34,19
2024-03-29,LM-ATM-012,Canal Street,40.719,-74.002,clear,None,93,52,31
2024-03-29,LM-ATM-013,World Trade Center,40.7116,-74.013,clear,None,128,39,29
2024-03-29,LM-ATM-014,Brookfield Place,40.7127,-74.0155,clear,None,108,39,20
2024-03-29,LM-ATM-015,Bowling Green,40.7047,-74.0141,clear,None,89,46,22
2024-03-29,LM-ATM-016,Staten Ferry Terminal,40.7013,-74.0132,clear,None,72,54,32
2024-03-29,LM-ATM-017,Essex Market,40.7193,-73.9874,clear,None,70,37,21
2024-03-29,LM-ATM-018,Houston Street,40.7282,-74.005,clear,None,71,35,23
2024-03-29,LM-ATM-019,Delancey Street,40.7188,-73.9885,clear,None,74,38,23
2024-03-29,LM-ATM-020,Pier 17,40.7058,-74.0027,clear,None,49,35,22
2024-03-30,LM-ATM-001,Battery Park,40.7033,-74.017,clear,None,79,59,33
2024-03-30,LM-ATM-002,Wall Street,40.7074,-74.0113,clear,None,122,43,18
2024-03-30,LM-ATM-003,Broad Street,40.7069,-74.0113,clear,None,91,26,15
2024-03-30,LM-ATM-004,Fulton Center,40.7103,-74.0076,clear,None,82,43,21
2024-03-30,LM-ATM-005,South Street Seaport,40.7069,-74.003,clear,None,74,54,33
2024-03-30,LM-ATM-006,Tribeca,40.7163,-74.0086,clear,None,61,31,13
2024-03-30,LM-ATM-007,City Hall,40.7128,-74.0059,clear,None,95,34,21
2024-03-30,LM-ATM-008,Chinatown,40.7158,-73.9973,clear,None,67,39,25
2024-03-30,LM-ATM-009,Little Italy,40.7191,-73.9973,clear,None,70,47,33
2024-03-30,LM-ATM-010,SoHo Broadway,40.7233,-74.002,clear,None,83,59,41
2024-03-30,LM-ATM-011,NoLiTa,40.7228,-73.9973,clear,None,56,44,25
2024-03-30,LM-ATM-012,Canal Street,40.719,-74.002,clear,None,90,60,29
2024-03-30,LM-ATM-013,World Trade Center,40.7116,-74.013,clear,None,120,60,29
2024-03-30,LM-ATM-014,Brookfield Place,40.7127,-74.0155,clear,None,86,39,17
2024-03-30,LM-ATM-015,Bowling Green,40.7047,-74.0141,clear,None,78,34,20
2024-03-30,LM-ATM-016,Staten Ferry Terminal,40.7013,-74.0132,clear,None,59,47,27
2024-03-30,LM-ATM-017,Essex Market,40.7193,-73.9874,clear,None,72,43,20
2024-03-30,LM-ATM-018,Houston Street,40.7282,-74.005,clear,None,64,45,26
2024-03-30,LM-ATM-019,Delancey Street,40.7188,-73.9885,clear,None,68,45,25
2024-03-30,LM-ATM-020,Pier 17,40.7058,-74.0027,clear,None,69,59,38
2024-03-31,LM-ATM-001,Battery Park,40.7033,-74.017,clear,None,73,55,31
2024-03-31,LM-ATM-002,Wall Street,40.7074,-74.0113,clear,None,88,26,12
2024-03-31,LM-ATM-003,Broad Street,40.7069,-74.0113,clear,None,84,28,11
2024-03-31,LM-ATM-004,Fulton Center,40.7103,-74.0076,clear,None,101,51,32
2024-03-31,LM-ATM-005,South Street Seaport,40.7069,-74.003,clear,None,58,54,30
2024-03-31,LM-ATM-006,Tribeca,40.7163,-74.0086,clear,None,85,39,20
2024-03-31,LM-ATM-007,City Hall,40.7128,-74.0059,clear,None,86,40,19
2024-03-31,LM-ATM-008,Chinatown,40.7158,-73.9973,clear,None,67,43,23
2024-03-31,LM-ATM-009,Little Italy,40.7191,-73.9973,clear,None,72,53,33
2024-03-31,LM-ATM-010,SoHo Broadway,40.7233,-74.002,clear,None,85,71,47
2024-03-31,LM-ATM-011,NoLiTa,40.7228,-73.9973,clear,None,45,31,17
2024-03-31,LM-ATM-012,Canal Street,40.719,-74.002,clear,None,73,43,28
2024-03-31,LM-ATM-013,World Trade Center,40.7116,-74.013,clear,None,120,42,25
2024-03-31,LM-ATM-014,Brookfield Place,40.7127,-74.0155,clear,None,100,44,24
2024-03-31,LM-ATM-015,Bowling Green,40.7047,-74.0141,clear,None,77,35,21
2024-03-31,LM-ATM-016,Staten Ferry Terminal,40.7013,-74.0132,clear,None,83,61,36
2024-03-31,LM-ATM-017,Essex Market,40.7193,-73.9874,clear,None,68,43,23
2024-03-31,LM-ATM-018,Houston Street,40.7282,-74.005,clear,None,74,48,27
2024-03-31,LM-ATM-019,Delancey Street,40.7188,-73.9885,clear,None,68,43,25
2024-03-31,LM-ATM-020,Pier 17,40.7058,-74.0027,clear,None,78,63,45
2024-04-01,LM-ATM-001,Battery Park,40.7033,-74.017,clear,None,64,39,26
2024-04-01,LM-ATM-002,Wall Street,40.7074,-74.0113,clear,None,128,29,15
2024-04-01,LM-ATM-003,Broad Street,40.7069,-74.0113,clear,None,129,33,14
2024-04-01,LM-ATM-004,Fulton Center,40.7103,-74.0076,clear,None,122,56,28
2024-04-01,LM-ATM-005,South Street Seaport,40.7069,-74.003,clear,None,84,54,37
2024-04-01,LM-ATM-006,Tribeca,40.7163,-74.0086,clear,None,83,30,17
2024-04-01,LM-ATM-007,City Hall,40.7128,-74.0059,clear,None,86,40,19
2024-04-01,LM-ATM-008,Chinatown,40.7158,-73.9973,clear,None,73,39,23
2024-04-01,LM-ATM-009,Little Italy,40.7191,-73.9973,clear,None,66,47,26
2024-04-01,LM-ATM-010,SoHo Broadway,40.7233,-74.002,clear,None,91,65,40
2024-04-01,LM-ATM-011,NoLiTa,40.7228,-73.9973,clear,None,77,47,25
2024-04-01,LM-ATM-012,Canal Street,40.719,-74.002,clear,None,87,47,29
2024-04-01,LM-ATM-013,World Trade Center,40.7116,-74.013,clear,None,143,47,27
2024-04-01,LM-ATM-014,Brookfield Place,40.7127,-74.0155,clear,None,115,42,23
2024-04-01,LM-ATM-015,Bowling Green,40.7047,-74.0141,clear,None,79,28,18
2024-04-01,LM-ATM-016,Staten Ferry Terminal,40.7013,-74.0132,clear,None,78,55,31
2024-04-01,LM-ATM-017,Essex Market,40.7193,-73.9874,clear,None,80,41,22
2024-04-01,LM-ATM-018,Houston Street,40.7282,-74.005,clear,None,85,47,29
2024-04-01,LM-ATM-019,Delancey Street,40.7188,-73.9885,clear,None,78,42,24
2024-04-01,LM-ATM-020,Pier 17,40.7058,-74.0027,clear,None,67,48,31
2024-04-02,LM-ATM-001,Battery Park,40.7033,-74.017,rain,None,37,26,14
2024-04-02,LM-ATM-002,Wall Street,40.7074,-74.0113,rain,None,92,30,11
2024-04-02,LM-ATM-003,Broad Street,40.7069,-74.0113,rain,None,89,24,12
2024-04-02,LM-ATM-004,Fulton Center,40.7103,-74.0076,rain,None,100,42,26
2024-04-02,LM-ATM-005,South Street Seaport,40.7069,-74.003,rain,None,53,32,22
2024-04-02,LM-ATM-006,Tribeca,40.7163,-74.0086,rain,None,75,27,13
2024-04-02,LM-ATM-007,City Hall,40.7128,-74.0059,rain,None,63,21,10
2024-04-02,LM-ATM-008,Chinatown,40.7158,-73.9973,rain,None,59,34,18
2024-04-02,LM-ATM-009,Little Italy,40.7191,-73.9973,rain,None,55,40,20
2024-04-02,LM-ATM-010,SoHo Broadway,40.7233,-74.002,rain,None,62,45,30
2024-04-02,LM-ATM-011,NoLiTa,40.7228,-73.9973,rain,None,44,29,15
2024-04-02,LM-ATM-012,Canal Street,40.719,-74.002,rain,None,83,40,26
2024-04-02,LM-ATM-013,World Trade Center,40.7116,-74.013,rain,None,97,30,18
2024-04-02,LM-ATM-014,Brookfield Place,40.7127,-74.0155,rain,None,106,40,22
2024-04-02,LM-ATM-015,Bowling Green,40.7047,-74.0141,rain,None,71,30,16
2024-04-02,LM-ATM-016,Staten Ferry Terminal,40.7013,-74.0132,rain,None,63,45,28
2024-04-02,LM-ATM-017,Essex Market,40.7193,-73.9874,rain,None,78,33,20
2024-04-02,LM-ATM-018,Houston Street,40.7282,-74.005,rain,None,54,35,21
2024-04-02,LM-ATM-019,Delancey Street,40.7188,-73.9885,rain,None,68,32,18
2024-04-02,LM-ATM-020,Pier 17,40.7058,-74.0027,rain,None,58,44,26
2024-04-03,LM-ATM-001,Battery Park,40.7033,-74.017,cloudy,None,67,39,21
2024-04-03,LM-ATM-002,Wall Street,40.7074,-74.0113,cloudy,None,129,28,13
2024-04-03,LM-ATM-003,Broad Street,40.7069,-74.0113,cloudy,None,118,29,17
2024-04-03,LM-ATM-004,Fulton Center,40.7103,-74.0076,cloudy,None,104,41,25
2024-04-03,LM-ATM-005,South Street Seaport,40.7069,-74.003,cloudy,None,62,45,26
2024-04-03,LM-ATM-006,Tribeca,40.7163,-74.0086,cloudy,None,89,35,20
2024-04-03,LM-ATM-007,City Hall,40.7128,-74.0059,cloudy,None,69,29,14
2024-04-03,LM-ATM-008,Chinatown,40.7158,-73.9973,cloudy,None,83,39,26
2024-04-03,LM-ATM-009,Little Italy,40.7191,-73.9973,cloudy,None,62,39,26
2024-04-03,LM-ATM-010,SoHo Broadway,40.7233,-74.002,cloudy,None,67,52,32
2024-04-03,LM-ATM-011,NoLiTa,40.7228,-73.9973,cloudy,None,54,36,23
2024-04-03,LM-ATM-012,Canal Street,40.719,-74.002,cloudy,None,84,47,27
2024-04-03,LM-ATM-013,World Trade Center,40.7116,-74.013,cloudy,None,122,45,27
2024-04-03,LM-ATM-014,Brookfield Place,40.7127,-74.0155,cloudy,None,96,35,21
2024-04-03,LM-ATM-015,Bowling Green,40.7047,-74.0141,cloudy,None,82,37,19
2024-04-03,LM-ATM-016,Staten Ferry Terminal,40.7013,-74.0132,cloudy,None,68,48,29
2024-04-03,LM-ATM-017,Essex Market,40.7193,-73.9874,cloudy,None,88,42,23
2024-04-03,LM-ATM-018,Houston Street,40.7282,-74.005,cloudy,None,60,31,19
2024-04-03,LM-ATM-019,Delancey Street,40.7188,-73.9885,cloudy,None,79,44,24
2024-04-03,LM-ATM-020,Pier 17,40.7058,-74.0027,cloudy,None,72,51,35
2024-04-04,LM-ATM-001,Battery Park,40.7033,-74.017,rain,None,65,36,21
2024-04-04,LM-ATM-002,Wall Street,40.7074,-74.0113,rain,None,109,24,9
2024-04-04,LM-ATM-003,Broad Street,40.7069,-74.0113,rain,None,102,26,14
2024-04-04,LM-ATM-004,Fulton Center,40.7103,-74.0076,rain,None,80,32,19
2024-04-04,LM-ATM-005,South Street Seaport,40.7069,-74.003,rain,None,59,41,24
2024-04-04,LM-ATM-006,Tribeca,40.7163,-74.0086,rain,None,65,26,13
2024-04-04,LM-ATM-007,City Hall,40.7128,-74.0059,rain,None,88,30,18
2024-04-04,LM-ATM-008,Chinatown,40.7158,-73.9973,rain,None,73,36,23
2024-04-04,LM-ATM-009,Little Italy,40.7191,-73.9973,rain,None,67,47,26
2024-04-04,LM-ATM-010,SoHo Broadway,40.7233,-74.002,rain,None,65,40,27
2024-04-04,LM-ATM-011,NoLiTa,40.7228,-73.9973,rain,None,46,31,16
2024-04-04,LM-ATM-012,Canal Street,40.719,-74.002,rain,None,62,32,20
2024-04-04,LM-ATM-013,World Trade Center,40.7116,-74.013,rain,None,110,39,23
2024-04-04,LM-ATM-014,Brookfield Place,40.7127,-74.0155,rain,None,95,41,21
2024-04-04,LM-ATM-015,Bowling Green,40.7047,-74.0141,rain,None,76,33,18
2024-04-04,LM-ATM-016,Staten Ferry Terminal,40.7013,-74.0132,rain,None,63,39,25
2024-04-04,LM-ATM-017,Essex Market,40.7193,-73.9874,rain,None,65,37,18
2024-04-04,LM-ATM-018,Houston Street,40.7282,-74.005,rain,None,59,28,18
2024-04-04,LM-ATM-019,Delancey Street,40.7188,-73.9885,rain,None,57,25,14
2024-04-04,LM-ATM-020,Pier 17,40.7058,-74.0027,rain,None,51,45,24
2024-04-05,LM-ATM-001,Battery Park,40.7033,-74.017,clear,None,70,38,24
2024-04-05,LM-ATM-002,Wall Street,40.7074,-74.0113,clear,None,120,30,17
2024-04-05,LM-ATM-003,Broad Street,40.7069,-74.0113,clear,None,114,25,16
2024-04-05,LM-ATM-004,Fulton Center,40.7103,-74.0076,clear,None,120,47,24
2024-04-05,LM-ATM-005,South Street Seaport,40.7069,-74.003,clear,None,69,45,26
2024-04-05,LM-ATM-006,Tribeca,40.7163,-74.0086,clear,None,98,32,19
2024-04-05,LM-ATM-007,City Hall,40.7128,-74.0059,clear,None,79,31,17
2024-04-05,LM-ATM-008,Chinatown,40.7158,-73.9973,clear,None,74,40,25
2024-04-05,LM-ATM-009,Little Italy,40.7191,-73.9973,clear,None,56,37,22
2024-04-05,LM-ATM-010,SoHo Broadway,40.7233,-74.002,clear,None,77,48,38
2024-04-05,LM-ATM-011,NoLiTa,40.7228,-73.9973,clear,None,56,37,21
2024-04-05,LM-ATM-012,Canal Street,40.719,-74.002,clear,None,82,39,23
2024-04-05,LM-ATM-013,World Trade Center,40.7116,-74.013,clear,None,129,47,27
2024-04-05,LM-ATM-014,Brookfield Place,40.7127,-74.0155,clear,None,114,36,21
2024-04-05,LM-ATM-015,Bowling Green,40.7047,-74.0141,clear,None,83,40,17
2024-04-05,LM-ATM-016,Staten Ferry Terminal,40.7013,-74.0132,clear,None,82,54,33
2024-04-05,LM-ATM-017,Essex Market,40.7193,-73.9874,clear,None,85,43,25
2024-04-05,LM-ATM-018,Houston Street,40.7282,-74.005,clear,None,65,36,22
2024-04-05,LM-ATM-019,Delancey Street,40.7188,-73.9885,clear,None,57,26,18
2024-04-05,LM-ATM-020,Pier 17,40.7058,-74.0027,clear,None,68,40,31
2024-04-06,LM-ATM-001,Battery Park,40.7033,-74.017,clear,None,67,47,30
2024-04-06,LM-ATM-002,Wall Street,40.7074,-74.0113,clear,None,111,32,17
2024-04-06,LM-ATM-003,Broad Street,40.7069,-74.0113,clear,None,85,26,11
2024-04-06,LM-ATM-004,Fulton Center,40.7103,-74.0076,clear,None,97,50,28
2024-04-06,LM-ATM-005,South Street Seaport,40.7069,-74.003,clear,None,64,51,36
2024-04-06,LM-ATM-006,Tribeca,40.7163,-74.0086,clear,None,85,41,17
2024-04-06,LM-ATM-007,City Hall,40.7128,-74.0059,clear,None,87,40,19
2024-04-06,LM-ATM-008,Chinatown,40.7158,-73.9973,clear,None,83,43,26
2024-04-06,LM-ATM-009,Little Italy,40.7191,-73.9973,clear,None,66,44,27
2024-04-06,LM-ATM-010,SoHo Broadway,40.7233,-74.002,clear,None,79,59,39
2024-04-06,LM-ATM-011,NoLiTa,40.7228,-73.9973,clear,None,55,40,23
2024-04-06,LM-ATM-012,Canal Street,40.719,-74.002,clear,None,81,51,32
2024-04-06,LM-ATM-013,World Trade Center,40.7116,-74.013,clear,None,114,43,25
2024-04-06,LM-ATM-014,Brookfield Place,40.7127,-74.0155,clear,None,88,42,20
2024-04-06,LM-ATM-015,Bowling Green,40.7047,-74.0141,clear,None,71,39,21
2024-04-06,LM-ATM-016,Staten Ferry Terminal,40.7013,-74.0132,clear,None,52,46,27
2024-04-06,LM-ATM-017,Essex Market,40.7193,-73.9874,clear,None,56,35,16
2024-04-06,LM-ATM-018,Houston Street,40.7282,-74.005,clear,None,64,43,24
2024-04-06,LM-ATM-019,Delancey Street,40.7188,-73.9885,clear,None,63,39,19
2024-04-06,LM-ATM-020,Pier 17,40.7058,-74.0027,clear,None,61,56,32
2024-04-07,LM-ATM-001,Battery Park,40.7033,-74.017,cloudy,None,73,43,29
2024-04-07,LM-ATM-002,Wall Street,40.7074,-74.0113,cloudy,None,96,29,12
2024-04-07,LM-ATM-003,Broad Street,40.7069,-74.0113,cloudy,None,88,28,16
2024-04-07,LM-ATM-004,Fulton Center,40.7103,-74.0076,cloudy,None,82,41,24
2024-04-07,LM-ATM-005,South Street Seaport,40.7069,-74.003,cloudy,None,73,58,37
2024-04-07,LM-ATM-006,Tribeca,40.7163,-74.0086,cloudy,None,58,24,14
2024-04-07,LM-ATM-007,City Hall,40.7128,-74.0059,cloudy,None,69,30,16
2024-04-07,LM-ATM-008,Chinatown,40.7158,-73.9973,cloudy,None,94,46,30
2024-04-07,LM-ATM-009,Little Italy,40.7191,-73.9973,cloudy,None,63,43,25
2024-04-07,LM-ATM-010,SoHo Broadway,40.7233,-74.002,cloudy,None,64,58,37
2024-04-07,LM-ATM-011,NoLiTa,40.7228,-73.9973,cloudy,None,63,44,28
2024-04-07,LM-ATM-012,Canal Street,40.719,-74.002,cloudy,None,80,46,27
2024-04-07,LM-ATM-013,World Trade Center,40.7116,-74.013,cloudy,None,86,33,19
2024-04-07,LM-ATM-014,Brookfield Place,40.7127,-74.0155,cloudy,None,77,36,20
2024-04-07,LM-ATM-015,Bowling Green,40.7047,-74.0141,cloudy,None,63,27,17
2024-04-07,LM-ATM-016,Staten Ferry Terminal,40.7013,-74.0132,cloudy,None,70,50,35
2024-04-07,LM-ATM-017,Essex Market,40.7193,-73.9874,cloudy,None,75,36,22
2024-04-07,LM-ATM-018,Houston Street,40.7282,-74.005,cloudy,None,67,40,23
2024-04-07,LM-ATM-019,Delancey Street,40.7188,-73.9885,cloudy,None,60,35,20
2024-04-07,LM-ATM-020,Pier 17,40.7058,-74.0027,cloudy,None,62,56,38
2024-04-08,LM-ATM-001,Battery Park,40.7033,-74.017,clear,None,81,46,31
2024-04-08,LM-ATM-002,Wall Street,40.7074,-74.0113,clear,None,141,32,14
2024-04-08,LM-ATM-003,Broad Street,40.7069,-74.0113,clear,None,116,31,18
2024-04-08,LM-ATM-004,Fulton Center,40.7103,-74.0076,clear,None,116,45,29
2024-04-08,LM-ATM-005,South Street Seaport,40.7069,-74.003,clear,None,83,54,36
2024-04-08,LM-ATM-006,Tribeca,40.7163,-74.0086,clear,None,82,29,15
2024-04-08,LM-ATM-007,City Hall,40.7128,-74.0059,clear,None,84,33,16
2024-04-08,LM-ATM-008,Chinatown,40.7158,-73.9973,clear,None,61,27,16
2024-04-08,LM-ATM-009,Little Italy,40.7191,-73.9973,clear,None,73,42,30
2024-04-08,LM-ATM-010,SoHo Broadway,40.7233,-74.002,clear,None,62,42,27
2024-04-08,LM-ATM-011,NoLiTa,40.7228,-73.9973,clear,None,71,44,24
2024-04-08,LM-ATM-012,Canal Street,40.719,-74.002,clear,None,93,49,30
2024-04-08,LM-ATM-013,World Trade Center,40.7116,-74.013,clear,None,158,51,29
2024-04-08,LM-ATM-014,Brookfield Place,40.7127,-74.0155,clear,None,131,41,27
2024-04-08,LM-ATM-015,Bowling Green,40.7047,-74.0141,clear,None,70,26,14
2024-04-08,LM-ATM-016,Staten Ferry Terminal,40.7013,-74.0132,clear,None,89,57,35
2024-04-08,LM-ATM-017,Essex Market,40.7193,-73.9874,clear,None,80,43,25
2024-04-08,LM-ATM-018,Houston Street,40.7282,-74.005,clear,None,82,44,30
2024-04-08,LM-ATM-019,Delancey Street,40.7188,-73.9885,clear,None,62,40,20
2024-04-08,LM-ATM-020,Pier 17,40.7058,-74.0027,clear,None,62,52,34
2024-04-09,LM-ATM-001,Battery Park,40.7033,-74.017,rain,None,67,39,24
2024-04-09,LM-ATM-002,Wall Street,40.7074,-74.0113,rain,None,105,20,10
2024-04-09,LM-ATM-003,Broad Street,40.7069,-74.0113,rain,None,102,32,13
2024-04-09,LM-ATM-004,Fulton Center,40.7103,-74.0076,rain,None,99,45,22
2024-04-09,LM-ATM-005,South Street Seaport,40.7069,-74.003,rain,None,68,47,30
2024-04-09,LM-ATM-006,Tribeca,40.7163,-74.0086,rain,None,57,21,10
2024-04-09,LM-ATM-007,City Hall,40.7128,-74.0059,rain,None,79,28,16
2024-04-09,LM-ATM-008,Chinatown,40.7158,-73.9973,rain,None,62,33,20
2024-04-09,LM-ATM-009,Little Italy,40.7191,-73.9973,rain,None,53,34,19
2024-04-09,LM-ATM-010,SoHo Broadway,40.7233,-74.002,rain,None,60,43,28
2024-04-09,LM-ATM-011,NoLiTa,40.7228,-73.9973,rain,None,51,35,21
2024-04-09,LM-ATM-012,Canal Street,40.719,-74.002,rain,None,82,44,25
2024-04-09,LM-ATM-013,World Trade Center,40.7116,-74.013,rain,None,94,34,20
2024-04-09,LM-ATM-014,Brookfield Place,40.7127,-74.0155,rain,None,98,39,23
2024-04-09,LM-ATM-015,Bowling Green,40.7047,-74.0141,rain,None,62,23,15
2024-04-09,LM-ATM-016,Staten Ferry Terminal,40.7013,-74.0132,rain,None,71,49,27
2024-04-09,LM-ATM-017,Essex Market,40.7193,-73.9874,rain,None,58,32,17
2024-04-09,LM-ATM-018,Houston Street,40.7282,-74.005,rain,None,49,31,18
2024-04-09,LM-ATM-019,Delancey Street,40.7188,-73.9885,rain,None,54,31,18
2024-04-09,LM-ATM-020,Pier 17,40.7058,-74.0027,rain,None,56,40,27
2024-04-10,LM-ATM-001,Battery Park,40.7033,-74.017,rain,None,56,40,21
2024-04-10,LM-ATM-002,Wall Street,40.7074,-74.0113,rain,None,96,23,10
2024-04-10,LM-ATM-003,Broad Street,40.7069,-74.0113,rain,None,91,25,12
2024-04-10,LM-ATM-004,Fulton Center,40.7103,-74.0076,rain,None,104,42,23
2024-04-10,LM-ATM-005,South Street Seaport,40.7069,-74.003,rain,None,55,35,25
2024-04-10,LM-ATM-006,Tribeca,40.7163,-74.0086,rain,None,73,26,13
2024-04-10,LM-ATM-007,City Hall,40.7128,-74.0059,rain,None,85,33,18
2024-04-10,LM-ATM-008,Chinatown,40.7158,-73.9973,rain,None,74,40,19
2024-04-10,LM-ATM-009,Little Italy,40.7191,-73.9973,rain,None,63,36,23
2024-04-10,LM-ATM-010,SoHo Broadway,40.7233,-74.002,rain,None,83,51,35
2024-04-10,LM-ATM-011,NoLiTa,40.7228,-73.9973,rain,None,41,28,17
2024-04-10,LM-ATM-012,Canal Street,40.719,-74.002,rain,None,77,43,26
2024-04-10,LM-ATM-013,World Trade Center,40.7116,-74.013,rain,None,106,36,24
2024-04-10,LM-ATM-014,Brookfield Place,40.7127,-74.0155,rain,None,94,34,21
2024-04-10,LM-ATM-015,Bowling Green,40.7047,-74.0141,rain,None,67,31,17
2024-04-10,LM-ATM-016,Staten Ferry Terminal,40.7013,-74.0132,rain,None,66,37,23
2024-04-10,LM-ATM-017,Essex Market,40.7193,-73.9874,rain,None,67,31,19
2024-04-10,LM-ATM-018,Houston Street,40.7282,-74.005,rain,None,44,25,16
2024-04-10,LM-ATM-019,Delancey Street,40.7188,-73.9885,rain,None,55,30,15
2024-04-10,LM-ATM-020,Pier 17,40.7058,-74.0027,rain,None,59,43,30
2024-04-11,LM-ATM-001,Battery Park,40.7033,-74.017,cloudy,None,76,44,28
2024-04-11,LM-ATM-002,Wall Street,40.7074,-74.0113,cloudy,None,139,25,13
2024-04-11,LM-ATM-003,Broad Street,40.7069,-74.0113,cloudy,None,109,28,14
2024-04-11,LM-ATM-004,Fulton Center,40.7103,-74.0076,cloudy,None,103,46,26
2024-04-11,LM-ATM-005,South Street Seaport,40.7069,-74.003,cloudy,None,74,57,33
2024-04-11,LM-ATM-006,Tribeca,40.7163,-74.0086,cloudy,None,77,32,12
2024-04-11,LM-ATM-007,City Hall,40.7128,-74.0059,cloudy,None,94,37,17
2024-04-11,LM-ATM-008,Chinatown,40.7158,-73.9973,cloudy,None,79,37,25
2024-04-11,LM-ATM-009,Little Italy,40.7191,-73.9973,cloudy,None,62,42,22
2024-04-11,LM-ATM-010,SoHo Broadway,40.7233,-74.002,cloudy,None,97,69,46
2024-04-11,LM-ATM-011,NoLiTa,40.7228,-73.9973,cloudy,None,50,27,18
2024-04-11,LM-ATM-012,Canal Street,40.719,-74.002,cloudy,None,91,42,28
2024-04-11,LM-ATM-013,World Trade Center,40.7116,-74.013,cloudy,None,139,44,28
2024-04-11,LM-ATM-014,Brookfield Place,40.7127,-74.0155,cloudy,None,119,36,24
2024-04-11,LM-ATM-015,Bowling Green,40.7047,-74.0141,cloudy,None,65,31,14
2024-04-11,LM-ATM-016,Staten Ferry Terminal,40.7013,-74.0132,cloudy,None,91,56,32
2024-04-11,LM-ATM-017,Essex Market,40.7193,-73.9874,cloudy,None,78,43,24
2024-04-11,LM-ATM-018,Houston Street,40.7282,-74.005,cloudy,None,72,39,24
2024-04-11,LM-ATM-019,Delancey Street,40.7188,-73.9885,cloudy,None,61,37,17
2024-04-11,LM-ATM-020,Pier 17,40.7058,-74.0027,cloudy,None,71,55,33
2024-04-12,LM-ATM-001,Battery Park,40.7033,-74.017,cloudy,None,57,36,22
2024-04-12,LM-ATM-002,Wall Street,40.7074,-74.0113,cloudy,None,140,31,14
2024-04-12,LM-ATM-003,Broad Street,40.7069,-74.0113,cloudy,None,122,32,13
2024-04-12,LM-ATM-004,Fulton Center,40.7103,-74.0076,cloudy,None,108,41,22
2024-04-12,LM-ATM-005,South Street Seaport,40.7069,-74.003,cloudy,None,84,52,32
2024-04-12,LM-ATM-006,Tribeca,40.7163,-74.0086,cloudy,None,102,31,19
2024-04-12,LM-ATM-007,City Hall,40.7128,-74.0059,cloudy,None,79,27,15
2024-04-12,LM-ATM-008,Chinatown,40.7158,-73.9973,cloudy,None,74,39,21
2024-04-12,LM-ATM-009,Little Italy,40.7191,-73.9973,cloudy,None,73,42,27
2024-04-12,LM-ATM-010,SoHo Broadway,40.7233,-74.002,cloudy,None,76,50,33
2024-04-12,LM-ATM-011,NoLiTa,40.7228,-73.9973,cloudy,None,51,31,19
2024-04-12,LM-ATM-012,Canal Street,40.719,-74.002,cloudy,None,81,41,26
2024-04-12,LM-ATM-013,World Trade Center,40.7116,-74.013,cloudy,None,144,48,33
2024-04-12,LM-ATM-014,Brookfield Place,40.7127,-74.0155,cloudy,None,128,40,27
2024-04-12,LM-ATM-015,Bowling Green,40.7047,-74.0141,cloudy,None,69,31,15
2024-04-12,LM-ATM-016,Staten Ferry Terminal,40.7013,-74.0132,cloudy,None,62,34,24
2024-04-12,LM-ATM-017,Essex Market,40.7193,-73.9874,cloudy,None,58,31,18
2024-04-12,LM-ATM-018,Houston Street,40.7282,-74.005,cloudy,None,73,39,25
2024-04-12,LM-ATM-019,Delancey Street,40.7188,-73.9885,cloudy,None,84,39,27
2024-04-12,LM-ATM-020,Pier 17,40.7058,-74.0027,cloudy,None,67,49,33
2024-04-13,LM-ATM-001,Battery Park,40.7033,-74.017,cloudy,None,58,36,23
2024-04-13,LM-ATM-002,Wall Street,40.7074,-74.0113,cloudy,None,107,30,12
2024-04-13,LM-ATM-003,Broad Street,40.7069,-74.0113,cloudy,None,86,34,14
2024-04-13,LM-ATM-004,Fulton Center,40.7103,-74.0076,cloudy,None,101,50,28
2024-04-13,LM-ATM-005,South Street Seaport,40.7069,-74.003,cloudy,None,81,65,40
2024-04-13,LM-ATM-006,Tribeca,40.7163,-74.0086,cloudy,None,71,32,16
2024-04-13,LM-ATM-007,City Hall,40.7128,-74.0059,cloudy,None,75,32,17
2024-04-13,LM-ATM-008,Chinatown,40.7158,-73.9973,cloudy,None,68,43,24
2024-04-13,LM-ATM-009,Little Italy,40.7191,-73.9973,cloudy,None,68,54,31
2024-04-13,LM-ATM-010,SoHo Broadway,40.7233,-74.002,cloudy,None,77,68,46
2024-04-13,LM-ATM-011,NoLiTa,40.7228,-73.9973,cloudy,None,58,37,22
2024-04-13,LM-ATM-012,Canal Street,40.719,-74.002,cloudy,None,86,48,28
2024-04-13,LM-ATM-013,World Trade Center,40.7116,-74.013,cloudy,None,88,37,19
2024-04-13,LM-ATM-014,Brookfield Place,40.7127,-74.0155,cloudy,None,109,43,22
2024-04-13,LM-ATM-015,Bowling Green,40.7047,-74.0141,cloudy,None,80,40,21
2024-04-13,LM-ATM-016,Staten Ferry Terminal,40.7013,-74.0132,cloudy,None,80,73,40
2024-04-13,LM-ATM-017,Essex Market,40.7193,-73.9874,cloudy,None,62,38,21
2024-04-13,LM-ATM-018,Houston Street,40.7282,-74.005,cloudy,None,64,42,25
2024-04-13,LM-ATM-019,Delancey Street,40.7188,-73.9885,cloudy,None,80,51,30
2024-04-13,LM-ATM-020,Pier 17,40.7058,-74.0027,cloudy,None,64,58,34
2024-04-14,LM-ATM-001,Battery Park,40.7033,-74.017,cloudy,None,53,37,24
2024-04-14,LM-ATM-002,Wall Street,40.7074,-74.0113,cloudy,None,94,28,11
2024-04-14,LM-ATM-003,Broad Street,40.7069,-74.0113,cloudy,None,71,22,10
2024-04-14,LM-ATM-004,Fulton Center,40.7103,-74.0076,cloudy,None,95,41,23
2024-04-14,LM-ATM-005,South Street Seaport,40.7069,-74.003,cloudy,None,66,50,30
2024-04-14,LM-ATM-006,Tribeca,40.7163,-74.0086,cloudy,None,71,33,16
2024-04-14,LM-ATM-007,City Hall,40.7128,-74.0059,cloudy,None,69,28,18
2024-04-14,LM-ATM-008,Chinatown,40.7158,-73.9973,cloudy,None,62,40,24
2024-04-14,LM-ATM-009,Little Italy,40.7191,-73.9973,cloudy,None,62,47,29
2024-04-14,LM-ATM-010,SoHo Broadway,40.7233,-74.002,cloudy,None,69,55,37
2024-04-14,LM-ATM-011,NoLiTa,40.7228,-73.9973,cloudy,None,65,44,25
2024-04-14,LM-ATM-012,Canal Street,40.719,-74.002,cloudy,None,73,42,26
2024-04-14,LM-ATM-013,World Trade Center,40.7116,-74.013,cloudy,None,85,33,21
2024-04-14,LM-ATM-014,Brookfield Place,40.7127,-74.0155,cloudy,None,104,42,22
2024-04-14,LM-ATM-015,Bowling Green,40.7047,-74.0141,cloudy,None,87,41,22
2024-04-14,LM-ATM-016,Staten Ferry Terminal,40.7013,-74.0132,cloudy,None,72,54,33
2024-04-14,LM-ATM-017,Essex Market,40.7193,-73.9874,cloudy,None,63,38,21
2024-04-14,LM-ATM-018,Houston Street,40.7282,-74.005,cloudy,None,71,53,30
2024-04-14,LM-ATM-019,Delancey Street,40.7188,-73.9885,cloudy,None,66,45,21
2024-04-14,LM-ATM-020,Pier 17,40.7058,-74.0027,cloudy,None,66,59,36
2024-04-15,LM-ATM-001,Battery Park,40.7033,-74.017,cloudy,None,49,28,18
2024-04-15,LM-ATM-002,Wall Street,40.7074,-74.0113,cloudy,None,143,33,16
2024-04-15,LM-ATM-003,Broad Street,40.7069,-74.0113,cloudy,None,125,30,17
2024-04-15,LM-ATM-004,Fulton Center,40.7103,-74.0076,cloudy,None,90,36,22
2024-04-15,LM-ATM-005,South Street Seaport,40.7069,-74.003,cloudy,None,66,46,28
2024-04-15,LM-ATM-006,Tribeca,40.7163,-74.0086,cloudy,None,106,37,22
2024-04-15,LM-ATM-007,City Hall,40.7128,-74.0059,cloudy,None,97,31,20
2024-04-15,LM-ATM-008,Chinatown,40.7158,-73.9973,cloudy,None,82,43,23
2024-04-15,LM-ATM-009,Little Italy,40.7191,-73.9973,cloudy,None,74,50,27
2024-04-15,LM-ATM-010,SoHo Broadway,40.7233,-74.002,cloudy,None,77,57,39
2024-04-15,LM-ATM-011,NoLiTa,40.7228,-73.9973,cloudy,None,51,30,19
2024-04-15,LM-ATM-012,Canal Street,40.719,-74.002,cloudy,None,80,42,26
2024-04-15,LM-ATM-013,World Trade Center,40.7116,-74.013,cloudy,None,148,41,27
2024-04-15,LM-ATM-014,Brookfield Place,40.7127,-74.0155,cloudy,None,126,45,25
2024-04-15,LM-ATM-015,Bowling Green,40.7047,-74.0141,cloudy,None,90,37,23
2024-04-15,LM-ATM-016,Staten Ferry Terminal,40.7013,-74.0132,cloudy,None,75,44,30
2024-04-15,LM-ATM-017,Essex Market,40.7193,-73.9874,cloudy,None,70,37,22
2024-04-15,LM-ATM-018,Houston Street,40.7282,-74.005,cloudy,None,74,45,23
2024-04-15,LM-ATM-019,Delancey Street,40.7188,-73.9885,cloudy,None,65,32,20
2024-04-15,LM-ATM-020,Pier 17,40.7058,-74.0027,cloudy,None,64,48,30
2024-04-16,LM-ATM-001,Battery Park,40.7033,-74.017,rain,None,53,34,23
2024-04-16,LM-ATM-002,Wall Street,40.7074,-74.0113,rain,None,111,22,14
2024-04-16,LM-ATM-003,Broad Street,40.7069,-74.0113,rain,None,85,24,10
2024-04-16,LM-ATM-004,Fulton Center,40.7103,-74.0076,rain,None,82,28,18
2024-04-16,LM-ATM-005,South Street Seaport,40.7069,-74.003,rain,None,58,42,28
2024-04-16,LM-ATM-006,Tribeca,40.7163,-74.0086,rain,None,64,27,11
2024-04-16,LM-ATM-007,City Hall,40.7128,-74.0059,rain,None,91,31,21
2024-04-16,LM-ATM-008,Chinatown,40.7158,-73.9973,rain,None,65,37,17
2024-04-16,LM-ATM-009,Little Italy,40.7191,-73.9973,rain,None,59,38,21
2024-04-16,LM-ATM-010,SoHo Broadway,40.7233,-74.002,rain,None,69,51,34
2024-04-16,LM-ATM-011,NoLiTa,40.7228,-73.9973,rain,None,56,33,19
2024-04-16,LM-ATM-012,Canal Street,40.719,-74.002,rain,None,61,34,19
2024-04-16,LM-ATM-013,World Trade Center,40.7116,-74.013,rain,None,119,42,25
2024-04-16,LM-ATM-014,Brookfield Place,40.7127,-74.0155,rain,None,87,32,19
2024-04-16,LM-ATM-015,Bowling Green,40.7047,-74.0141,rain,None,74,29,17
2024-04-16,LM-ATM-016,Staten Ferry Terminal,40.7013,-74.0132,rain,None,71,45,26
2024-04-16,LM-ATM-017,Essex Market,40.7193,-73.9874,rain,None,61,34,18
2024-04-16,LM-ATM-018,Houston Street,40.7282,-74.005,rain,None,64,36,23
2024-04-16,LM-ATM-019,Delancey Street,40.7188,-73.9885,rain,None,52,27,15
2024-04-16,LM-ATM-020,Pier 17,40.7058,-74.0027,rain,None,52,44,26
2024-04-17,LM-ATM-001,Battery Park,40.7033,-74.017,rain,None,57,32,20
2024-04-17,LM-ATM-002,Wall Street,40.7074,-74.0113,rain,None,110,27,12
2024-04-17,LM-ATM-003,Broad Street,40.7069,-74.0113,rain,None,109,24,13
2024-04-17,LM-ATM-004,Fulton Center,40.7103,-74.0076,rain,None,87,32,23
2024-04-17,LM-ATM-005,South Street Seaport,40.7069,-74.003,rain,None,51,35,20
2024-04-17,LM-ATM-006,Tribeca,40.7163,-74.0086,rain,None,74,26,14
2024-04-17,LM-ATM-007,City Hall,40.7128,-74.0059,rain,None,69,28,14
2024-04-17,LM-ATM-008,Chinatown,40.7158,-73.9973,rain,None,53,27,14
2024-04-17,LM-ATM-009,Little Italy,40.7191,-73.9973,rain,None,74,43,25
2024-04-17,LM-ATM-010,SoHo Broadway,40.7233,-74.002,rain,None,78,58,36
2024-04-17,LM-ATM-011,NoLiTa,40.7228,-73.9973,rain,None,53,35,21
2024-04-17,LM-ATM-012,Canal Street,40.719,-74.002,rain,None,81,51,23
2024-04-17,LM-ATM-013,World Trade Center,40.7116,-74.013,rain,None,112,45,24
2024-04-17,LM-ATM-014,Brookfield Place,40.7127,-74.0155,rain,None,88,34,19
2024-04-17,LM-ATM-015,Bowling Green,40.7047,-74.0141,rain,None,62,23,15
2024-04-17,LM-ATM-016,Staten Ferry Terminal,40.7013,-74.0132,rain,None,66,44,29
2024-04-17,LM-ATM-017,Essex Market,40.7193,-73.9874,rain,None,60,31,17
2024-04-17,LM-ATM-018,Houston Street,40.7282,-74.005,rain,None,53,32,19
2024-04-17,LM-ATM-019,Delancey Street,40.7188,-73.9885,rain,None,59,31,17
2024-04-17,LM-ATM-020,Pier 17,40.7058,-74.0027,rain,None,66,42,28
2024-04-18,LM-ATM-001,Battery Park,40.7033,-74.017,cloudy,None,59,40,24
2024-04-18,LM-ATM-002,Wall Street,40.7074,-74.0113,cloudy,None,146,31,18
2024-04-18,LM-ATM-003,Broad Street,40.7069,-74.0113,cloudy,None,118,27,14
2024-04-18,LM-ATM-004,Fulton Center,40.7103,-74.0076,cloudy,None,104,48,21
2024-04-18,LM-ATM-005,South Street Seaport,40.7069,-74.003,cloudy,None,81,49,35
2024-04-18,LM-ATM-006,Tribeca,40.7163,-74.0086,cloudy,None,92,34,15
2024-04-18,LM-ATM-007,City Hall,40.7128,-74.0059,cloudy,None,101,33,19
2024-04-18,LM-ATM-008,Chinatown,40.7158,-73.9973,cloudy,None,80,34,21
2024-04-18,LM-ATM-009,Little Italy,40.7191,-73.9973,cloudy,None,76,48,29
2024-04-18,LM-ATM-010,SoHo Broadway,40.7233,-74.002,cloudy,None,77,53,36
2024-04-18,LM-ATM-011,NoLiTa,40.7228,-73.9973,cloudy,None,64,41,23
2024-04-18,LM-ATM-012,Canal Street,40.719,-74.002,cloudy,None,92,47,29
2024-04-18,LM-ATM-013,World Trade Center,40.7116,-74.013,cloudy,None,115,39,22
2024-04-18,LM-ATM-014,Brookfield Place,40.7127,-74.0155,cloudy,None,103,37,21
2024-04-18,LM-ATM-015,Bowling Green,40.7047,-74.0141,cloudy,None,92,38,19
2024-04-18,LM-ATM-016,Staten Ferry Terminal,40.7013,-74.0132,cloudy,None,77,51,33
2024-04-18,LM-ATM-017,Essex Market,40.7193,-73.9874,cloudy,None,79,41,25
2024-04-18,LM-ATM-018,Houston Street,40.7282,-74.005,cloudy,None,63,30,19
2024-04-18,LM-ATM-019,Delancey Street,40.7188,-73.9885,cloudy,None,73,43,23
2024-04-18,LM-ATM-020,Pier 17,40.7058,-74.0027,cloudy,None,82,53,39
2024-04-19,LM-ATM-001,Battery Park,40.7033,-74.017,cloudy,None,71,43,26
2024-04-19,LM-ATM-002,Wall Street,40.7074,-74.0113,cloudy,None,131,32,15
2024-04-19,LM-ATM-003,Broad Street,40.7069,-74.0113,cloudy,None,131,37,14
2024-04-19,LM-ATM-004,Fulton Center,40.7103,-74.0076,cloudy,None,106,47,25
2024-04-19,LM-ATM-005,South Street Seaport,40.7069,-74.003,cloudy,None,84,62,32
2024-04-19,LM-ATM-006,Tribeca,40.7163,-74.0086,cloudy,None,89,32,16
2024-04-19,LM-ATM-007,City Hall,40.7128,-74.0059,cloudy,None,85,32,16
2024-04-19,LM-ATM-008,Chinatown,40.7158,-73.9973,cloudy,None,82,39,24
2024-04-19,LM-ATM-009,Little Italy,40.7191,-73.9973,cloudy,None,70,44,26
2024-04-19,LM-ATM-010,SoHo Broadway,40.7233,-74.002,cloudy,None,83,63,38
2024-04-19,LM-ATM-011,NoLiTa,40.7228,-73.9973,cloudy,None,73,49,24
2024-04-19,LM-ATM-012,Canal Street,40.719,-74.002,cloudy,None,71,39,20
2024-04-19,LM-ATM-013,World Trade Center,40.7116,-74.013,cloudy,None,131,54,26
2024-04-19,LM-ATM-014,Brookfield Place,40.7127,-74.0155,cloudy,None,121,38,22
2024-04-19,LM-ATM-015,Bowling Green,40.7047,-74.0141,cloudy,None,89,32,20
2024-04-19,LM-ATM-016,Staten Ferry Terminal,40.7013,-74.0132,cloudy,None,67,44,27
2024-04-19,LM-ATM-017,Essex Market,40.7193,-73.9874,cloudy,None,65,33,18
2024-04-19,LM-ATM-018,Houston Street,40.7282,-74.005,cloudy,None,69,37,21
2024-04-19,LM-ATM-019,Delancey Street,40.7188,-73.9885,cloudy,None,54,33,17
2024-04-19,LM-ATM-020,Pier 17,40.7058,-74.0027,cloudy,None,55,39,29
2024-04-20,LM-ATM-001,Battery Park,40.7033,-74.017,cloudy,None,69,48,27
2024-04-20,LM-ATM-002,Wall Street,40.7074,-74.0113,cloudy,None,112,36,15
2024-04-20,LM-ATM-003,Broad Street,40.7069,-74.0113,cloudy,None,101,33,14
2024-04-20,LM-ATM-004,Fulton Center,40.7103,-74.0076,cloudy,None,113,52,31
2024-04-20,LM-ATM-005,South Street Seaport,40.7069,-74.003,cloudy,None,68,50,32
2024-04-20,LM-ATM-006,Tribeca,40.7163,-74.0086,cloudy,None,68,33,13
2024-04-20,LM-ATM-007,City Hall,40.7128,-74.0059,cloudy,None,73,35,17
2024-04-20,LM-ATM-008,Chinatown,40.7158,-73.9973,cloudy,None,59,35,19
2024-04-20,LM-ATM-009,Little Italy,40.7191,-73.9973,cloudy,None,65,53,30
2024-04-20,LM-ATM-010,SoHo Broadway,40.7233,-74.002,cloudy,None,68,55,36
2024-04-20,LM-ATM-011,NoLiTa,40.7228,-73.9973,cloudy,None,66,48,26
2024-04-20,LM-ATM-012,Canal Street,40.719,-74.002,cloudy,None,72,50,30
2024-04-20,LM-ATM-013,World Trade Center,40.7116,-74.013,cloudy,None,107,51,23
2024-04-20,LM-ATM-014,Brookfield Place,40.7127,-74.0155,cloudy,None,92,40,24
2024-04-20,LM-ATM-015,Bowling Green,40.7047,-74.0141,cloudy,None,63,38,19
2024-04-20,LM-ATM-016,Staten Ferry Terminal,40.7013,-74.0132,cloudy,None,62,49,29
2024-04-20,LM-ATM-017,Essex Market,40.7193,-73.9874,cloudy,None,75,42,23
2024-04-20,LM-ATM-018,Houston Street,40.7282,-74.005,cloudy,None,70,43,27
2024-04-20,LM-ATM-019,Delancey Street,40.7188,-73.9885,cloudy,None,60,33,21
2024-04-20,LM-ATM-020,Pier 17,40.7058,-74.0027,cloudy,None,69,60,36
2024-04-21,LM-ATM-001,Battery Park,40.7033,-74.017,clear,None,66,49,28
2024-04-21,LM-ATM-002,Wall Street,40.7074,-74.0113,clear,None,113,28,16
2024-04-21,LM-ATM-003,Broad Street,40.7069,-74.0113,clear,None,107,40,18
2024-04-21,LM-ATM-004,Fulton Center,40.7103,-74.0076,clear,None,92,41,20
2024-04-21,LM-ATM-005,South Street Seaport,40.7069,-74.003,clear,None,69,62,33
2024-04-21,LM-ATM-006,Tribeca,40.7163,-74.0086,clear,None,84,37,19
2024-04-21,LM-ATM-007,City Hall,40.7128,-74.0059,clear,None,66,31,16
2024-04-21,LM-ATM-008,Chinatown,40.7158,-73.9973,clear,None,88,55,29
2024-04-21,LM-ATM-009,Little Italy,40.7191,-73.9973,clear,None,80,61,38
2024-04-21,LM-ATM-010,SoHo Broadway,40.7233,-74.002,clear,None,64,55,36
2024-04-21,LM-ATM-011,NoLiTa,40.7228,-73.9973,clear,None,78,56,32
2024-04-21,LM-ATM-012,Canal Street,40.719,-74.002,clear,None,72,52,30
2024-04-21,LM-ATM-013,World Trade Center,40.7116,-74.013,clear,None,110,45,25
2024-04-21,LM-ATM-014,Brookfield Place,40.7127,-74.0155,clear,None,110,43,23
2024-04-21,LM-ATM-015,Bowling Green,40.7047,-74.0141,clear,None,89,46,22
2024-04-21,LM-ATM-016,Staten Ferry Terminal,40.7013,-74.0132,clear,None,90,59,40
2024-04-21,LM-ATM-017,Essex Market,40.7193,-73.9874,clear,None,54,31,17
2024-04-21,LM-ATM-018,Houston Street,40.7282,-74.005,clear,None,65,42,27
2024-04-21,LM-ATM-019,Delancey Street,40.7188,-73.9885,clear,None,53,39,22
2024-04-21,LM-ATM-020,Pier 17,40.7058,-74.0027,clear,None,61,67,37
2024-04-22,LM-ATM-001,Battery Park,40.7033,-74.017,cloudy,None,65,42,24
2024-04-22,LM-ATM-002,Wall Street,40.7074,-74.0113,cloudy,None,96,29,14
2024-04-22,LM-ATM-003,Broad Street,40.7069,-74.0113,cloudy,None,104,25,15
2024-04-22,LM-ATM-004,Fulton Center,40.7103,-74.0076,cloudy,None,102,38,26
2024-04-22,LM-ATM-005,South Street Seaport,40.7069,-74.003,cloudy,None,63,39,27
2024-04-22,LM-ATM-006,Tribeca,40.7163,-74.0086,cloudy,None,91,37,17
2024-04-22,LM-ATM-007,City Hall,40.7128,-74.0059,cloudy,None,92,35,23
2024-04-22,LM-ATM-008,Chinatown,40.7158,-73.9973,cloudy,None,73,35,22
2024-04-22,LM-ATM-009,Little Italy,40.7191,-73.9973,cloudy,None,67,44,26
2024-04-22,LM-ATM-010,SoHo Broadway,40.7233,-74.002,cloudy,None,95,56,43
2024-04-22,LM-ATM-011,NoLiTa,40.7228,-73.9973,cloudy,None,64,38,22
2024-04-22,LM-ATM-012,Canal Street,40.719,-74.002,cloudy,None,91,39,27
2024-04-22,LM-ATM-013,World Trade Center,40.7116,-74.013,cloudy,None,144,41,25
2024-04-22,LM-ATM-014,Brookfield Place,40.7127,-74.0155,cloudy,None,113,39,24
2024-04-22,LM-ATM-015,Bowling Green,40.7047,-74.0141,cloudy,None,80,32,19
2024-04-22,LM-ATM-016,Staten Ferry Terminal,40.7013,-74.0132,cloudy,None,83,59,32
2024-04-22,LM-ATM-017,Essex Market,40.7193,-73.9874,cloudy,None,60,34,15
2024-04-22,LM-ATM-018,Houston Street,40.7282,-74.005,cloudy,None,81,39,25
2024-04-22,LM-ATM-019,Delancey Street,40.7188,-73.9885,cloudy,None,84,46,26
2024-04-22,LM-ATM-020,Pier 17,40.7058,-74.0027,cloudy,None,63,47,30
2024-04-23,LM-ATM-001,Battery Park,40.7033,-74.017,cloudy,None,67,40,25
2024-04-23,LM-ATM-002,Wall Street,40.7074,-74.0113,cloudy,None,115,30,10
2024-04-23,LM-ATM-003,Broad Street,40.7069,-74.0113,cloudy,None,117,32,12
2024-04-23,LM-ATM-004,Fulton Center,40.7103,-74.0076,cloudy,None,92,36,25
2024-04-23,LM-ATM-005,South Street Seaport,40.7069,-74.003,cloudy,None,61,46,30
2024-04-23,LM-ATM-006,Tribeca,40.7163,-74.0086,cloudy,None,84,31,16
2024-04-23,LM-ATM-007,City Hall,40.7128,-74.0059,cloudy,None,74,29,15
2024-04-23,LM-ATM-008,Chinatown,40.7158,-73.9973,cloudy,None,75,43,24
2024-04-23,LM-ATM-009,Little Italy,40.7191,-73.9973,cloudy,None,68,44,25
2024-04-23,LM-ATM-010,SoHo Broadway,40.7233,-74.002,cloudy,None,83,59,39
2024-04-23,LM-ATM-011,NoLiTa,40.7228,-73.9973,cloudy,None,66,43,24
2024-04-23,LM-ATM-012,Canal Street,40.719,-74.002,cloudy,None,76,41,23
2024-04-23,LM-ATM-013,World Trade Center,40.7116,-74.013,cloudy,None,113,41,24
2024-04-23,LM-ATM-014,Brookfield Place,40.7127,-74.0155,cloudy,None,107,37,19
2024-04-23,LM-ATM-015,Bowling Green,40.7047,-74.0141,cloudy,None,92,41,22
2024-04-23,LM-ATM-016,Staten Ferry Terminal,40.7013,-74.0132,cloudy,None,71,45,30
2024-04-23,LM-ATM-017,Essex Market,40.7193,-73.9874,cloudy,None,57,30,17
2024-04-23,LM-ATM-018,Houston Street,40.7282,-74.005,cloudy,None,82,48,31
2024-04-23,LM-ATM-019,Delancey Street,40.7188,-73.9885,cloudy,None,68,39,23
2024-04-23,LM-ATM-020,Pier 17,40.7058,-74.0027,cloudy,None,69,52,33
2024-04-24,LM-ATM-001,Battery Park,40.7033,-74.017,clear,None,78,47,27
2024-04-24,LM-ATM-002,Wall Street,40.7074,-74.0113,clear,None,124,38,14
2024-04-24,LM-ATM-003,Broad Street,40.7069,-74.0113,clear,None,99,26,11
2024-04-24,LM-ATM-004,Fulton Center,40.7103,-74.0076,clear,None,102,41,25
2024-04-24,LM-ATM-005,South Street Seaport,40.7069,-74.003,clear,None,76,53,33
2024-04-24,LM-ATM-006,Tribeca,40.7163,-74.0086,clear,None,75,36,16
2024-04-24,LM-ATM-007,City Hall,40.7128,-74.0059,clear,None,87,32,16
2024-04-24,LM-ATM-008,Chinatown,40.7158,-73.9973,clear,None,92,45,26
2024-04-24,LM-ATM-009,Little Italy,40.7191,-73.9973,clear,None,64,41,26
2024-04-24,LM-ATM-010,SoHo Broadway,40.7233,-74.002,clear,None,70,50,30
2024-04-24,LM-ATM-011,NoLiTa,40.7228,-73.9973,clear,None,66,43,24
2024-04-24,LM-ATM-012,Canal Street,40.719,-74.002,clear,None,92,50,31
2024-04-24,LM-ATM-013,World Trade Center,40.7116,-74.013,clear,None,120,32,25
2024-04-24,LM-ATM-014,Brookfield Place,40.7127,-74.0155,clear,None,108,41,26
2024-04-24,LM-ATM-015,Bowling Green,40.7047,-74.0141,clear,None,90,33,17
2024-04-24,LM-ATM-016,Staten Ferry Terminal,40.7013,-74.0132,clear,None,78,50,30
2024-04-24,LM-ATM-017,Essex Market,40.7193,-73.9874,clear,None,76,39,18
2024-04-24,LM-ATM-018,Houston Street,40.7282,-74.005,clear,None,64,32,20
2024-04-24,LM-ATM-019,Delancey Street,40.7188,-73.9885,clear,None,84,42,22
2024-04-24,LM-ATM-020,Pier 17,40.7058,-74.0027,clear,None,56,42,27
2024-04-25,LM-ATM-001,Battery Park,40.7033,-74.017,cloudy,None,48,27,17
2024-04-25,LM-ATM-002,Wall Street,40.7074,-74.0113,cloudy,None,111,29,13
2024-04-25,LM-ATM-003,Broad Street,40.7069,-74.0113,cloudy,None,111,29,14
2024-04-25,LM-ATM-004,Fulton Center,40.7103,-74.0076,cloudy,None,121,47,27
2024-04-25,LM-ATM-005,South Street Seaport,40.7069,-74.003,cloudy,None,76,42,33
2024-04-25,LM-ATM-006,Tribeca,40.7163,-74.0086,cloudy,None,94,39,18
2024-04-25,LM-ATM-007,City Hall,40.7128,-74.0059,cloudy,None,113,36,22
2024-04-25,LM-ATM-008,Chinatown,40.7158,-73.9973,cloudy,None,70,35,20
2024-04-25,LM-ATM-009,Little Italy,40.7191,-73.9973,cloudy,None,52,36,22
2024-04-25,LM-ATM-010,SoHo Broadway,40.7233,-74.002,cloudy,None,64,58,34
2024-04-25,LM-ATM-011,NoLiTa,40.7228,-73.9973,cloudy,None,57,40,19
2024-04-25,LM-ATM-012,Canal Street,40.719,-74.002,cloudy,None,85,43,24
2024-04-25,LM-ATM-013,World Trade Center,40.7116,-74.013,cloudy,None,112,41,25
2024-04-25,LM-ATM-014,Brookfield Place,40.7127,-74.0155,cloudy,None,103,35,20
2024-04-25,LM-ATM-015,Bowling Green,40.7047,-74.0141,cloudy,None,85,34,22
2024-04-25,LM-ATM-016,Staten Ferry Terminal,40.7013,-74.0132,cloudy,None,82,50,32
2024-04-25,LM-ATM-017,Essex Market,40.7193,-73.9874,cloudy,None,65,34,21
2024-04-25,LM-ATM-018,Houston Street,40.7282,-74.005,cloudy,None,67,35,22
2024-04-25,LM-ATM-019,Delancey Street,40.7188,-73.9885,cloudy,None,60,23,16
2024-04-25,LM-ATM-020,Pier 17,40.7058,-74.0027,cloudy,None,70,53,36
2024-04-26,LM-ATM-001,Battery Park,40.7033,-74.017,cloudy,None,71,45,26
2024-04-26,LM-ATM-002,Wall Street,40.7074,-74.0113,cloudy,None,100,27,14
2024-04-26,LM-ATM-003,Broad Street,40.7069,-74.0113,cloudy,None,113,37,13
2024-04-26,LM-ATM-004,Fulton Center,40.7103,-74.0076,cloudy,None,100,41,25
2024-04-26,LM-ATM-005,South Street Seaport,40.7069,-74.003,cloudy,None,61,46,25
2024-04-26,LM-ATM-006,Tribeca,40.7163,-74.0086,cloudy,None,73,30,14
2024-04-26,LM-ATM-007,City Hall,40.7128,-74.0059,cloudy,None,65,25,13
2024-04-26,LM-ATM-008,Chinatown,40.7158,-73.9973,cloudy,None,70,31,19
2024-04-26,LM-ATM-009,Little Italy,40.7191,-73.9973,cloudy,None,58,35,21
2024-04-26,LM-ATM-010,SoHo Broadway,40.7233,-74.002,cloudy,None,73,52,31
2024-04-26,LM-ATM-011,NoLiTa,40.7228,-73.9973,cloudy,None,57,41,24
2024-04-26,LM-ATM-012,Canal Street,40.719,-74.002,cloudy,None,89,36,27
2024-04-26,LM-ATM-013,World Trade Center,40.7116,-74.013,cloudy,None,114,34,26
2024-04-26,LM-ATM-014,Brookfield Place,40.7127,-74.0155,cloudy,None,85,29,16
2024-04-26,LM-ATM-015,Bowling Green,40.7047,-74.0141,cloudy,None,75,36,16
2024-04-26,LM-ATM-016,Staten Ferry Terminal,40.7013,-74.0132,cloudy,None,77,50,29
2024-04-26,LM-ATM-017,Essex Market,40.7193,-73.9874,cloudy,None,66,32,21
2024-04-26,LM-ATM-018,Houston Street,40.7282,-74.005,cloudy,None,93,44,32
2024-04-26,LM-ATM-019,Delancey Street,40.7188,-73.9885,cloudy,None,78,41,23
2024-04-26,LM-ATM-020,Pier 17,40.7058,-74.0027,cloudy,None,63,52,32
2024-04-27,LM-ATM-001,Battery Park,40.7033,-74.017,rain,None,64,37,22
2024-04-27,LM-ATM-002,Wall Street,40.7074,-74.0113,rain,None,79,30,15
2024-04-27,LM-ATM-003,Broad Street,40.7069,-74.0113,rain,None,92,29,15
2024-04-27,LM-ATM-004,Fulton Center,40.7103,-74.0076,rain,None,96,48,27
2024-04-27,LM-ATM-005,South Street Seaport,40.7069,-74.003,rain,None,59,47,29
2024-04-27,LM-ATM-006,Tribeca,40.7163,-74.0086,rain,None,57,30,12
2024-04-27,LM-ATM-007,City Hall,40.7128,-74.0059,rain,None,66,30,17
2024-04-27,LM-ATM-008,Chinatown,40.7158,-73.9973,rain,None,67,40,22
2024-04-27,LM-ATM-009,Little Italy,40.7191,-73.9973,rain,None,49,37,21
2024-04-27,LM-ATM-010,SoHo Broadway,40.7233,-74.002,rain,None,62,52,33
2024-04-27,LM-ATM-011,NoLiTa,40.7228,-73.9973,rain,None,57,41,24
2024-04-27,LM-ATM-012,Canal Street,40.719,-74.002,rain,None,68,42,26
2024-04-27,LM-ATM-013,World Trade Center,40.7116,-74.013,rain,None,82,32,21
2024-04-27,LM-ATM-014,Brookfield Place,40.7127,-74.0155,rain,None,82,39,17
2024-04-27,LM-ATM-015,Bowling Green,40.7047,-74.0141,rain,None,66,33,18
2024-04-27,LM-ATM-016,Staten Ferry Terminal,40.7013,-74.0132,rain,None,61,42,26
2024-04-27,LM-ATM-017,Essex Market,40.7193,-73.9874,rain,None,53,35,18
2024-04-27,LM-ATM-018,Houston Street,40.7282,-74.005,rain,None,53,37,20
2024-04-27,LM-ATM-019,Delancey Street,40.7188,-73.9885,rain,None,53,36,16
2024-04-27,LM-ATM-020,Pier 17,40.7058,-74.0027,rain,None,49,33,22
2024-04-28,LM-ATM-001,Battery Park,40.7033,-74.017,clear,None,69,50,28
2024-04-28,LM-ATM-002,Wall Street,40.7074,-74.0113,clear,None,91,25,10
2024-04-28,LM-ATM-003,Broad Street,40.7069,-74.0113,clear,None,96,28,13
2024-04-28,LM-ATM-004,Fulton Center,40.7103,-74.0076,clear,None,93,51,26
2024-04-28,LM-ATM-005,South Street Seaport,40.7069,-74.003,clear,None,75,49,34
2024-04-28,LM-ATM-006,Tribeca,40.7163,-74.0086,clear,None,77,36,17
2024-04-28,LM-ATM-007,City Hall,40.7128,-74.0059,clear,None,86,38,19
2024-04-28,LM-ATM-008,Chinatown,40.7158,-73.9973,clear,None,76,45,25
2024-04-28,LM-ATM-009,Little Italy,40.7191,-73.9973,clear,None,61,47,27
2024-04-28,LM-ATM-010,SoHo Broadway,40.7233,-74.002,clear,None,86,69,46
2024-04-28,LM-ATM-011,NoLiTa,40.7228,-73.9973,clear,None,61,47,28
2024-04-28,LM-ATM-012,Canal Street,40.719,-74.002,clear,None,78,54,26
2024-04-28,LM-ATM-013,World Trade Center,40.7116,-74.013,clear,None,93,45,23
2024-04-28,LM-ATM-014,Brookfield Place,40.7127,-74.0155,clear,None,95,47,21
2024-04-28,LM-ATM-015,Bowling Green,40.7047,-74.0141,clear,None,66,36,18
2024-04-28,LM-ATM-016,Staten Ferry Terminal,40.7013,-74.0132,clear,None,77,50,28
2024-04-28,LM-ATM-017,Essex Market,40.7193,-73.9874,clear,None,80,48,26
2024-04-28,LM-ATM-018,Houston Street,40.7282,-74.005,clear,None,70,44,30
2024-04-28,LM-ATM-019,Delancey Street,40.7188,-73.9885,clear,None,74,41,26
2024-04-28,LM-ATM-020,Pier 17,40.7058,-74.0027,clear,None,59,53,30
2024-04-29,LM-ATM-001,Battery Park,40.7033,-74.017,cloudy,None,65,38,22
2024-04-29,LM-ATM-002,Wall Street,40.7074,-74.0113,cloudy,None,131,28,15
2024-04-29,LM-ATM-003,Broad Street,40.7069,-74.0113,cloudy,None,128,36,13
2024-04-29,LM-ATM-004,Fulton Center,40.7103,-74.0076,cloudy,None,124,47,30
2024-04-29,LM-ATM-005,South Street Seaport,40.7069,-74.003,cloudy,None,72,49,30
2024-04-29,LM-ATM-006,Tribeca,40.7163,-74.0086,cloudy,None,92,33,16
2024-04-29,LM-ATM-007,City Hall,40.7128,-74.0059,cloudy,None,92,33,21
2024-04-29,LM-ATM-008,Chinatown,40.7158,-73.9973,cloudy,None,82,44,28
2024-04-29,LM-ATM-009,Little Italy,40.7191,-73.9973,cloudy,None,67,46,26
2024-04-29,LM-ATM-010,SoHo Broadway,40.7233,-74.002,cloudy,None,82,55,42
2024-04-29,LM-ATM-011,NoLiTa,40.7228,-73.9973,cloudy,None,58,33,20
2024-04-29,LM-ATM-012,Canal Street,40.719,-74.002,cloudy,None,84,48,30
2024-04-29,LM-ATM-013,World Trade Center,40.7116,-74.013,cloudy,None,108,31,20
2024-04-29,LM-ATM-014,Brookfield Place,40.7127,-74.0155,cloudy,None,113,41,22
2024-04-29,LM-ATM-015,Bowling Green,40.7047,-74.0141,cloudy,None,94,31,19
2024-04-29,LM-ATM-016,Staten Ferry Terminal,40.7013,-74.0132,cloudy,None,83,50,32
2024-04-29,LM-ATM-017,Essex Market,40.7193,-73.9874,cloudy,None,59,28,17
2024-04-29,LM-ATM-018,Houston Street,40.7282,-74.005,cloudy,None,68,40,25
2024-04-29,LM-ATM-019,Delancey Street,40.7188,-73.9885,cloudy,None,65,34,22
2024-04-29,LM-ATM-020,Pier 17,40.7058,-74.0027,cloudy,None,72,48,31
2024-04-30,LM-ATM-001,Battery Park,40.7033,-74.017,rain,None,61,38,21
2024-04-30,LM-ATM-002,Wall Street,40.7074,-74.0113,rain,None,103,20,9
2024-04-30,LM-ATM-003,Broad Street,40.7069,-74.0113,rain,None,102,23,13
2024-04-30,LM-ATM-004,Fulton Center,40.7103,-74.0076,rain,None,74,25,16
2024-04-30,LM-ATM-005,South Street Seaport,40.7069,-74.003,rain,None,69,42,29
2024-04-30,LM-ATM-006,Tribeca,40.7163,-74.0086,rain,None,77,26,14
2024-04-30,LM-ATM-007,City Hall,40.7128,-74.0059,rain,None,84,28,15
2024-04-30,LM-ATM-008,Chinatown,40.7158,-73.9973,rain,None,79,41,26
2024-04-30,LM-ATM-009,Little Italy,40.7191,-73.9973,rain,None,44,26,16
2024-04-30,LM-ATM-010,SoHo Broadway,40.7233,-74.002,rain,None,59,45,29
2024-04-30,LM-ATM-011,NoLiTa,40.7228,-73.9973,rain,None,53,30,18
2024-04-30,LM-ATM-012,Canal Street,40.719,-74.002,rain,None,77,41,27
2024-04-30,LM-ATM-013,World Trade Center,40.7116,-74.013,rain,None,97,34,20
2024-04-30,LM-ATM-014,Brookfield Place,40.7127,-74.0155,rain,None,89,31,17
2024-04-30,LM-ATM-015,Bowling Green,40.7047,-74.0141,rain,None,72,30,17
2024-04-30,LM-ATM-016,Staten Ferry Terminal,40.7013,-74.0132,rain,None,60,44,27
2024-04-30,LM-ATM-017,Essex Market,40.7193,-73.9874,rain,None,58,31,17
2024-04-30,LM-ATM-018,Houston Street,40.7282,-74.005,rain,None,53,28,17
2024-04-30,LM-ATM-019,Delancey Street,40.7188,-73.9885,rain,None,58,34,20
2024-04-30,LM-ATM-020,Pier 17,40.7058,-74.0027,rain,None,52,38,25
2024-05-01,LM-ATM-001,Battery Park,40.7033,-74.017,clear,None,79,52,30
2024-05-01,LM-ATM-002,Wall Street,40.7074,-74.0113,clear,None,132,30,14
2024-05-01,LM-ATM-003,Broad Street,40.7069,-74.0113,clear,None,120,35,17
2024-05-01,LM-ATM-004,Fulton Center,40.7103,-74.0076,clear,None,122,54,29
2024-05-01,LM-ATM-005,South Street Seaport,40.7069,-74.003,clear,None,76,55,35
2024-05-01,LM-ATM-006,Tribeca,40.7163,-74.0086,clear,None,97,31,17
2024-05-01,LM-ATM-007,City Hall,40.7128,-74.0059,clear,None,92,37,21
2024-05-01,LM-ATM-008,Chinatown,40.7158,-73.9973,clear,None,80,40,24
2024-05-01,LM-ATM-009,Little Italy,40.7191,-73.9973,clear,None,68,40,25
2024-05-01,LM-ATM-010,SoHo Broadway,40.7233,-74.002,clear,None,78,50,33
2024-05-01,LM-ATM-011,NoLiTa,40.7228,-73.9973,clear,None,59,34,23
2024-05-01,LM-ATM-012,Canal Street,40.719,-74.002,clear,None,94,45,29
2024-05-01,LM-ATM-013,World Trade Center,40.7116,-74.013,clear,None,138,52,32
2024-05-01,LM-ATM-014,Brookfield Place,40.7127,-74.0155,clear,None,116,43,26
2024-05-01,LM-ATM-015,Bowling Green,40.7047,-74.0141,clear,None,95,45,23
2024-05-01,LM-ATM-016,Staten Ferry Terminal,40.7013,-74.0132,clear,None,76,49,28
2024-05-01,LM-ATM-017,Essex Market,40.7193,-73.9874,clear,None,82,44,25
2024-05-01,LM-ATM-018,Houston Street,40.7282,-74.005,clear,None,71,43,24
2024-05-01,LM-ATM-019,Delancey Street,40.7188,-73.9885,clear,None,72,35,20
2024-05-01,LM-ATM-020,Pier 17,40.7058,-74.0027,clear,None,74,56,34
2024-05-02,LM-ATM-001,Battery Park,40.7033,-74.017,clear,None,78,43,27
2024-05-02,LM-ATM-002,Wall Street,40.7074,-74.0113,clear,None,131,35,17
2024-05-02,LM-ATM-003,Broad Street,40.7069,-74.0113,clear,None,112,23,16
2024-05-02,LM-ATM-004,Fulton Center,40.7103,-74.0076,clear,None,118,50,26
2024-05-02,LM-ATM-005,South Street Seaport,40.7069,-74.003,clear,None,79,54,31
2024-05-02,LM-ATM-006,Tribeca,40.7163,-74.0086,clear,None,66,24,12
2024-05-02,LM-ATM-007,City Hall,40.7128,-74.0059,clear,None,86,37,16
2024-05-02,LM-ATM-008,Chinatown,40.7158,-73.9973,clear,None,80,40,21
2024-05-02,LM-ATM-009,Little Italy,40.7191,-73.9973,clear,None,69,45,24
2024-05-02,LM-ATM-010,SoHo Broadway,40.7233,-74.002,clear,None,86,67,46
2024-05-02,LM-ATM-011,NoLiTa,40.7228,-73.9973,clear,None,61,35,23
2024-05-02,LM-ATM-012,Canal Street,40.719,-74.002,clear,None,89,45,27
2024-05-02,LM-ATM-013,World Trade Center,40.7116,-74.013,clear,None,119,43,21
2024-05-02,LM-ATM-014,Brookfield Place,40.7127,-74.0155,clear,None,118,35,26
2024-05-02,LM-ATM-015,Bowling Green,40.7047,-74.0141,clear,None,101,47,26
2024-05-02,LM-ATM-016,Staten Ferry Terminal,40.7013,-74.0132,clear,None,74,52,29
2024-05-02,LM-ATM-017,Essex Market,40.7193,-73.9874,clear,None,73,34,21
2024-05-02,LM-ATM-018,Houston Street,40.7282,-74.005,clear,None,85,49,24
2024-05-02,LM-ATM-019,Delancey Street,40.7188,-73.9885,clear,None,57,37,20
2024-05-02,LM-ATM-020,Pier 17,40.7058,-74.0027,clear,None,61,44,29
2024-05-03,LM-ATM-001,Battery Park,40.7033,-74.017,cloudy,None,72,36,22
2024-05-03,LM-ATM-002,Wall Street,40.7074,-74.0113,cloudy,None,142,37,16
2024-05-03,LM-ATM-003,Broad Street,40.7069,-74.0113,cloudy,None,114,32,12
2024-05-03,LM-ATM-004,Fulton Center,40.7103,-74.0076,cloudy,None,112,42,24
2024-05-03,LM-ATM-005,South Street Seaport,40.7069,-74.003,cloudy,None,73,47,26
2024-05-03,LM-ATM-006,Tribeca,40.7163,-74.0086,cloudy,None,88,33,20
2024-05-03,LM-ATM-007,City Hall,40.7128,-74.0059,cloudy,None,102,41,21
2024-05-03,LM-ATM-008,Chinatown,40.7158,-73.9973,cloudy,None,69,42,22
2024-05-03,LM-ATM-009,Little Italy,40.7191,-73.9973,cloudy,None,69,40,24
2024-05-03,LM-ATM-010,SoHo Broadway,40.7233,-74.002,cloudy,None,84,55,39
2024-05-03,LM-ATM-011,NoLiTa,40.7228,-73.9973,cloudy,None,50,34,16
2024-05-03,LM-ATM-012,Canal Street,40.719,-74.002,cloudy,None,81,49,28
2024-05-03,LM-ATM-013,World Trade Center,40.7116,-74.013,cloudy,None,115,38,23
2024-05-03,LM-ATM-014,Brookfield Place,40.7127,-74.0155,cloudy,None,115,44,23
2024-05-03,LM-ATM-015,Bowling Green,40.7047,-74.0141,cloudy,None,85,36,17
2024-05-03,LM-ATM-016,Staten Ferry Terminal,40.7013,-74.0132,cloudy,None,68,45,28
2024-05-03,LM-ATM-017,Essex Market,40.7193,-73.9874,cloudy,None,76,39,23
2024-05-03,LM-ATM-018,Houston Street,40.7282,-74.005,cloudy,None,80,43,27
2024-05-03,LM-ATM-019,Delancey Street,40.7188,-73.9885,cloudy,None,66,34,20
2024-05-03,LM-ATM-020,Pier 17,40.7058,-74.0027,cloudy,None,67,49,29
2024-05-04,LM-ATM-001,Battery Park,40.7033,-74.017,cloudy,None,67,49,29
2024-05-04,LM-ATM-002,Wall Street,40.7074,-74.0113,cloudy,None,98,31,16
2024-05-04,LM-ATM-003,Broad Street,40.7069,-74.0113,cloudy,None,111,31,19
2024-05-04,LM-ATM-004,Fulton Center,40.7103,-74.0076,cloudy,None,85,43,23
2024-05-04,LM-ATM-005,South Street Seaport,40.7069,-74.003,cloudy,None,73,53,32
2024-05-04,LM-ATM-006,Tribeca,40.7163,-74.0086,cloudy,None,85,35,16
2024-05-04,LM-ATM-007,City Hall,40.7128,-74.0059,cloudy,None,75,30,17
2024-05-04,LM-ATM-008,Chinatown,40.7158,-73.9973,cloudy,None,69,44,25
2024-05-04,LM-ATM-009,Little Italy,40.7191,-73.9973,cloudy,None,49,36,21
2024-05-04,LM-ATM-010,SoHo Broadway,40.7233,-74.002,cloudy,None,96,79,48
2024-05-04,LM-ATM-011,NoLiTa,40.7228,-73.9973,cloudy,None,56,45,25
2024-05-04,LM-ATM-012,Canal Street,40.719,-74.002,cloudy,None,82,56,35
2024-05-04,LM-ATM-013,World Trade Center,40.7116,-74.013,cloudy,None,97,45,22
2024-05-04,LM-ATM-014,Brookfield Place,40.7127,-74.0155,cloudy,None,100,42,23
2024-05-04,LM-ATM-015,Bowling Green,40.7047,-74.0141,cloudy,None,72,38,20
2024-05-04,LM-ATM-016,Staten Ferry Terminal,40.7013,-74.0132,cloudy,None,47,42,24
2024-05-04,LM-ATM-017,Essex Market,40.7193,-73.9874,cloudy,None,70,45,23
2024-05-04,LM-ATM-018,Houston Street,40.7282,-74.005,cloudy,None,64,42,24
2024-05-04,LM-ATM-019,Delancey Street,40.7188,-73.9885,cloudy,None,80,53,24
2024-05-04,LM-ATM-020,Pier 17,40.7058,-74.0027,cloudy,None,64,66,37
2024-05-05,LM-ATM-001,Battery Park,40.7033,-74.017,cloudy,None,55,41,24
2024-05-05,LM-ATM-002,Wall Street,40.7074,-74.0113,cloudy,None,95,24,11
2024-05-05,LM-ATM-003,Broad Street,40.7069,-74.0113,cloudy,None,103,33,15
2024-05-05,LM-ATM-004,Fulton Center,40.7103,-74.0076,cloudy,None,103,49,28
2024-05-05,LM-ATM-005,South Street Seaport,40.7069,-74.003,cloudy,None,69,58,35
2024-05-05,LM-ATM-006,Tribeca,40.7163,-74.0086,cloudy,None,71,30,15
2024-05-05,LM-ATM-007,City Hall,40.7128,-74.0059,cloudy,None,84,40,19
2024-05-05,LM-ATM-008,Chinatown,40.7158,-73.9973,cloudy,None,77,45,27
2024-05-05,LM-ATM-009,Little Italy,40.7191,-73.9973,cloudy,None,65,52,28
2024-05-05,LM-ATM-010,SoHo Broadway,40.7233,-74.002,cloudy,None,81,60,41
2024-05-05,LM-ATM-011,NoLiTa,40.7228,-73.9973,cloudy,None,54,42,22
2024-05-05,LM-ATM-012,Canal Street,40.719,-74.002,cloudy,None,93,59,32
2024-05-05,LM-ATM-013,World Trade Center,40.7116,-74.013,cloudy,None,120,47,29
2024-05-05,LM-ATM-014,Brookfield Place,40.7127,-74.0155,cloudy,None,85,36,18
2024-05-05,LM-ATM-015,Bowling Green,40.7047,-74.0141,cloudy,None,78,39,20
2024-05-05,LM-ATM-016,Staten Ferry Terminal,40.7013,-74.0132,cloudy,None,75,58,35
2024-05-05,LM-ATM-017,Essex Market,40.7193,-73.9874,cloudy,None,60,34,19
2024-05-05,LM-ATM-018,Houston Street,40.7282,-74.005,cloudy,None,61,45,25
2024-05-05,LM-ATM-019,Delancey Street,40.7188,-73.9885,cloudy,None,71,43,26
2024-05-05,LM-ATM-020,Pier 17,40.7058,-74.0027,cloudy,None,49,44,26
2024-05-06,LM-ATM-001,Battery Park,40.7033,-74.017,clear,None,62,41,23
2024-05-06,LM-ATM-002,Wall Street,40.7074,-74.0113,clear,None,110,26,10
2024-05-06,LM-ATM-003,Broad Street,40.7069,-74.0113,clear,None,141,41,21
2024-05-06,LM-ATM-004,Fulton Center,40.7103,-74.0076,clear,None,126,52,30
2024-05-06,LM-ATM-005,South Street Seaport,40.7069,-74.003,clear,None,65,41,28
2024-05-06,LM-ATM-006,Tribeca,40.7163,-74.0086,clear,None,95,41,21
2024-05-06,LM-ATM-007,City Hall,40.7128,-74.0059,clear,None,96,48,23
2024-05-06,LM-ATM-008,Chinatown,40.7158,-73.9973,clear,None,89,46,27
2024-05-06,LM-ATM-009,Little Italy,40.7191,-73.9973,clear,None,72,47,27
2024-05-06,LM-ATM-010,SoHo Broadway,40.7233,-74.002,clear,None,90,57,40
2024-05-06,LM-ATM-011,NoLiTa,40.7228,-73.9973,clear,None,65,40,26
2024-05-06,LM-ATM-012,Canal Street,40.719,-74.002,clear,None,86,48,27
2024-05-06,LM-ATM-013,World Trade Center,40.7116,-74.013,clear,None,117,43,25
2024-05-06,LM-ATM-014,Brookfield Place,40.7127,-74.0155,clear,None,111,36,22
2024-05-06,LM-ATM-015,Bowling Green,40.7047,-74.0141,clear,None,106,43,22
2024-05-06,LM-ATM-016,Staten Ferry Terminal,40.7013,-74.0132,clear,None,73,42,29
2024-05-06,LM-ATM-017,Essex Market,40.7193,-73.9874,clear,None,78,43,23
2024-05-06,LM-ATM-018,Houston Street,40.7282,-74.005,clear,None,74,45,27
2024-05-06,LM-ATM-019,Delancey Street,40.7188,-73.9885,clear,None,72,44,24
2024-05-06,LM-ATM-020,Pier 17,40.7058,-74.0027,clear,None,80,51,32
2024-05-07,LM-ATM-001,Battery Park,40.7033,-74.017,cloudy,None,71,41,26
2024-05-07,LM-ATM-002,Wall Street,40.7074,-74.0113,cloudy,None,115,33,14
2024-05-07,LM-ATM-003,Broad Street,40.7069,-74.0113,cloudy,None,136,31,18
2024-05-07,LM-ATM-004,Fulton Center,40.7103,-74.0076,cloudy,None,109,38,25
2024-05-07,LM-ATM-005,South Street Seaport,40.7069,-74.003,cloudy,None,83,51,33
2024-05-07,LM-ATM-006,Tribeca,40.7163,-74.0086,cloudy,None,76,25,14
2024-05-07,LM-ATM-007,City Hall,40.7128,-74.0059,cloudy,None,80,32,16
2024-05-07,LM-ATM-008,Chinatown,40.7158,-73.9973,cloudy,None,72,37,23
2024-05-07,LM-ATM-009,Little Italy,40.7191,-73.9973,cloudy,None,64,39,21
2024-05-07,LM-ATM-010,SoHo Broadway,40.7233,-74.002,cloudy,None,89,59,37
2024-05-07,LM-ATM-011,NoLiTa,40.7228,-73.9973,cloudy,None,60,33,19
2024-05-07,LM-ATM-012,Canal Street,40.719,-74.002,cloudy,None,76,34,21
2024-05-07,LM-ATM-013,World Trade Center,40.7116,-74.013,cloudy,None,138,52,32
2024-05-07,LM-ATM-014,Brookfield Place,40.7127,-74.0155,cloudy,None,127,41,23
2024-05-07,LM-ATM-015,Bowling Green,40.7047,-74.0141,cloudy,None,111,42,27
2024-05-07,LM-ATM-016,Staten Ferry Terminal,40.7013,-74.0132,cloudy,None,79,48,29
2024-05-07,LM-ATM-017,Essex Market,40.7193,-73.9874,cloudy,None,90,37,23
2024-05-07,LM-ATM-018,Houston Street,40.7282,-74.005,cloudy,None,58,36,21
2024-05-07,LM-ATM-019,Delancey Street,40.7188,-73.9885,cloudy,None,62,34,20
2024-05-07,LM-ATM-020,Pier 17,40.7058,-74.0027,cloudy,None,62,44,27
2024-05-08,LM-ATM-001,Battery Park,40.7033,-74.017,cloudy,None,80,51,31
2024-05-08,LM-ATM-002,Wall Street,40.7074,-74.0113,cloudy,None,131,30,15
2024-05-08,LM-ATM-003,Broad Street,40.7069,-74.0113,cloudy,None,145,41,18
2024-05-08,LM-ATM-004,Fulton Center,40.7103,-74.0076,cloudy,None,118,53,28
2024-05-08,LM-ATM-005,South Street Seaport,40.7069,-74.003,cloudy,None,77,49,34
2024-05-08,LM-ATM-006,Tribeca,40.7163,-74.0086,cloudy,None,99,37,19
2024-05-08,LM-ATM-007,City Hall,40.7128,-74.0059,cloudy,None,88,31,16
2024-05-08,LM-ATM-008,Chinatown,40.7158,-73.9973,cloudy,None,70,40,19
2024-05-08,LM-ATM-009,Little Italy,40.7191,-73.9973,cloudy,None,67,42,28
2024-05-08,LM-ATM-010,SoHo Broadway,40.7233,-74.002,cloudy,None,79,62,39
2024-05-08,LM-ATM-011,NoLiTa,40.7228,-73.9973,cloudy,None,73,37,26
2024-05-08,LM-ATM-012,Canal Street,40.719,-74.002,cloudy,None,76,40,24
2024-05-08,LM-ATM-013,World Trade Center,40.7116,-74.013,cloudy,None,127,44,24
2024-05-08,LM-ATM-014,Brookfield Place,40.7127,-74.0155,cloudy,None,119,38,19
2024-05-08,LM-ATM-015,Bowling Green,40.7047,-74.0141,cloudy,None,82,34,19
2024-05-08,LM-ATM-016,Staten Ferry Terminal,40.7013,-74.0132,cloudy,None,62,42,26
2024-05-08,LM-ATM-017,Essex Market,40.7193,-73.9874,cloudy,None,77,34,19
2024-05-08,LM-ATM-018,Houston Street,40.7282,-74.005,cloudy,None,66,39,21
2024-05-08,LM-ATM-019,Delancey Street,40.7188,-73.9885,cloudy,None,63,34,21
2024-05-08,LM-ATM-020,Pier 17,40.7058,-74.0027,cloudy,None,76,53,36
2024-05-09,LM-ATM-001,Battery Park,40.7033,-74.017,rain,None,58,32,20
2024-05-09,LM-ATM-002,Wall Street,40.7074,-74.0113,rain,None,107,26,13
2024-05-09,LM-ATM-003,Broad Street,40.7069,-74.0113,rain,None,84,21,9
2024-05-09,LM-ATM-004,Fulton Center,40.7103,-74.0076,rain,None,107,51,26
2024-05-09,LM-ATM-005,South Street Seaport,40.7069,-74.003,rain,None,54,35,23
2024-05-09,LM-ATM-006,Tribeca,40.7163,-74.0086,rain,None,76,27,14
2024-05-09,LM-ATM-007,City Hall,40.7128,-74.0059,rain,None,96,38,20
2024-05-09,LM-ATM-008,Chinatown,40.7158,-73.9973,rain,None,77,34,20
2024-05-09,LM-ATM-009,Little Italy,40.7191,-73.9973,rain,None,52,34,22
2024-05-09,LM-ATM-010,SoHo Broadway,40.7233,-74.002,rain,None,63,45,29
2024-05-09,LM-ATM-011,NoLiTa,40.7228,-73.9973,rain,None,55,33,19
2024-05-09,LM-ATM-012,Canal Street,40.719,-74.002,rain,None,63,37,21
2024-05-09,LM-ATM-013,World Trade Center,40.7116,-74.013,rain,None,90,30,17
2024-05-09,LM-ATM-014,Brookfield Place,40.7127,-74.0155,rain,None,93,38,20
2024-05-09,LM-ATM-015,Bowling Green,40.7047,-74.0141,rain,None,83,37,19
2024-05-09,LM-ATM-016,Staten Ferry Terminal,40.7013,-74.0132,rain,None,62,40,28
2024-05-09,LM-ATM-017,Essex Market,40.7193,-73.9874,rain,None,72,36,21
2024-05-09,LM-ATM-018,Houston Street,40.7282,-74.005,rain,None,57,25,18
2024-05-09,LM-ATM-019,Delancey Street,40.7188,-73.9885,rain,None,71,34,21
2024-05-09,LM-ATM-020,Pier 17,40.7058,-74.0027,rain,None,60,43,32
2024-05-10,LM-ATM-001,Battery Park,40.7033,-74.017,rain,None,63,35,18
2024-05-10,LM-ATM-002,Wall Street,40.7074,-74.0113,rain,None,116,32,11
2024-05-10,LM-ATM-003,Broad Street,40.7069,-74.0113,rain,None,116,25,18
2024-05-10,LM-ATM-004,Fulton Center,40.7103,-74.0076,rain,None,96,41,24
2024-05-10,LM-ATM-005,South Street Seaport,40.7069,-74.003,rain,None,50,36,23
2024-05-10,LM-ATM-006,Tribeca,40.7163,-74.0086,rain,None,58,22,10
2024-05-10,LM-ATM-007,City Hall,40.7128,-74.0059,rain,None,85,35,17
2024-05-10,LM-ATM-008,Chinatown,40.7158,-73.9973,rain,None,72,37,20
2024-05-10,LM-ATM-009,Little Italy,40.7191,-73.9973,rain,None,48,34,18
2024-05-10,LM-ATM-010,SoHo Broadway,40.7233,-74.002,rain,None,53,38,25
2024-05-10,LM-ATM-011,NoLiTa,40.7228,-73.9973,rain,None,39,25,13
2024-05-10,LM-ATM-012,Canal Street,40.719,-74.002,rain,None,70,37,25
2024-05-10,LM-ATM-013,World Trade Center,40.7116,-74.013,rain,None,108,34,22
2024-05-10,LM-ATM-014,Brookfield Place,40.7127,-74.0155,rain,None,100,33,16
2024-05-10,LM-ATM-015,Bowling Green,40.7047,-74.0141,rain,None,76,31,16
2024-05-10,LM-ATM-016,Staten Ferry Terminal,40.7013,-74.0132,rain,None,65,43,23
2024-05-10,LM-ATM-017,Essex Market,40.7193,-73.9874,rain,None,75,35,22
2024-05-10,LM-ATM-018,Houston Street,40.7282,-74.005,rain,None,58,34,21
2024-05-10,LM-ATM-019,Delancey Street,40.7188,-73.9885,rain,None,55,30,17
2024-05-10,LM-ATM-020,Pier 17,40.7058,-74.0027,rain,None,56,43,28
2024-05-11,LM-ATM-001,Battery Park,40.7033,-74.017,rain,None,56,38,22
2024-05-11,LM-ATM-002,Wall Street,40.7074,-74.0113,rain,None,79,25,9
2024-05-11,LM-ATM-003,Broad Street,40.7069,-74.0113,rain,None,83,26,12
2024-05-11,LM-ATM-004,Fulton Center,40.7103,-74.0076,rain,None,97,51,27
2024-05-11,LM-ATM-005,South Street Seaport,40.7069,-74.003,rain,None,69,57,32
2024-05-11,LM-ATM-006,Tribeca,40.7163,-74.0086,rain,None,62,28,12
2024-05-11,LM-ATM-007,City Hall,40.7128,-74.0059,rain,None,76,29,15
2024-05-11,LM-ATM-008,Chinatown,40.7158,-73.9973,rain,None,62,42,23
2024-05-11,LM-ATM-009,Little Italy,40.7191,-73.9973,rain,None,52,36,24
2024-05-11,LM-ATM-010,SoHo Broadway,40.7233,-74.002,rain,None,60,52,32
2024-05-11,LM-ATM-011,NoLiTa,40.7228,-73.9973,rain,None,41,31,17
2024-05-11,LM-ATM-012,Canal Street,40.719,-74.002,rain,None,54,36,21
2024-05-11,LM-ATM-013,World Trade Center,40.7116,-74.013,rain,None,87,37,18
2024-05-11,LM-ATM-014,Brookfield Place,40.7127,-74.0155,rain,None,89,42,23
2024-05-11,LM-ATM-015,Bowling Green,40.7047,-74.0141,rain,None,81,39,22
2024-05-11,LM-ATM-016,Staten Ferry Terminal,40.7013,-74.0132,rain,None,61,45,29
2024-05-11,LM-ATM-017,Essex Market,40.7193,-73.9874,rain,None,45,30,15
2024-05-11,LM-ATM-018,Houston Street,40.7282,-74.005,rain,None,67,43,23
2024-05-11,LM-ATM-019,Delancey Street,40.7188,-73.9885,rain,None,63,40,20
2024-05-11,LM-ATM-020,Pier 17,40.7058,-74.0027,rain,None,63,53,33
2024-05-12,LM-ATM-001,Battery Park,40.7033,-74.017,rain,None,55,38,23
2024-05-12,LM-ATM-002,Wall Street,40.7074,-74.0113,rain,None,87,28,10
2024-05-12,LM-ATM-003,Broad Street,40.7069,-74.0113,rain,None,79,23,12
2024-05-12,LM-ATM-004,Fulton Center,40.7103,-74.0076,rain,None,84,43,21
2024-05-12,LM-ATM-005,South Street Seaport,40.7069,-74.003,rain,None,60,50,30
2024-05-12,LM-ATM-006,Tribeca,40.7163,-74.0086,rain,None,57,26,12
2024-05-12,LM-ATM-007,City Hall,40.7128,-74.0059,rain,None,68,32,13
2024-05-12,LM-ATM-008,Chinatown,40.7158,-73.9973,rain,None,60,37,22
2024-05-12,LM-ATM-009,Little Italy,40.7191,-73.9973,rain,None,47,33,19
2024-05-12,LM-ATM-010,SoHo Broadway,40.7233,-74.002,rain,None,70,59,40
2024-05-12,LM-ATM-011,NoLiTa,40.7228,-73.9973,rain,None,41,29,18
2024-05-12,LM-ATM-012,Canal Street,40.719,-74.002,rain,None,71,41,22
2024-05-12,LM-ATM-013,World Trade Center,40.7116,-74.013,rain,None,96,33,20
2024-05-12,LM-ATM-014,Brookfield Place,40.7127,-74.0155,rain,None,91,36,18
2024-05-12,LM-ATM-015,Bowling Green,40.7047,-74.0141,rain,None,72,41,23
2024-05-12,LM-ATM-016,Staten Ferry Terminal,40.7013,-74.0132,rain,None,56,42,27
2024-05-12,LM-ATM-017,Essex Market,40.7193,-73.9874,rain,None,47,29,15
2024-05-12,LM-ATM-018,Houston Street,40.7282,-74.005,rain,None,62,43,24
2024-05-12,LM-ATM-019,Delancey Street,40.7188,-73.9885,rain,None,53,32,17
2024-05-12,LM-ATM-020,Pier 17,40.7058,-74.0027,rain,None,49,42,26
2024-05-13,LM-ATM-001,Battery Park,40.7033,-74.017,rain,None,59,39,23
2024-05-13,LM-ATM-002,Wall Street,40.7074,-74.0113,rain,None,111,23,13
2024-05-13,LM-ATM-003,Broad Street,40.7069,-74.0113,rain,None,91,23,11
2024-05-13,LM-ATM-004,Fulton Center,40.7103,-74.0076,rain,None,104,45,25
2024-05-13,LM-ATM-005,South Street Seaport,40.7069,-74.003,rain,None,55,38,24
2024-05-13,LM-ATM-006,Tribeca,40.7163,-74.0086,rain,None,54,24,12
2024-05-13,LM-ATM-007,City Hall,40.7128,-74.0059,rain,None,71,30,14
2024-05-13,LM-ATM-008,Chinatown,40.7158,-73.9973,rain,None,70,36,19
2024-05-13,LM-ATM-009,Little Italy,40.7191,-73.9973,rain,None,59,38,22
2024-05-13,LM-ATM-010,SoHo Broadway,40.7233,-74.002,rain,None,63,41,27
2024-05-13,LM-ATM-011,NoLiTa,40.7228,-73.9973,rain,None,53,38,21
2024-05-13,LM-ATM-012,Canal Street,40.719,-74.002,rain,None,68,37,21
2024-05-13,LM-ATM-013,World Trade Center,40.7116,-74.013,rain,None,117,34,29
2024-05-13,LM-ATM-014,Brookfield Place,40.7127,-74.0155,rain,None,94,33,19
2024-05-13,LM-ATM-015,Bowling Green,40.7047,-74.0141,rain,None,81,31,17
2024-05-13,LM-ATM-016,Staten Ferry Terminal,40.7013,-74.0132,rain,None,65,42,28
2024-05-13,LM-ATM-017,Essex Market,40.7193,-73.9874,rain,None,71,38,22
2024-05-13,LM-ATM-018,Houston Street,40.7282,-74.005,rain,None,62,32,21
2024-05-13,LM-ATM-019,Delancey Street,40.7188,-73.9885,rain,None,62,35,21
2024-05-13,LM-ATM-020,Pier 17,40.7058,-74.0027,rain,None,53,39,24
2024-05-14,LM-ATM-001,Battery Park,40.7033,-74.017,rain,None,58,39,22
2024-05-14,LM-ATM-002,Wall Street,40.7074,-74.0113,rain,None,132,34,13
2024-05-14,LM-ATM-003,Broad Street,40.7069,-74.0113,rain,None,95,22,14
2024-05-14,LM-ATM-004,Fulton Center,40.7103,-74.0076,rain,None,85,38,20
2024-05-14,LM-ATM-005,South Street Seaport,40.7069,-74.003,rain,None,73,49,28
2024-05-14,LM-ATM-006,Tribeca,40.7163,-74.0086,rain,None,70,28,13
2024-05-14,LM-ATM-007,City Hall,40.7128,-74.0059,rain,None,71,26,14
2024-05-14,LM-ATM-008,Chinatown,40.7158,-73.9973,rain,None,72,37,20
2024-05-14,LM-ATM-009,Little Italy,40.7191,-73.9973,rain,None,61,37,24
2024-05-14,LM-ATM-010,SoHo Broadway,40.7233,-74.002,rain,None,77,54,34
2024-05-14,LM-ATM-011,NoLiTa,40.7228,-73.9973,rain,None,62,36,20
2024-05-14,LM-ATM-012,Canal Street,40.719,-74.002,rain,None,69,36,22
2024-05-14,LM-ATM-013,World Trade Center,40.7116,-74.013,rain,None,114,40,22
2024-05-14,LM-ATM-014,Brookfield Place,40.7127,-74.0155,rain,None,106,28,16
2024-05-14,LM-ATM-015,Bowling Green,40.7047,-74.0141,rain,None,85,36,18
2024-05-14,LM-ATM-016,Staten Ferry Terminal,40.7013,-74.0132,rain,None,55,37,23
2024-05-14,LM-ATM-017,Essex Market,40.7193,-73.9874,rain,None,74,33,18
2024-05-14,LM-ATM-018,Houston Street,40.7282,-74.005,rain,None,64,28,18
2024-05-14,LM-ATM-019,Delancey Street,40.7188,-73.9885,rain,None,83,42,23
2024-05-14,LM-ATM-020,Pier 17,40.7058,-74.0027,rain,None,50,38,26
2024-05-15,LM-ATM-001,Battery Park,40.7033,-74.017,clear,None,52,31,20
2024-05-15,LM-ATM-002,Wall Street,40.7074,-74.0113,clear,None,141,36,11
2024-05-15,LM-ATM-003,Broad Street,40.7069,-74.0113,clear,None,114,22,13
2024-05-15,LM-ATM-004,Fulton Center,40.7103,-74.0076,clear,None,130,47,31
2024-05-15,LM-ATM-005,South Street Seaport,40.7069,-74.003,clear,None,88,52,36
2024-05-15,LM-ATM-006,Tribeca,40.7163,-74.0086,clear,None,70,29,14
2024-05-15,LM-ATM-007,City Hall,40.7128,-74.0059,clear,None,111,42,23
2024-05-15,LM-ATM-008,Chinatown,40.7158,-73.9973,clear,None,85,39,24
2024-05-15,LM-ATM-009,Little Italy,40.7191,-73.9973,clear,None,72,41,29
2024-05-15,LM-ATM-010,SoHo Broadway,40.7233,-74.002,clear,None,99,67,46
2024-05-15,LM-ATM-011,NoLiTa,40.7228,-73.9973,clear,None,52,28,16
2024-05-15,LM-ATM-012,Canal Street,40.719,-74.002,clear,None,100,46,32
2024-05-15,LM-ATM-013,World Trade Center,40.7116,-74.013,clear,None,121,41,23
2024-05-15,LM-ATM-014,Brookfield Place,40.7127,-74.0155,clear,None,115,34,23
2024-05-15,LM-ATM-015,Bowling Green,40.7047,-74.0141,clear,None,104,42,20
2024-05-15,LM-ATM-016,Staten Ferry Terminal,40.7013,-74.0132,clear,None,86,56,34
2024-05-15,LM-ATM-017,Essex Market,40.7193,-73.9874,clear,None,71,35,19
2024-05-15,LM-ATM-018,Houston Street,40.7282,-74.005,clear,None,84,49,26
2024-05-15,LM-ATM-019,Delancey Street,40.7188,-73.9885,clear,None,74,40,20
2024-05-15,LM-ATM-020,Pier 17,40.7058,-74.0027,clear,None,77,52,34
2024-05-16,LM-ATM-001,Battery Park,40.7033,-74.017,clear,None,71,49,26
2024-05-16,LM-ATM-002,Wall Street,40.7074,-74.0113,clear,None,123,32,13
2024-05-16,LM-ATM-003,Broad Street,40.7069,-74.0113,clear,None,109,30,13
2024-05-16,LM-ATM-004,Fulton Center,40.7103,-74.0076,clear,None,142,55,33
2024-05-16,LM-ATM-005,South Street Seaport,40.7069,-74.003,clear,None,69,42,29
2024-05-16,LM-ATM-006,Tribeca,40.7163,-74.0086,clear,None,82,32,17
2024-05-16,LM-ATM-007,City Hall,40.7128,-74.0059,clear,None,85,35,15
2024-05-16,LM-ATM-008,Chinatown,40.7158,-73.9973,clear,None,83,41,23
2024-05-16,LM-ATM-009,Little Italy,40.7191,-73.9973,clear,None,87,49,36
2024-05-16,LM-ATM-010,SoHo Broadway,40.7233,-74.002,clear,None,83,64,40
2024-05-16,LM-ATM-011,NoLiTa,40.7228,-73.9973,clear,None,67,45,24
2024-05-16,LM-ATM-012,Canal Street,40.719,-74.002,clear,None,74,37,23
2024-05-16,LM-ATM-013,World Trade Center,40.7116,-74.013,clear,None,142,46,33
2024-05-16,LM-ATM-014,Brookfield Place,40.7127,-74.0155,clear,None,134,47,27
2024-05-16,LM-ATM-015,Bowling Green,40.7047,-74.0141,clear,None,107,49,21
2024-05-16,LM-ATM-016,Staten Ferry Terminal,40.7013,-74.0132,clear,None,77,47,29
2024-05-16,LM-ATM-017,Essex Market,40.7193,-73.9874,clear,None,97,47,27
2024-05-16,LM-ATM-018,Houston Street,40.7282,-74.005,clear,None,87,50,30
2024-05-16,LM-ATM-019,Delancey Street,40.7188,-73.9885,clear,None,64,40,21
2024-05-16,LM-ATM-020,Pier 17,40.7058,-74.0027,clear,None,66,51,32
2024-05-17,LM-ATM-001,Battery Park,40.7033,-74.017,cloudy,None,52,33,19
2024-05-17,LM-ATM-002,Wall Street,40.7074,-74.0113,cloudy,None,135,39,18
2024-05-17,LM-ATM-003,Broad Street,40.7069,-74.0113,cloudy,None,111,30,16
2024-05-17,LM-ATM-004,Fulton Center,40.7103,-74.0076,cloudy,None,119,47,25
2024-05-17,LM-ATM-005,South Street Seaport,40.7069,-74.003,cloudy,None,55,37,25
2024-05-17,LM-ATM-006,Tribeca,40.7163,-74.0086,cloudy,None,84,26,15
2024-05-17,LM-ATM-007,City Hall,40.7128,-74.0059,cloudy,None,86,38,16
2024-05-17,LM-ATM-008,Chinatown,40.7158,-73.9973,cloudy,None,98,49,27
2024-05-17,LM-ATM-009,Little Italy,40.7191,-73.9973,cloudy,None,64,45,29
2024-05-17,LM-ATM-010,SoHo Broadway,40.7233,-74.002,cloudy,None,84,60,39
2024-05-17,LM-ATM-011,NoLiTa,40.7228,-73.9973,cloudy,None,86,49,31
2024-05-17,LM-ATM-012,Canal Street,40.719,-74.002,cloudy,None,83,40,27
2024-05-17,LM-ATM-013,World Trade Center,40.7116,-74.013,cloudy,None,129,41,23
2024-05-17,LM-ATM-014,Brookfield Place,40.7127,-74.0155,cloudy,None,120,39,23
2024-05-17,LM-ATM-015,Bowling Green,40.7047,-74.0141,cloudy,None,102,43,23
2024-05-17,LM-ATM-016,Staten Ferry Terminal,40.7013,-74.0132,cloudy,None,88,55,33
2024-05-17,LM-ATM-017,Essex Market,40.7193,-73.9874,cloudy,None,83,38,24
2024-05-17,LM-ATM-018,Houston Street,40.7282,-74.005,cloudy,None,76,38,25
2024-05-17,LM-ATM-019,Delancey Street,40.7188,-73.9885,cloudy,None,73,33,22
2024-05-17,LM-ATM-020,Pier 17,40.7058,-74.0027,cloudy,None,58,42,28
2024-05-18,LM-ATM-001,Battery Park,40.7033,-74.017,rain,None,62,56,27
2024-05-18,LM-ATM-002,Wall Street,40.7074,-74.0113,rain,None,81,29,14
2024-05-18,LM-ATM-003,Broad Street,40.7069,-74.0113,rain,None,86,27,10
2024-05-18,LM-ATM-004,Fulton Center,40.7103,-74.0076,rain,None,82,37,20
2024-05-18,LM-ATM-005,South Street Seaport,40.7069,-74.003,rain,None,60,56,32
2024-05-18,LM-ATM-006,Tribeca,40.7163,-74.0086,rain,None,81,39,16
2024-05-18,LM-ATM-007,City Hall,40.7128,-74.0059,rain,None,72,39,18
2024-05-18,LM-ATM-008,Chinatown,40.7158,-73.9973,rain,None,77,45,25
2024-05-18,LM-ATM-009,Little Italy,40.7191,-73.9973,rain,None,64,40,26
2024-05-18,LM-ATM-010,SoHo Broadway,40.7233,-74.002,rain,None,63,50,34
2024-05-18,LM-ATM-011,NoLiTa,40.7228,-73.9973,rain,None,53,43,24
2024-05-18,LM-ATM-012,Canal Street,40.719,-74.002,rain,None,62,40,23
2024-05-18,LM-ATM-013,World Trade Center,40.7116,-74.013,rain,None,91,33,21
2024-05-18,LM-ATM-014,Brookfield Place,40.7127,-74.0155,rain,None,89,37,21
2024-05-18,LM-ATM-015,Bowling Green,40.7047,-74.0141,rain,None,69,36,19
2024-05-18,LM-ATM-016,Staten Ferry Terminal,40.7013,-74.0132,rain,None,67,52,30
2024-05-18,LM-ATM-017,Essex Market,40.7193,-73.9874,rain,None,61,39,19
2024-05-18,LM-ATM-018,Houston Street,40.7282,-74.005,rain,None,52,35,20
2024-05-18,LM-ATM-019,Delancey Street,40.7188,-73.9885,rain,None,50,31,14
2024-05-18,LM-ATM-020,Pier 17,40.7058,-74.0027,rain,None,56,53,30
2024-05-19,LM-ATM-001,Battery Park,40.7033,-74.017,rain,None,66,44,27
2024-05-19,LM-ATM-002,Wall Street,40.7074,-74.0113,rain,None,75,24,9
2024-05-19,LM-ATM-003,Broad Street,40.7069,-74.0113,rain,None,79,27,13
2024-05-19,LM-ATM-004,Fulton Center,40.7103,-74.0076,rain,None,95,34,21
2024-05-19,LM-ATM-005,South Street Seaport,40.7069,-74.003,rain,None,64,45,32
2024-05-19,LM-ATM-006,Tribeca,40.7163,-74.0086,rain,None,71,33,16
2024-05-19,LM-ATM-007,City Hall,40.7128,-74.0059,rain,None,60,23,13
2024-05-19,LM-ATM-008,Chinatown,40.7158,-73.9973,rain,None,61,30,19
2024-05-19,LM-ATM-009,Little Italy,40.7191,-73.9973,rain,None,56,39,24
2024-05-19,LM-ATM-010,SoHo Broadway,40.7233,-74.002,rain,None,81,63,41
2024-05-19,LM-ATM-011,NoLiTa,40.7228,-73.9973,rain,None,56,41,21
2024-05-19,LM-ATM-012,Canal Street,40.719,-74.002,rain,None,79,41,23
2024-05-19,LM-ATM-013,World Trade Center,40.7116,-74.013,rain,None,90,40,24
2024-05-19,LM-ATM-014,Brookfield Place,40.7127,-74.0155,rain,None,83,36,20
2024-05-19,LM-ATM-015,Bowling Green,40.7047,-74.0141,rain,None,79,37,19
2024-05-19,LM-ATM-016,Staten Ferry Terminal,40.7013,-74.0132,rain,None,52,43,26
2024-05-19,LM-ATM-017,Essex Market,40.7193,-73.9874,rain,None,55,33,17
2024-05-19,LM-ATM-018,Houston Street,40.7282,-74.005,rain,None,59,36,22
2024-05-19,LM-ATM-019,Delancey Street,40.7188,-73.9885,rain,None,53,34,19
2024-05-19,LM-ATM-020,Pier 17,40.7058,-74.0027,rain,None,49,44,28
2024-05-20,LM-ATM-001,Battery Park,40.7033,-74.017,clear,None,68,42,24
2024-05-20,LM-ATM-002,Wall Street,40.7074,-74.0113,clear,None,114,26,17
2024-05-20,LM-ATM-003,Broad Street,40.7069,-74.0113,clear,None,113,32,14
2024-05-20,LM-ATM-004,Fulton Center,40.7103,-74.0076,clear,None,116,50,32
2024-05-20,LM-ATM-005,South Street Seaport,40.7069,-74.003,clear,None,72,49,30
2024-05-20,LM-ATM-006,Tribeca,40.7163,-74.0086,clear,None,81,38,17
2024-05-20,LM-ATM-007,City Hall,40.7128,-74.0059,clear,None,89,33,18
2024-05-20,LM-ATM-008,Chinatown,40.7158,-73.9973,clear,None,97,50,28
2024-05-20,LM-ATM-009,Little Italy,40.7191,-73.9973,clear,None,69,41,27
2024-05-20,LM-ATM-010,SoHo Broadway,40.7233,-74.002,clear,None,80,53,38
2024-05-20,LM-ATM-011,NoLiTa,40.7228,-73.9973,clear,None,59,39,20
2024-05-20,LM-ATM-012,Canal Street,40.719,-74.002,clear,None,85,51,27
2024-05-20,LM-ATM-013,World Trade Center,40.7116,-74.013,clear,None,123,54,29
2024-05-20,LM-ATM-014,Brookfield Place,40.7127,-74.0155,clear,None,113,37,23
2024-05-20,LM-ATM-015,Bowling Green,40.7047,-74.0141,clear,None,89,36,18
2024-05-20,LM-ATM-016,Staten Ferry Terminal,40.7013,-74.0132,clear,None,80,51,36
2024-05-20,LM-ATM-017,Essex Market,40.7193,-73.9874,clear,None,72,33,18
2024-05-20,LM-ATM-018,Houston Street,40.7282,-74.005,clear,None,64,35,20
2024-05-20,LM-ATM-019,Delancey Street,40.7188,-73.9885,clear,None,64,37,21
2024-05-20,LM-ATM-020,Pier 17,40.7058,-74.0027,clear,None,75,58,36
2024-05-21,LM-ATM-001,Battery Park,40.7033,-74.017,rain,None,73,42,26
2024-05-21,LM-ATM-002,Wall Street,40.7074,-74.0113,rain,None,102,24,10
2024-05-21,LM-ATM-003,Broad Street,40.7069,-74.0113,rain,None,87,26,10
2024-05-21,LM-ATM-004,Fulton Center,40.7103,-74.0076,rain,None,87,32,20
2024-05-21,LM-ATM-005,South Street Seaport,40.7069,-74.003,rain,None,65,38,27
2024-05-21,LM-ATM-006,Tribeca,40.7163,-74.0086,rain,None,75,28,16
2024-05-21,LM-ATM-007,City Hall,40.7128,-74.0059,rain,None,66,29,13
2024-05-21,LM-ATM-008,Chinatown,40.7158,-73.9973,rain,None,74,37,24
2024-05-21,LM-ATM-009,Little Italy,40.7191,-73.9973,rain,None,56,35,21
2024-05-21,LM-ATM-010,SoHo Broadway,40.7233,-74.002,rain,None,63,39,30
2024-05-21,LM-ATM-011,NoLiTa,40.7228,-73.9973,rain,None,66,38,22
2024-05-21,LM-ATM-012,Canal Street,40.719,-74.002,rain,None,78,36,27
2024-05-21,LM-ATM-013,World Trade Center,40.7116,-74.013,rain,None,105,43,20
2024-05-21,LM-ATM-014,Brookfield Place,40.7127,-74.0155,rain,None,87,28,16
2024-05-21,LM-ATM-015,Bowling Green,40.7047,-74.0141,rain,None,77,33,17
2024-05-21,LM-ATM-016,Staten Ferry Terminal,40.7013,-74.0132,rain,None,62,38,23
2024-05-21,LM-ATM-017,Essex Market,40.7193,-73.9874,rain,None,63,32,20
2024-05-21,LM-ATM-018,Houston Street,40.7282,-74.005,rain,None,56,33,21
2024-05-21,LM-ATM-019,Delancey Street,40.7188,-73.9885,rain,None,58,36,18
2024-05-21,LM-ATM-020,Pier 17,40.7058,-74.0027,rain,None,62,47,32
2024-05-22,LM-ATM-001,Battery Park,40.7033,-74.017,cloudy,None,65,39,22
2024-05-22,LM-ATM-002,Wall Street,40.7074,-74.0113,cloudy,None,130,33,15
2024-05-22,LM-ATM-003,Broad Street,40.7069,-74.0113,cloudy,None,122,41,16
2024-05-22,LM-ATM-004,Fulton Center,40.7103,-74.0076,cloudy,None,108,39,22
2024-05-22,LM-ATM-005,South Street Seaport,40.7069,-74.003,cloudy,None,60,40,26
2024-05-22,LM-ATM-006,Tribeca,40.7163,-74.0086,cloudy,None,81,33,15
2024-05-22,LM-ATM-007,City Hall,40.7128,-74.0059,cloudy,None,79,28,16
2024-05-22,LM-ATM-008,Chinatown,40.7158,-73.9973,cloudy,None,93,46,26
2024-05-22,LM-ATM-009,Little Italy,40.7191,-73.9973,cloudy,None,45,27,17
2024-05-22,LM-ATM-010,SoHo Broadway,40.7233,-74.002,cloudy,None,63,44,33
2024-05-22,LM-ATM-011,NoLiTa,40.7228,-73.9973,cloudy,None,52,33,20
2024-05-22,LM-ATM-012,Canal Street,40.719,-74.002,cloudy,None,67,32,21
2024-05-22,LM-ATM-013,World Trade Center,40.7116,-74.013,cloudy,None,119,39,20
2024-05-22,LM-ATM-014,Brookfield Place,40.7127,-74.0155,cloudy,None,125,51,26
2024-05-22,LM-ATM-015,Bowling Green,40.7047,-74.0141,cloudy,None,87,34,19
2024-05-22,LM-ATM-016,Staten Ferry Terminal,40.7013,-74.0132,cloudy,None,62,43,26
2024-05-22,LM-ATM-017,Essex Market,40.7193,-73.9874,cloudy,None,58,33,17
2024-05-22,LM-ATM-018,Houston Street,40.7282,-74.005,cloudy,None,80,47,29
2024-05-22,LM-ATM-019,Delancey Street,40.7188,-73.9885,cloudy,None,69,35,23
2024-05-22,LM-ATM-020,Pier 17,40.7058,-74.0027,cloudy,None,81,58,38
2024-05-23,LM-ATM-001,Battery Park,40.7033,-74.017,cloudy,None,74,41,23
2024-05-23,LM-ATM-002,Wall Street,40.7074,-74.0113,cloudy,None,130,29,17
2024-05-23,LM-ATM-003,Broad Street,40.7069,-74.0113,cloudy,None,118,29,14
2024-05-23,LM-ATM-004,Fulton Center,40.7103,-74.0076,cloudy,None,115,44,26
2024-05-23,LM-ATM-005,South Street Seaport,40.7069,-74.003,cloudy,None,81,46,31
2024-05-23,LM-ATM-006,Tribeca,40.7163,-74.0086,cloudy,None,86,34,17
2024-05-23,LM-ATM-007,City Hall,40.7128,-74.0059,cloudy,None,98,37,21
2024-05-23,LM-ATM-008,Chinatown,40.7158,-73.9973,cloudy,None,87,40,26
2024-05-23,LM-ATM-009,Little Italy,40.7191,-73.9973,cloudy,None,61,38,22
2024-05-23,LM-ATM-010,SoHo Broadway,40.7233,-74.002,cloudy,None,85,57,42
2024-05-23,LM-ATM-011,NoLiTa,40.7228,-73.9973,cloudy,None,71,44,26
2024-05-23,LM-ATM-012,Canal Street,40.719,-74.002,cloudy,None,80,42,26
2024-05-23,LM-ATM-013,World Trade Center,40.7116,-74.013,cloudy,None,114,36,23
2024-05-23,LM-ATM-014,Brookfield Place,40.7127,-74.0155,cloudy,None,121,35,23
2024-05-23,LM-ATM-015,Bowling Green,40.7047,-74.0141,cloudy,None,108,36,22
2024-05-23,LM-ATM-016,Staten Ferry Terminal,40.7013,-74.0132,cloudy,None,78,53,33
2024-05-23,LM-ATM-017,Essex Market,40.7193,-73.9874,cloudy,None,73,38,19
2024-05-23,LM-ATM-018,Houston Street,40.7282,-74.005,cloudy,None,65,39,24
2024-05-23,LM-ATM-019,Delancey Street,40.7188,-73.9885,cloudy,None,62,39,21
2024-05-23,LM-ATM-020,Pier 17,40.7058,-74.0027,cloudy,None,60,44,28
2024-05-24,LM-ATM-001,Battery Park,40.7033,-74.017,clear,None,73,43,23
2024-05-24,LM-ATM-002,Wall Street,40.7074,-74.0113,clear,None,164,41,22
2024-05-24,LM-ATM-003,Broad Street,40.7069,-74.0113,clear,None,125,22,16
2024-05-24,LM-ATM-004,Fulton Center,40.7103,-74.0076,clear,None,108,42,26
2024-05-24,LM-ATM-005,South Street Seaport,40.7069,-74.003,clear,None,81,50,33
2024-05-24,LM-ATM-006,Tribeca,40.7163,-74.0086,clear,None,79,43,18
2024-05-24,LM-ATM-007,City Hall,40.7128,-74.0059,clear,None,82,31,14
2024-05-24,LM-ATM-008,Chinatown,40.7158,-73.9973,clear,None,110,48,30
2024-05-24,LM-ATM-009,Little Italy,40.7191,-73.9973,clear,None,72,43,25
2024-05-24,LM-ATM-010,SoHo Broadway,40.7233,-74.002,clear,None,85,62,43
2024-05-24,LM-ATM-011,NoLiTa,40.7228,-73.9973,clear,None,78,40,29
2024-05-24,LM-ATM-012,Canal Street,40.719,-74.002,clear,None,102,51,29
2024-05-24,LM-ATM-013,World Trade Center,40.7116,-74.013,clear,None,143,48,33
2024-05-24,LM-ATM-014,Brookfield Place,40.7127,-74.0155,clear,None,118,45,27
2024-05-24,LM-ATM-015,Bowling Green,40.7047,-74.0141,clear,None,84,32,18
2024-05-24,LM-ATM-016,Staten Ferry Terminal,40.7013,-74.0132,clear,None,91,53,32
2024-05-24,LM-ATM-017,Essex Market,40.7193,-73.9874,clear,None,81,35,22
2024-05-24,LM-ATM-018,Houston Street,40.7282,-74.005,clear,None,66,39,24
2024-05-24,LM-ATM-019,Delancey Street,40.7188,-73.9885,clear,None,69,37,20
2024-05-24,LM-ATM-020,Pier 17,40.7058,-74.0027,clear,None,66,53,31
2024-05-25,LM-ATM-001,Battery Park,40.7033,-74.017,cloudy,None,67,50,30
2024-05-25,LM-ATM-002,Wall Street,40.7074,-74.0113,cloudy,None,105,31,16
2024-05-25,LM-ATM-003,Broad Street,40.7069,-74.0113,cloudy,None,77,24,11
2024-05-25,LM-ATM-004,Fulton Center,40.7103,-74.0076,cloudy,None,122,51,30
2024-05-25,LM-ATM-005,South Street Seaport,40.7069,-74.003,cloudy,None,76,64,38
2024-05-25,LM-ATM-006,Tribeca,40.7163,-74.0086,cloudy,None,71,37,18
2024-05-25,LM-ATM-007,City Hall,40.7128,-74.0059,cloudy,None,88,36,21
2024-05-25,LM-ATM-008,Chinatown,40.7158,-73.9973,cloudy,None,90,47,29
2024-05-25,LM-ATM-009,Little Italy,40.7191,-73.9973,cloudy,None,55,40,23
2024-05-25,LM-ATM-010,SoHo Broadway,40.7233,-74.002,cloudy,None,74,67,38
2024-05-25,LM-ATM-011,NoLiTa,40.7228,-73.9973,cloudy,None,67,46,25
2024-05-25,LM-ATM-012,Canal Street,40.719,-74.002,cloudy,None,101,57,32
2024-05-25,LM-ATM-013,World Trade Center,40.7116,-74.013,cloudy,None,125,52,27
2024-05-25,LM-ATM-014,Brookfield Place,40.7127,-74.0155,cloudy,None,108,40,25
2024-05-25,LM-ATM-015,Bowling Green,40.7047,-74.0141,cloudy,None,94,44,25
2024-05-25,LM-ATM-016,Staten Ferry Terminal,40.7013,-74.0132,cloudy,None,62,47,26
2024-05-25,LM-ATM-017,Essex Market,40.7193,-73.9874,cloudy,None,62,43,21
2024-05-25,LM-ATM-018,Houston Street,40.7282,-74.005,cloudy,None,62,41,26
2024-05-25,LM-ATM-019,Delancey Street,40.7188,-73.9885,cloudy,None,71,42,26
2024-05-25,LM-ATM-020,Pier 17,40.7058,-74.0027,cloudy,None,53,46,28
2024-05-26,LM-ATM-001,Battery Park,40.7033,-74.017,clear,None,62,48,26
2024-05-26,LM-ATM-002,Wall Street,40.7074,-74.0113,clear,None,102,38,17
2024-05-26,LM-ATM-003,Broad Street,40.7069,-74.0113,clear,None,72,26,10
2024-05-26,LM-ATM-004,Fulton Center,40.7103,-74.0076,clear,None,114,57,30
2024-05-26,LM-ATM-005,South Street Seaport,40.7069,-74.003,clear,None,77,58,36
2024-05-26,LM-ATM-006,Tribeca,40.7163,-74.0086,clear,None,86,36,20
2024-05-26,LM-ATM-007,City Hall,40.7128,-74.0059,clear,None,79,39,16
2024-05-26,LM-ATM-008,Chinatown,40.7158,-73.9973,clear,None,89,51,31
2024-05-26,LM-ATM-009,Little Italy,40.7191,-73.9973,clear,None,61,42,26
2024-05-26,LM-ATM-010,SoHo Broadway,40.7233,-74.002,clear,None,76,69,43
2024-05-26,LM-ATM-011,NoLiTa,40.7228,-73.9973,clear,None,61,43,25
2024-05-26,LM-ATM-012,Canal Street,40.719,-74.002,clear,None,76,44,28
2024-05-26,LM-ATM-013,World Trade Center,40.7116,-74.013,clear,None,121,50,26
2024-05-26,LM-ATM-014,Brookfield Place,40.7127,-74.0155,clear,None,113,46,27
2024-05-26,LM-ATM-015,Bowling Green,40.7047,-74.0141,clear,None,92,42,23
2024-05-26,LM-ATM-016,Staten Ferry Terminal,40.7013,-74.0132,clear,None,74,50,33
2024-05-26,LM-ATM-017,Essex Market,40.7193,-73.9874,clear,None,81,52,25
2024-05-26,LM-ATM-018,Houston Street,40.7282,-74.005,clear,None,104,65,33
2024-05-26,LM-ATM-019,Delancey Street,40.7188,-73.9885,clear,None,64,43,23
2024-05-26,LM-ATM-020,Pier 17,40.7058,-74.0027,clear,None,62,52,35
2024-05-27,LM-ATM-001,Battery Park,40.7033,-74.017,rain,None,52,32,20
2024-05-27,LM-ATM-002,Wall Street,40.7074,-74.0113,rain,None,130,37,15
2024-05-27,LM-ATM-003,Broad Street,40.7069,-74.0113,rain,None,95,24,11
2024-05-27,LM-ATM-004,Fulton Center,40.7103,-74.0076,rain,None,93,40,22
2024-05-27,LM-ATM-005,South Street Seaport,40.7069,-74.003,rain,None,55,38,26
2024-05-27,LM-ATM-006,Tribeca,40.7163,-74.0086,rain,None,81,32,19
2024-05-27,LM-ATM-007,City Hall,40.7128,-74.0059,rain,None,87,29,15
2024-05-27,LM-ATM-008,Chinatown,40.7158,-73.9973,rain,None,60,28,17
2024-05-27,LM-ATM-009,Little Italy,40.7191,-73.9973,rain,None,57,39,22
2024-05-27,LM-ATM-010,SoHo Broadway,40.7233,-74.002,rain,None,54,43,25
2024-05-27,LM-ATM-011,NoLiTa,40.7228,-73.9973,rain,None,55,33,19
2024-05-27,LM-ATM-012,Canal Street,40.719,-74.002,rain,None,63,35,20
2024-05-27,LM-ATM-013,World Trade Center,40.7116,-74.013,rain,None,113,42,25
2024-05-27,LM-ATM-014,Brookfield Place,40.7127,-74.0155,rain,None,94,31,15
2024-05-27,LM-ATM-015,Bowling Green,40.7047,-74.0141,rain,None,70,31,16
2024-05-27,LM-ATM-016,Staten Ferry Terminal,40.7013,-74.0132,rain,None,59,40,27
2024-05-27,LM-ATM-017,Essex Market,40.7193,-73.9874,rain,None,68,42,21
2024-05-27,LM-ATM-018,Houston Street,40.7282,-74.005,rain,None,66,32,23
2024-05-27,LM-ATM-019,Delancey Street,40.7188,-73.9885,rain,None,56,29,18
2024-05-27,LM-ATM-020,Pier 17,40.7058,-74.0027,rain,None,57,37,24
2024-05-28,LM-ATM-001,Battery Park,40.7033,-74.017,clear,None,73,42,28
2024-05-28,LM-ATM-002,Wall Street,40.7074,-74.0113,clear,None,147,37,16
2024-05-28,LM-ATM-003,Broad Street,40.7069,-74.0113,clear,None,140,33,18
2024-05-28,LM-ATM-004,Fulton Center,40.7103,-74.0076,clear,None,117,53,29
2024-05-28,LM-ATM-005,South Street Seaport,40.7069,-74.003,clear,None,68,46,28
2024-05-28,LM-ATM-006,Tribeca,40.7163,-74.0086,clear,None,85,30,20
2024-05-28,LM-ATM-007,City Hall,40.7128,-74.0059,clear,None,86,29,14
2024-05-28,LM-ATM-008,Chinatown,40.7158,-73.9973,clear,None,99,45,31
2024-05-28,LM-ATM-009,Little Italy,40.7191,-73.9973,clear,None,71,45,27
2024-05-28,LM-ATM-010,SoHo Broadway,40.7233,-74.002,clear,None,83,65,39
2024-05-28,LM-ATM-011,NoLiTa,40.7228,-73.9973,clear,None,57,35,19
2024-05-28,LM-ATM-012,Canal Street,40.719,-74.002,clear,None,111,54,31
2024-05-28,LM-ATM-013,World Trade Center,40.7116,-74.013,clear,None,132,42,28
2024-05-28,LM-ATM-014,Brookfield Place,40.7127,-74.0155,clear,None,149,49,33
2024-05-28,LM-ATM-015,Bowling Green,40.7047,-74.0141,clear,None,93,37,18
2024-05-28,LM-ATM-016,Staten Ferry Terminal,40.7013,-74.0132,clear,None,98,61,38
2024-05-28,LM-ATM-017,Essex Market,40.7193,-73.9874,clear,None,78,38,24
2024-05-28,LM-ATM-018,Houston Street,40.7282,-74.005,clear,None,63,33,20
2024-05-28,LM-ATM-019,Delancey Street,40.7188,-73.9885,clear,None,90,44,26
2024-05-28,LM-ATM-020,Pier 17,40.7058,-74.0027,clear,None,64,43,27
2024-05-29,LM-ATM-001,Battery Park,40.7033,-74.017,rain,None,56,34,22
2024-05-29,LM-ATM-002,Wall Street,40.7074,-74.0113,rain,None,107,20,12
2024-05-29,LM-ATM-003,Broad Street,40.7069,-74.0113,rain,None,74,16,9
2024-05-29,LM-ATM-004,Fulton Center,40.7103,-74.0076,rain,None,91,40,23
2024-05-29,LM-ATM-005,South Street Seaport,40.7069,-74.003,rain,None,73,50,28
2024-05-29,LM-ATM-006,Tribeca,40.7163,-74.0086,rain,None,87,29,16
2024-05-29,LM-ATM-007,City Hall,40.7128,-74.0059,rain,None,90,33,17
2024-05-29,LM-ATM-008,Chinatown,40.7158,-73.9973,rain,None,71,35,20
2024-05-29,LM-ATM-009,Little Italy,40.7191,-73.9973,rain,None,50,30,17
2024-05-29,LM-ATM-010,SoHo Broadway,40.7233,-74.002,rain,None,61,46,27
2024-05-29,LM-ATM-011,NoLiTa,40.7228,-73.9973,rain,None,51,30,19
2024-05-29,LM-ATM-012,Canal Street,40.719,-74.002,rain,None,64,33,20
2024-05-29,LM-ATM-013,World Trade Center,40.7116,-74.013,rain,None,121,48,26
2024-05-29,LM-ATM-014,Brookfield Place,40.7127,-74.0155,rain,None,111,38,20
2024-05-29,LM-ATM-015,Bowling Green,40.7047,-74.0141,rain,None,74,32,17
2024-05-29,LM-ATM-016,Staten Ferry Terminal,40.7013,-74.0132,rain,None,63,44,27
2024-05-29,LM-ATM-017,Essex Market,40.7193,-73.9874,rain,None,56,30,15
2024-05-29,LM-ATM-018,Houston Street,40.7282,-74.005,rain,None,87,45,24
2024-05-29,LM-ATM-019,Delancey Street,40.7188,-73.9885,rain,None,58,34,18
2024-05-29,LM-ATM-020,Pier 17,40.7058,-74.0027,rain,None,60,48,30
2024-05-30,LM-ATM-001,Battery Park,40.7033,-74.017,cloudy,None,57,32,19
2024-05-30,LM-ATM-002,Wall Street,40.7074,-74.0113,cloudy,None,126,29,15
2024-05-30,LM-ATM-003,Broad Street,40.7069,-74.0113,cloudy,None,111,32,15
2024-05-30,LM-ATM-004,Fulton Center,40.7103,-74.0076,cloudy,None,114,46,23
2024-05-30,LM-ATM-005,South Street Seaport,40.7069,-74.003,cloudy,None,68,47,30
2024-05-30,LM-ATM-006,Tribeca,40.7163,-74.0086,cloudy,None,89,30,20
2024-05-30,LM-ATM-007,City Hall,40.7128,-74.0059,cloudy,None,86,25,17
2024-05-30,LM-ATM-008,Chinatown,40.7158,-73.9973,cloudy,None,72,38,19
2024-05-30,LM-ATM-009,Little Italy,40.7191,-73.9973,cloudy,None,60,42,27
2024-05-30,LM-ATM-010,SoHo Broadway,40.7233,-74.002,cloudy,None,95,63,39
2024-05-30,LM-ATM-011,NoLiTa,40.7228,-73.9973,cloudy,None,65,43,21
2024-05-30,LM-ATM-012,Canal Street,40.719,-74.002,cloudy,None,82,37,25
2024-05-30,LM-ATM-013,World Trade Center,40.7116,-74.013,cloudy,None,138,47,29
2024-05-30,LM-ATM-014,Brookfield Place,40.7127,-74.0155,cloudy,None,123,47,27
2024-05-30,LM-ATM-015,Bowling Green,40.7047,-74.0141,cloudy,None,79,35,20
2024-05-30,LM-ATM-016,Staten Ferry Terminal,40.7013,-74.0132,cloudy,None,62,41,25
2024-05-30,LM-ATM-017,Essex Market,40.7193,-73.9874,cloudy,None,80,39,23
2024-05-30,LM-ATM-018,Houston Street,40.7282,-74.005,cloudy,None,99,56,35
2024-05-30,LM-ATM-019,Delancey Street,40.7188,-73.9885,cloudy,None,65,33,20
2024-05-30,LM-ATM-020,Pier 17,40.7058,-74.0027,cloudy,None,55,41,28
2024-05-31,LM-ATM-001,Battery Park,40.7033,-74.017,clear,None,72,39,25
2024-05-31,LM-ATM-002,Wall Street,40.7074,-74.0113,clear,None,173,41,16
2024-05-31,LM-ATM-003,Broad Street,40.7069,-74.0113,clear,None,121,30,10
2024-05-31,LM-ATM-004,Fulton Center,40.7103,-74.0076,clear,None,105,41,24
2024-05-31,LM-ATM-005,South Street Seaport,40.7069,-74.003,clear,None,98,60,39
2024-05-31,LM-ATM-006,Tribeca,40.7163,-74.0086,clear,None,83,38,17
2024-05-31,LM-ATM-007,City Hall,40.7128,-74.0059,clear,None,88,38,17
2024-05-31,LM-ATM-008,Chinatown,40.7158,-73.9973,clear,None,84,46,29
2024-05-31,LM-ATM-009,Little Italy,40.7191,-73.9973,clear,None,67,39,26
2024-05-31,LM-ATM-010,SoHo Broadway,40.7233,-74.002,clear,None,83,58,36
2024-05-31,LM-ATM-011,NoLiTa,40.7228,-73.9973,clear,None,60,40,22
2024-05-31,LM-ATM-012,Canal Street,40.719,-74.002,clear,None,79,39,24
2024-05-31,LM-ATM-013,World Trade Center,40.7116,-74.013,clear,None,144,43,26
2024-05-31,LM-ATM-014,Brookfield Place,40.7127,-74.0155,clear,None,122,47,22
2024-05-31,LM-ATM-015,Bowling Green,40.7047,-74.0141,clear,None,97,45,23
2024-05-31,LM-ATM-016,Staten Ferry Terminal,40.7013,-74.0132,clear,None,97,61,35
2024-05-31,LM-ATM-017,Essex Market,40.7193,-73.9874,clear,None,87,44,23
2024-05-31,LM-ATM-018,Houston Street,40.7282,-74.005,clear,None,76,40,26
2024-05-31,LM-ATM-019,Delancey Street,40.7188,-73.9885,clear,None,89,48,26
2024-05-31,LM-ATM-020,Pier 17,40.7058,-74.0027,clear,None,71,51,34
2024-06-01,LM-ATM-001,Battery Park,40.7033,-74.017,rain,None,47,36,20
2024-06-01,LM-ATM-002,Wall Street,40.7074,-74.0113,rain,None,95,31,15
2024-06-01,LM-ATM-003,Broad Street,40.7069,-74.0113,rain,None,91,25,13
2024-06-01,LM-ATM-004,Fulton Center,40.7103,-74.0076,rain,None,91,46,25
2024-06-01,LM-ATM-005,South Street Seaport,40.7069,-74.003,rain,None,74,57,34
2024-06-01,LM-ATM-006,Tribeca,40.7163,-74.0086,rain,None,55,26,13
2024-06-01,LM-ATM-007,City Hall,40.7128,-74.0059,rain,None,70,31,18
2024-06-01,LM-ATM-008,Chinatown,40.7158,-73.9973,rain,None,74,42,25
2024-06-01,LM-ATM-009,Little Italy,40.7191,-73.9973,rain,None,69,48,28
2024-06-01,LM-ATM-010,SoHo Broadway,40.7233,-74.002,rain,None,58,47,30
2024-06-01,LM-ATM-011,NoLiTa,40.7228,-73.9973,rain,None,45,36,19
2024-06-01,LM-ATM-012,Canal Street,40.719,-74.002,rain,None,80,43,28
2024-06-01,LM-ATM-013,World Trade Center,40.7116,-74.013,rain,None,103,38,22
2024-06-01,LM-ATM-014,Brookfield Place,40.7127,-74.0155,rain,None,77,36,16
2024-06-01,LM-ATM-015,Bowling Green,40.7047,-74.0141,rain,None,89,47,24
2024-06-01,LM-ATM-016,Staten Ferry Terminal,40.7013,-74.0132,rain,None,68,52,29
2024-06-01,LM-ATM-017,Essex Market,40.7193,-73.9874,rain,None,79,50,25
2024-06-01,LM-ATM-018,Houston Street,40.7282,-74.005,rain,None,57,37,21
2024-06-01,LM-ATM-019,Delancey Street,40.7188,-73.9885,rain,None,54,32,17
2024-06-01,LM-ATM-020,Pier 17,40.7058,-74.0027,rain,None,51,44,27
2024-06-02,LM-ATM-001,Battery Park,40.7033,-74.017,thunderstorm,None,41,31,20
2024-06-02,LM-ATM-002,Wall Street,40.7074,-74.0113,thunderstorm,None,69,26,12
2024-06-02,LM-ATM-003,Broad Street,40.7069,-74.0113,thunderstorm,None,64,26,12
2024-06-02,LM-ATM-004,Fulton Center,40.7103,-74.0076,thunderstorm,None,61,36,21
2024-06-02,LM-ATM-005,South Street Seaport,40.7069,-74.003,thunderstorm,None,44,42,21
2024-06-02,LM-ATM-006,Tribeca,40.7163,-74.0086,thunderstorm,None,36,21,9
2024-06-02,LM-ATM-007,City Hall,40.7128,-74.0059,thunderstorm,None,67,39,16
2024-06-02,LM-ATM-008,Chinatown,40.7158,-73.9973,thunderstorm,None,53,31,19
2024-06-02,LM-ATM-009,Little Italy,40.7191,-73.9973,thunderstorm,None,42,39,21
2024-06-02,LM-ATM-010,SoHo Broadway,40.7233,-74.002,thunderstorm,None,42,47,28
2024-06-02,LM-ATM-011,NoLiTa,40.7228,-73.9973,thunderstorm,None,45,36,20
2024-06-02,LM-ATM-012,Canal Street,40.719,-74.002,thunderstorm,None,47,32,20
2024-06-02,LM-ATM-013,World Trade Center,40.7116,-74.013,thunderstorm,None,66,32,17
2024-06-02,LM-ATM-014,Brookfield Place,40.7127,-74.0155,thunderstorm,None,59,30,15
2024-06-02,LM-ATM-015,Bowling Green,40.7047,-74.0141,thunderstorm,None,40,20,12
2024-06-02,LM-ATM-016,Staten Ferry Terminal,40.7013,-74.0132,thunderstorm,None,38,34,21
2024-06-02,LM-ATM-017,Essex Market,40.7193,-73.9874,thunderstorm,None,49,32,17
2024-06-02,LM-ATM-018,Houston Street,40.7282,-74.005,thunderstorm,None,40,31,17
2024-06-02,LM-ATM-019,Delancey Street,40.7188,-73.9885,thunderstorm,None,43,27,17
2024-06-02,LM-ATM-020,Pier 17,40.7058,-74.0027,thunderstorm,None,38,40,26
2024-06-03,LM-ATM-001,Battery Park,40.7033,-74.017,cloudy,None,67,42,29
2024-06-03,LM-ATM-002,Wall Street,40.7074,-74.0113,cloudy,None,145,35,13
2024-06-03,LM-ATM-003,Broad Street,40.7069,-74.0113,cloudy,None,96,25,11
2024-06-03,LM-ATM-004,Fulton Center,40.7103,-74.0076,cloudy,None,122,47,32
2024-06-03,LM-ATM-005,South Street Seaport,40.7069,-74.003,cloudy,None,93,65,36
2024-06-03,LM-ATM-006,Tribeca,40.7163,-74.0086,cloudy,None,83,32,16
2024-06-03,LM-ATM-007,City Hall,40.7128,-74.0059,cloudy,None,98,35,18
2024-06-03,LM-ATM-008,Chinatown,40.7158,-73.9973,cloudy,None,77,42,23
2024-06-03,LM-ATM-009,Little Italy,40.7191,-73.9973,cloudy,None,75,50,29
2024-06-03,LM-ATM-010,SoHo Broadway,40.7233,-74.002,cloudy,None,82,50,35
2024-06-03,LM-ATM-011,NoLiTa,40.7228,-73.9973,cloudy,None,70,37,26
2024-06-03,LM-ATM-012,Canal Street,40.719,-74.002,cloudy,None,80,42,26
2024-06-03,LM-ATM-013,World Trade Center,40.7116,-74.013,cloudy,None,110,42,22
2024-06-03,LM-ATM-014,Brookfield Place,40.7127,-74.0155,cloudy,None,108,28,19
2024-06-03,LM-ATM-015,Bowling Green,40.7047,-74.0141,cloudy,None,82,32,18
2024-06-03,LM-ATM-016,Staten Ferry Terminal,40.7013,-74.0132,cloudy,None,82,46,30
2024-06-03,LM-ATM-017,Essex Market,40.7193,-73.9874,cloudy,None,88,43,23
2024-06-03,LM-ATM-018,Houston Street,40.7282,-74.005,cloudy,None,70,38,27
2024-06-03,LM-ATM-019,Delancey Street,40.7188,-73.9885,cloudy,None,75,38,21
2024-06-03,LM-ATM-020,Pier 17,40.7058,-74.0027,cloudy,None,78,61,41
2024-06-04,LM-ATM-001,Battery Park,40.7033,-74.017,cloudy,None,57,38,22
2024-06-04,LM-ATM-002,Wall Street,40.7074,-74.0113,cloudy,None,115,38,12
2024-06-04,LM-ATM-003,Broad Street,40.7069,-74.0113,cloudy,None,124,36,15
2024-06-04,LM-ATM-004,Fulton Center,40.7103,-74.0076,cloudy,None,88,40,23
2024-06-04,LM-ATM-005,South Street Seaport,40.7069,-74.003,cloudy,None,76,52,33
2024-06-04,LM-ATM-006,Tribeca,40.7163,-74.0086,cloudy,None,76,29,16
2024-06-04,LM-ATM-007,City Hall,40.7128,-74.0059,cloudy,None,95,37,20
2024-06-04,LM-ATM-008,Chinatown,40.7158,-73.9973,cloudy,None,92,45,24
2024-06-04,LM-ATM-009,Little Italy,40.7191,-73.9973,cloudy,None,58,36,24
2024-06-04,LM-ATM-010,SoHo Broadway,40.7233,-74.002,cloudy,None,84,54,39
2024-06-04,LM-ATM-011,NoLiTa,40.7228,-73.9973,cloudy,None,52,31,19
2024-06-04,LM-ATM-012,Canal Street,40.719,-74.002,cloudy,None,80,41,25
2024-06-04,LM-ATM-013,World Trade Center,40.7116,-74.013,cloudy,None,128,52,26
2024-06-04,LM-ATM-014,Brookfield Place,40.7127,-74.0155,cloudy,None,123,44,22
2024-06-04,LM-ATM-015,Bowling Green,40.7047,-74.0141,cloudy,None,112,44,25
2024-06-04,LM-ATM-016,Staten Ferry Terminal,40.7013,-74.0132,cloudy,None,65,38,25
2024-06-04,LM-ATM-017,Essex Market,40.7193,-73.9874,cloudy,None,71,45,20
2024-06-04,LM-ATM-018,Houston Street,40.7282,-74.005,cloudy,None,77,46,25
2024-06-04,LM-ATM-019,Delancey Street,40.7188,-73.9885,cloudy,None,71,33,22
2024-06-04,LM-ATM-020,Pier 17,40.7058,-74.0027,cloudy,None,52,42,29
2024-06-05,LM-ATM-001,Battery Park,40.7033,-74.017,humid,None,71,36,25
2024-06-05,LM-ATM-002,Wall Street,40.7074,-74.0113,humid,None,127,33,15
2024-06-05,LM-ATM-003,Broad Street,40.7069,-74.0113,humid,None,107,30,12
2024-06-05,LM-ATM-004,Fulton Center,40.7103,-74.0076,humid,None,112,53,28
2024-06-05,LM-ATM-005,South Street Seaport,40.7069,-74.003,humid,None,71,49,30
2024-06-05,LM-ATM-006,Tribeca,40.7163,-74.0086,humid,None,83,31,15
2024-06-05,LM-ATM-007,City Hall,40.7128,-74.0059,humid,None,95,37,18
2024-06-05,LM-ATM-008,Chinatown,40.7158,-73.9973,humid,None,89,41,21
2024-06-05,LM-ATM-009,Little Italy,40.7191,-73.9973,humid,None,55,38,21
2024-06-05,LM-ATM-010,SoHo Broadway,40.7233,-74.002,humid,None,80,57,33
2024-06-05,LM-ATM-011,NoLiTa,40.7228,-73.9973,humid,None,54,35,18
2024-06-05,LM-ATM-012,Canal Street,40.719,-74.002,humid,None,90,48,27
2024-06-05,LM-ATM-013,World Trade Center,40.7116,-74.013,humid,None,127,42,21
2024-06-05,LM-ATM-014,Brookfield Place,40.7127,-74.0155,humid,None,104,32,20
2024-06-05,LM-ATM-015,Bowling Green,40.7047,-74.0141,humid,None,86,33,19
2024-06-05,LM-ATM-016,Staten Ferry Terminal,40.7013,-74.0132,humid,None,84,48,35
2024-06-05,LM-ATM-017,Essex Market,40.7193,-73.9874,humid,None,84,38,21
2024-06-05,LM-ATM-018,Houston Street,40.7282,-74.005,humid,None,71,40,25
2024-06-05,LM-ATM-019,Delancey Street,40.7188,-73.9885,humid,None,75,46,23
2024-06-05,LM-ATM-020,Pier 17,40.7058,-74.0027,humid,None,46,39,23
2024-06-06,LM-ATM-001,Battery Park,40.7033,-74.017,clear,None,76,48,28
2024-06-06,LM-ATM-002,Wall Street,40.7074,-74.0113,clear,None,151,34,16
2024-06-06,LM-ATM-003,Broad Street,40.7069,-74.0113,clear,None,123,33,17
2024-06-06,LM-ATM-004,Fulton Center,40.7103,-74.0076,clear,None,124,51,31
2024-06-06,LM-ATM-005,South Street Seaport,40.7069,-74.003,clear,None,71,53,32
2024-06-06,LM-ATM-006,Tribeca,40.7163,-74.0086,clear,None,96,34,19
2024-06-06,LM-ATM-007,City Hall,40.7128,-74.0059,clear,None,111,43,24
2024-06-06,LM-ATM-008,Chinatown,40.7158,-73.9973,clear,None,82,39,21
2024-06-06,LM-ATM-009,Little Italy,40.7191,-73.9973,clear,None,75,48,29
2024-06-06,LM-ATM-010,SoHo Broadway,40.7233,-74.002,clear,None,92,64,44
2024-06-06,LM-ATM-011,NoLiTa,40.7228,-73.9973,clear,None,56,32,20
2024-06-06,LM-ATM-012,Canal Street,40.719,-74.002,clear,None,88,43,26
2024-06-06,LM-ATM-013,World Trade Center,40.7116,-74.013,clear,None,137,55,33
2024-06-06,LM-ATM-014,Brookfield Place,40.7127,-74.0155,clear,None,150,43,24
2024-06-06,LM-ATM-015,Bowling Green,40.7047,-74.0141,clear,None,129,47,31
2024-06-06,LM-ATM-016,Staten Ferry Terminal,40.7013,-74.0132,clear,None,88,61,36
2024-06-06,LM-ATM-017,Essex Market,40.7193,-73.9874,clear,None,74,38,19
2024-06-06,LM-ATM-018,Houston Street,40.7282,-74.005,clear,None,104,56,35
2024-06-06,LM-ATM-019,Delancey Street,40.7188,-73.9885,clear,None,82,44,22
2024-06-06,LM-ATM-020,Pier 17,40.7058,-74.0027,clear,None,86,58,40
2024-06-07,LM-ATM-001,Battery Park,40.7033,-74.017,cloudy,None,85,52,32
2024-06-07,LM-ATM-002,Wall Street,40.7074,-74.0113,cloudy,None,125,26,12
2024-06-07,LM-ATM-003,Broad Street,40.7069,-74.0113,cloudy,None,121,36,17
2024-06-07,LM-ATM-004,Fulton Center,40.7103,-74.0076,cloudy,None,133,57,30
2024-06-07,LM-ATM-005,South Street Seaport,40.7069,-74.003,cloudy,None,74,50,31
2024-06-07,LM-ATM-006,Tribeca,40.7163,-74.0086,cloudy,None,78,28,16
2024-06-07,LM-ATM-007,City Hall,40.7128,-74.0059,cloudy,None,97,38,18
2024-06-07,LM-ATM-008,Chinatown,40.7158,-73.9973,cloudy,None,81,50,25
2024-06-07,LM-ATM-009,Little Italy,40.7191,-73.9973,cloudy,None,63,44,27
2024-06-07,LM-ATM-010,SoHo Broadway,40.7233,-74.002,cloudy,None,68,52,33
2024-06-07,LM-ATM-011,NoLiTa,40.7228,-73.9973,cloudy,None,82,48,28
2024-06-07,LM-ATM-012,Canal Street,40.719,-74.002,cloudy,None,69,40,19
2024-06-07,LM-ATM-013,World Trade Center,40.7116,-74.013,cloudy,None,149,55,31
2024-06-07,LM-ATM-014,Brookfield Place,40.7127,-74.0155,cloudy,None,129,46,24
2024-06-07,LM-ATM-015,Bowling Green,40.7047,-74.0141,cloudy,None,100,42,22
2024-06-07,LM-ATM-016,Staten Ferry Terminal,40.7013,-74.0132,cloudy,None,71,44,32
2024-06-07,LM-ATM-017,Essex Market,40.7193,-73.9874,cloudy,None,77,33,21
2024-06-07,LM-ATM-018,Houston Street,40.7282,-74.005,cloudy,None,71,38,22
2024-06-07,LM-ATM-019,Delancey Street,40.7188,-73.9885,cloudy,None,71,36,22
2024-06-07,LM-ATM-020,Pier 17,40.7058,-74.0027,cloudy,None,79,51,35
2024-06-08,LM-ATM-001,Battery Park,40.7033,-74.017,cloudy,None,72,51,28
2024-06-08,LM-ATM-002,Wall Street,40.7074,-74.0113,cloudy,None,106,24,11
2024-06-08,LM-ATM-003,Broad Street,40.7069,-74.0113,cloudy,None,117,38,16
2024-06-08,LM-ATM-004,Fulton Center,40.7103,-74.0076,cloudy,None,111,60,32
2024-06-08,LM-ATM-005,South Street Seaport,40.7069,-74.003,cloudy,None,74,51,32
2024-06-08,LM-ATM-006,Tribeca,40.7163,-74.0086,cloudy,None,57,26,11
2024-06-08,LM-ATM-007,City Hall,40.7128,-74.0059,cloudy,None,82,35,19
2024-06-08,LM-ATM-008,Chinatown,40.7158,-73.9973,cloudy,None,84,49,27
2024-06-08,LM-ATM-009,Little Italy,40.7191,-73.9973,cloudy,None,63,46,25
2024-06-08,LM-ATM-010,SoHo Broadway,40.7233,-74.002,cloudy,None,68,50,37
2024-06-08,LM-ATM-011,NoLiTa,40.7228,-73.9973,cloudy,None,68,60,29
2024-06-08,LM-ATM-012,Canal Street,40.719,-74.002,cloudy,None,93,58,35
2024-06-08,LM-ATM-013,World Trade Center,40.7116,-74.013,cloudy,None,122,47,27
2024-06-08,LM-ATM-014,Brookfield Place,40.7127,-74.0155,cloudy,None,116,50,23
2024-06-08,LM-ATM-015,Bowling Green,40.7047,-74.0141,cloudy,None,81,37,20
2024-06-08,LM-ATM-016,Staten Ferry Terminal,40.7013,-74.0132,cloudy,None,64,52,30
2024-06-08,LM-ATM-017,Essex Market,40.7193,-73.9874,cloudy,None,65,37,23
2024-06-08,LM-ATM-018,Houston Street,40.7282,-74.005,cloudy,None,85,53,29
2024-06-08,LM-ATM-019,Delancey Street,40.7188,-73.9885,cloudy,None,56,31,20
2024-06-08,LM-ATM-020,Pier 17,40.7058,-74.0027,cloudy,None,77,77,46
2024-06-09,LM-ATM-001,Battery Park,40.7033,-74.017,rain,None,59,44,26
2024-06-09,LM-ATM-002,Wall Street,40.7074,-74.0113,rain,None,72,28,11
2024-06-09,LM-ATM-003,Broad Street,40.7069,-74.0113,rain,None,88,28,15
2024-06-09,LM-ATM-004,Fulton Center,40.7103,-74.0076,rain,None,69,37,20
2024-06-09,LM-ATM-005,South Street Seaport,40.7069,-74.003,rain,None,80,56,36
2024-06-09,LM-ATM-006,Tribeca,40.7163,-74.0086,rain,None,80,35,18
2024-06-09,LM-ATM-007,City Hall,40.7128,-74.0059,rain,None,68,30,16
2024-06-09,LM-ATM-008,Chinatown,40.7158,-73.9973,rain,None,61,43,20
2024-06-09,LM-ATM-009,Little Italy,40.7191,-73.9973,rain,None,58,43,25
2024-06-09,LM-ATM-010,SoHo Broadway,40.7233,-74.002,rain,None,62,50,33
2024-06-09,LM-ATM-011,NoLiTa,40.7228,-73.9973,rain,None,48,37,19
2024-06-09,LM-ATM-012,Canal Street,40.719,-74.002,rain,None,75,44,27
2024-06-09,LM-ATM-013,World Trade Center,40.7116,-74.013,rain,None,83,35,18
2024-06-09,LM-ATM-014,Brookfield Place,40.7127,-74.0155,rain,None,72,31,17
2024-06-09,LM-ATM-015,Bowling Green,40.7047,-74.0141,rain,None,65,32,17
2024-06-09,LM-ATM-016,Staten Ferry Terminal,40.7013,-74.0132,rain,None,61,39,26
2024-06-09,LM-ATM-017,Essex Market,40.7193,-73.9874,rain,None,66,35,18
2024-06-09,LM-ATM-018,Houston Street,40.7282,-74.005,rain,None,61,35,21
2024-06-09,LM-ATM-019,Delancey Street,40.7188,-73.9885,rain,None,55,34,19
2024-06-09,LM-ATM-020,Pier 17,40.7058,-74.0027,rain,None,41,41,25
2024-06-10,LM-ATM-001,Battery Park,40.7033,-74.017,clear,None,66,49,26
2024-06-10,LM-ATM-002,Wall Street,40.7074,-74.0113,clear,None,137,28,15
2024-06-10,LM-ATM-003,Broad Street,40.7069,-74.0113,clear,None,121,23,14
2024-06-10,LM-ATM-004,Fulton Center,40.7103,-74.0076,clear,None,114,47,32
2024-06-10,LM-ATM-005,South Street Seaport,40.7069,-74.003,clear,None,90,58,39
2024-06-10,LM-ATM-006,Tribeca,40.7163,-74.0086,clear,None,92,38,16
2024-06-10,LM-ATM-007,City Hall,40.7128,-74.0059,clear,None,95,42,20
2024-06-10,LM-ATM-008,Chinatown,40.7158,-73.9973,clear,None,79,44,24
2024-06-10,LM-ATM-009,Little Italy,40.7191,-73.9973,clear,None,72,47,25
2024-06-10,LM-ATM-010,SoHo Broadway,40.7233,-74.002,clear,None,91,59,42
2024-06-10,LM-ATM-011,NoLiTa,40.7228,-73.9973,clear,None,69,42,28
2024-06-10,LM-ATM-012,Canal Street,40.719,-74.002,clear,None,122,51,35
2024-06-10,LM-ATM-013,World Trade Center,40.7116,-74.013,clear,None,133,47,25
2024-06-10,LM-ATM-014,Brookfield Place,40.7127,-74.0155,clear,None,131,49,26
2024-06-10,LM-ATM-015,Bowling Green,40.7047,-74.0141,clear,None,103,41,21
2024-06-10,LM-ATM-016,Staten Ferry Terminal,40.7013,-74.0132,clear,None,95,47,33
2024-06-10,LM-ATM-017,Essex Market,40.7193,-73.9874,clear,None,67,37,17
2024-06-10,LM-ATM-018,Houston Street,40.7282,-74.005,clear,None,68,32,23
2024-06-10,LM-ATM-019,Delancey Street,40.7188,-73.9885,clear,None,56,30,17
2024-06-10,LM-ATM-020,Pier 17,40.7058,-74.0027,clear,None,81,61,35
2024-06-11,LM-ATM-001,Battery Park,40.7033,-74.017,cloudy,None,70,42,26
2024-06-11,LM-ATM-002,Wall Street,40.7074,-74.0113,cloudy,None,138,33,17
2024-06-11,LM-ATM-003,Broad Street,40.7069,-74.0113,cloudy,None,126,37,15
2024-06-11,LM-ATM-004,Fulton Center,40.7103,-74.0076,cloudy,None,107,45,26
2024-06-11,LM-ATM-005,South Street Seaport,40.7069,-74.003,cloudy,None,82,46,30
2024-06-11,LM-ATM-006,Tribeca,40.7163,-74.0086,cloudy,None,69,28,14
2024-06-11,LM-ATM-007,City Hall,40.7128,-74.0059,cloudy,None,82,30,17
2024-06-11,LM-ATM-008,Chinatown,40.7158,-73.9973,cloudy,None,86,48,27
2024-06-11,LM-ATM-009,Little Italy,40.7191,-73.9973,cloudy,None,64,41,21
2024-06-11,LM-ATM-010,SoHo Broadway,40.7233,-74.002,cloudy,None,93,63,39
2024-06-11,LM-ATM-011,NoLiTa,40.7228,-73.9973,cloudy,None,62,39,23
2024-06-11,LM-ATM-012,Canal Street,40.719,-74.002,cloudy,None,74,39,23
2024-06-11,LM-ATM-013,World Trade Center,40.7116,-74.013,cloudy,None,133,47,26
2024-06-11,LM-ATM-014,Brookfield Place,40.7127,-74.0155,cloudy,None,101,37,22
2024-06-11,LM-ATM-015,Bowling Green,40.7047,-74.0141,cloudy,None,77,31,20
2024-06-11,LM-ATM-016,Staten Ferry Terminal,40.7013,-74.0132,cloudy,None,93,61,34
2024-06-11,LM-ATM-017,Essex Market,40.7193,-73.9874,cloudy,None,69,36,23
2024-06-11,LM-ATM-018,Houston Street,40.7282,-74.005,cloudy,None,83,50,29
2024-06-11,LM-ATM-019,Delancey Street,40.7188,-73.9885,cloudy,None,64,34,21
2024-06-11,LM-ATM-020,Pier 17,40.7058,-74.0027,cloudy,None,72,61,35
2024-06-12,LM-ATM-001,Battery Park,40.7033,-74.017,thunderstorm,None,43,25,15
2024-06-12,LM-ATM-002,Wall Street,40.7074,-74.0113,thunderstorm,None,91,27,9
2024-06-12,LM-ATM-003,Broad Street,40.7069,-74.0113,thunderstorm,None,72,18,12
2024-06-12,LM-ATM-004,Fulton Center,40.7103,-74.0076,thunderstorm,None,75,36,17
2024-06-12,LM-ATM-005,South Street Seaport,40.7069,-74.003,thunderstorm,None,58,44,25
2024-06-12,LM-ATM-006,Tribeca,40.7163,-74.0086,thunderstorm,None,73,32,15
2024-06-12,LM-ATM-007,City Hall,40.7128,-74.0059,thunderstorm,None,70,28,15
2024-06-12,LM-ATM-008,Chinatown,40.7158,-73.9973,thunderstorm,None,66,42,22
2024-06-12,LM-ATM-009,Little Italy,40.7191,-73.9973,thunderstorm,None,35,24,15
2024-06-12,LM-ATM-010,SoHo Broadway,40.7233,-74.002,thunderstorm,None,49,36,24
2024-06-12,LM-ATM-011,NoLiTa,40.7228,-73.9973,thunderstorm,None,56,38,23
2024-06-12,LM-ATM-012,Canal Street,40.719,-74.002,thunderstorm,None,41,25,16
2024-06-12,LM-ATM-013,World Trade Center,40.7116,-74.013,thunderstorm,None,99,42,19
2024-06-12,LM-ATM-014,Brookfield Place,40.7127,-74.0155,thunderstorm,None,79,26,17
2024-06-12,LM-ATM-015,Bowling Green,40.7047,-74.0141,thunderstorm,None,69,33,16
2024-06-12,LM-ATM-016,Staten Ferry Terminal,40.7013,-74.0132,thunderstorm,None,50,31,20
2024-06-12,LM-ATM-017,Essex Market,40.7193,-73.9874,thunderstorm,None,52,32,16
2024-06-12,LM-ATM-018,Houston Street,40.7282,-74.005,thunderstorm,None,65,38,23
2024-06-12,LM-ATM-019,Delancey Street,40.7188,-73.9885,thunderstorm,None,38,25,13
2024-06-12,LM-ATM-020,Pier 17,40.7058,-74.0027,thunderstorm,None,41,37,23
2024-06-13,LM-ATM-001,Battery Park,40.7033,-74.017,cloudy,None,77,51,29
2024-06-13,LM-ATM-002,Wall Street,40.7074,-74.0113,cloudy,None,125,29,15
2024-06-13,LM-ATM-003,Broad Street,40.7069,-74.0113,cloudy,None,139,29,14
2024-06-13,LM-ATM-004,Fulton Center,40.7103,-74.0076,cloudy,None,70,36,15
2024-06-13,LM-ATM-005,South Street Seaport,40.7069,-74.003,cloudy,None,72,44,31
2024-06-13,LM-ATM-006,Tribeca,40.7163,-74.0086,cloudy,None,88,35,17
2024-06-13,LM-ATM-007,City Hall,40.7128,-74.0059,cloudy,None,94,43,18
2024-06-13,LM-ATM-008,Chinatown,40.7158,-73.9973,cloudy,None,89,41,23
2024-06-13,LM-ATM-009,Little Italy,40.7191,-73.9973,cloudy,None,72,46,26
2024-06-13,LM-ATM-010,SoHo Broadway,40.7233,-74.002,cloudy,None,86,61,38
2024-06-13,LM-ATM-011,NoLiTa,40.7228,-73.9973,cloudy,None,80,48,29
2024-06-13,LM-ATM-012,Canal Street,40.719,-74.002,cloudy,None,86,43,25
2024-06-13,LM-ATM-013,World Trade Center,40.7116,-74.013,cloudy,None,119,43,23
2024-06-13,LM-ATM-014,Brookfield Place,40.7127,-74.0155,cloudy,None,122,34,22
2024-06-13,LM-ATM-015,Bowling Green,40.7047,-74.0141,cloudy,None,116,43,24
2024-06-13,LM-ATM-016,Staten Ferry Terminal,40.7013,-74.0132,cloudy,None,78,61,34
2024-06-13,LM-ATM-017,Essex Market,40.7193,-73.9874,cloudy,None,81,43,22
2024-06-13,LM-ATM-018,Houston Street,40.7282,-74.005,cloudy,None,79,42,25
2024-06-13,LM-ATM-019,Delancey Street,40.7188,-73.9885,cloudy,None,82,39,27
2024-06-13,LM-ATM-020,Pier 17,40.7058,-74.0027,cloudy,None,60,45,33
2024-06-14,LM-ATM-001,Battery Park,40.7033,-74.017,clear,None,88,46,30
2024-06-14,LM-ATM-002,Wall Street,40.7074,-74.0113,clear,None,128,31,18
2024-06-14,LM-ATM-003,Broad Street,40.7069,-74.0113,clear,None,130,37,16
2024-06-14,LM-ATM-004,Fulton Center,40.7103,-74.0076,clear,None,129,51,28
2024-06-14,LM-ATM-005,South Street Seaport,40.7069,-74.003,clear,None,74,54,30
2024-06-14,LM-ATM-006,Tribeca,40.7163,-74.0086,clear,None,130,44,26
2024-06-14,LM-ATM-007,City Hall,40.7128,-74.0059,clear,None,120,39,21
2024-06-14,LM-ATM-008,Chinatown,40.7158,-73.9973,clear,None,67,35,20
2024-06-14,LM-ATM-009,Little Italy,40.7191,-73.9973,clear,None,67,46,27
2024-06-14,LM-ATM-010,SoHo Broadway,40.7233,-74.002,clear,None,91,76,52
2024-06-14,LM-ATM-011,NoLiTa,40.7228,-73.9973,clear,None,65,39,25
2024-06-14,LM-ATM-012,Canal Street,40.719,-74.002,clear,None,98,47,28
2024-06-14,LM-ATM-013,World Trade Center,40.7116,-74.013,clear,None,119,41,25
2024-06-14,LM-ATM-014,Brookfield Place,40.7127,-74.0155,clear,None,153,58,33
2024-06-14,LM-ATM-015,Bowling Green,40.7047,-74.0141,clear,None,92,43,19
2024-06-14,LM-ATM-016,Staten Ferry Terminal,40.7013,-74.0132,clear,None,89,58,35
2024-06-14,LM-ATM-017,Essex Market,40.7193,-73.9874,clear,None,72,38,22
2024-06-14,LM-ATM-018,Houston Street,40.7282,-74.005,clear,None,67,46,25
2024-06-14,LM-ATM-019,Delancey Street,40.7188,-73.9885,clear,None,75,37,23
2024-06-14,LM-ATM-020,Pier 17,40.7058,-74.0027,clear,None,73,52,36
2024-06-15,LM-ATM-001,Battery Park,40.7033,-74.017,clear,None,62,55,30
2024-06-15,LM-ATM-002,Wall Street,40.7074,-74.0113,clear,None,107,29,13
2024-06-15,LM-ATM-003,Broad Street,40.7069,-74.0113,clear,None,113,29,18
2024-06-15,LM-ATM-004,Fulton Center,40.7103,-74.0076,clear,None,125,64,36
2024-06-15,LM-ATM-005,South Street Seaport,40.7069,-74.003,clear,None,94,77,47
2024-06-15,LM-ATM-006,Tribeca,40.7163,-74.0086,clear,None,92,49,20
2024-06-15,LM-ATM-007,City Hall,40.7128,-74.0059,clear,None,73,30,19
2024-06-15,LM-ATM-008,Chinatown,40.7158,-73.9973,clear,None,80,53,28
2024-06-15,LM-ATM-009,Little Italy,40.7191,-73.9973,clear,None,67,49,31
2024-06-15,LM-ATM-010,SoHo Broadway,40.7233,-74.002,clear,None,83,68,46
2024-06-15,LM-ATM-011,NoLiTa,40.7228,-73.9973,clear,None,58,38,25
2024-06-15,LM-ATM-012,Canal Street,40.719,-74.002,clear,None,69,50,26
2024-06-15,LM-ATM-013,World Trade Center,40.7116,-74.013,clear,None,100,49,20
2024-06-15,LM-ATM-014,Brookfield Place,40.7127,-74.0155,clear,None,116,54,29
2024-06-15,LM-ATM-015,Bowling Green,40.7047,-74.0141,clear,None,99,57,24
2024-06-15,LM-ATM-016,Staten Ferry Terminal,40.7013,-74.0132,clear,None,65,50,28
2024-06-15,LM-ATM-017,Essex Market,40.7193,-73.9874,clear,None,70,43,22
2024-06-15,LM-ATM-018,Houston Street,40.7282,-74.005,clear,None,87,63,35
2024-06-15,LM-ATM-019,Delancey Street,40.7188,-73.9885,clear,None,75,52,31
2024-06-15,LM-ATM-020,Pier 17,40.7058,-74.0027,clear,None,59,47,32
2024-06-16,LM-ATM-001,Battery Park,40.7033,-74.017,thunderstorm,None,48,35,23
2024-06-16,LM-ATM-002,Wall Street,40.7074,-74.0113,thunderstorm,None,69,26,10
2024-06-16,LM-ATM-003,Broad Street,40.7069,-74.0113,thunderstorm,None,62,24,10
2024-06-16,LM-ATM-004,Fulton Center,40.7103,-74.0076,thunderstorm,None,63,35,20
2024-06-16,LM-ATM-005,South Street Seaport,40.7069,-74.003,thunderstorm,None,47,41,26
2024-06-16,LM-ATM-006,Tribeca,40.7163,-74.0086,thunderstorm,None,56,34,13
2024-06-16,LM-ATM-007,City Hall,40.7128,-74.0059,thunderstorm,None,72,36,18
2024-06-16,LM-ATM-008,Chinatown,40.7158,-73.9973,thunderstorm,None,39,25,14
2024-06-16,LM-ATM-009,Little Italy,40.7191,-73.9973,thunderstorm,None,48,35,25
2024-06-16,LM-ATM-010,SoHo Broadway,40.7233,-74.002,thunderstorm,None,48,44,28
2024-06-16,LM-ATM-011,NoLiTa,40.7228,-73.9973,thunderstorm,None,52,35,21
2024-06-16,LM-ATM-012,Canal Street,40.719,-74.002,thunderstorm,None,56,38,25
2024-06-16,LM-ATM-013,World Trade Center,40.7116,-74.013,thunderstorm,None,79,35,21
2024-06-16,LM-ATM-014,Brookfield Place,40.7127,-74.0155,thunderstorm,None,64,36,17
2024-06-16,LM-ATM-015,Bowling Green,40.7047,-74.0141,thunderstorm,None,56,32,17
2024-06-16,LM-ATM-016,Staten Ferry Terminal,40.7013,-74.0132,thunderstorm,None,37,31,18
2024-06-16,LM-ATM-017,Essex Market,40.7193,-73.9874,thunderstorm,None,53,30,16
2024-06-16,LM-ATM-018,Houston Street,40.7282,-74.005,thunderstorm,None,42,35,21
2024-06-16,LM-ATM-019,Delancey Street,40.7188,-73.9885,thunderstorm,None,54,34,20
2024-06-16,LM-ATM-020,Pier 17,40.7058,-74.0027,thunderstorm,None,49,44,27
2024-06-17,LM-ATM-001,Battery Park,40.7033,-74.017,clear,None,75,47,29
2024-06-17,LM-ATM-002,Wall Street,40.7074,-74.0113,clear,None,176,37,20
2024-06-17,LM-ATM-003,Broad Street,40.7069,-74.0113,clear,None,129,40,18
2024-06-17,LM-ATM-004,Fulton Center,40.7103,-74.0076,clear,None,112,48,27
2024-06-17,LM-ATM-005,South Street Seaport,40.7069,-74.003,clear,None,87,50,36
2024-06-17,LM-ATM-006,Tribeca,40.7163,-74.0086,clear,None,77,28,18
2024-06-17,LM-ATM-007,City Hall,40.7128,-74.0059,clear,None,88,37,19
2024-06-17,LM-ATM-008,Chinatown,40.7158,-73.9973,clear,None,85,47,27
2024-06-17,LM-ATM-009,Little Italy,40.7191,-73.9973,clear,None,71,44,26
2024-06-17,LM-ATM-010,SoHo Broadway,40.7233,-74.002,clear,None,92,67,46
2024-06-17,LM-ATM-011,NoLiTa,40.7228,-73.9973,clear,None,59,36,20
2024-06-17,LM-ATM-012,Canal Street,40.719,-74.002,clear,None,102,46,32
2024-06-17,LM-ATM-013,World Trade Center,40.7116,-74.013,clear,None,117,42,21
2024-06-17,LM-ATM-014,Brookfield Place,40.7127,-74.0155,clear,None,109,33,20
2024-06-17,LM-ATM-015,Bowling Green,40.7047,-74.0141,clear,None,101,36,23
2024-06-17,LM-ATM-016,Staten Ferry Terminal,40.7013,-74.0132,clear,None,84,54,34
2024-06-17,LM-ATM-017,Essex Market,40.7193,-73.9874,clear,None,91,44,28
2024-06-17,LM-ATM-018,Houston Street,40.7282,-74.005,clear,None,87,44,32
2024-06-17,LM-ATM-019,Delancey Street,40.7188,-73.9885,clear,None,70,35,21
2024-06-17,LM-ATM-020,Pier 17,40.7058,-74.0027,clear,None,81,61,42
2024-06-18,LM-ATM-001,Battery Park,40.7033,-74.017,clear,None,88,53,33
2024-06-18,LM-ATM-002,Wall Street,40.7074,-74.0113,clear,None,138,31,15
2024-06-18,LM-ATM-003,Broad Street,40.7069,-74.0113,clear,None,154,41,15
2024-06-18,LM-ATM-004,Fulton Center,40.7103,-74.0076,clear,None,122,47,25
2024-06-18,LM-ATM-005,South Street Seaport,40.7069,-74.003,clear,None,85,57,36
2024-06-18,LM-ATM-006,Tribeca,40.7163,-74.0086,clear,None,84,31,18
2024-06-18,LM-ATM-007,City Hall,40.7128,-74.0059,clear,None,114,40,22
2024-06-18,LM-ATM-008,Chinatown,40.7158,-73.9973,clear,None,100,44,26
2024-06-18,LM-ATM-009,Little Italy,40.7191,-73.9973,clear,None,89,53,32
2024-06-18,LM-ATM-010,SoHo Broadway,40.7233,-74.002,clear,None,87,55,40
2024-06-18,LM-ATM-011,NoLiTa,40.7228,-73.9973,clear,None,54,29,19
2024-06-18,LM-ATM-012,Canal Street,40.719,-74.002,clear,None,80,44,25
2024-06-18,LM-ATM-013,World Trade Center,40.7116,-74.013,clear,None,137,46,25
2024-06-18,LM-ATM-014,Brookfield Place,40.7127,-74.0155,clear,None,134,46,27
2024-06-18,LM-ATM-015,Bowling Green,40.7047,-74.0141,clear,None,96,39,22
2024-06-18,LM-ATM-016,Staten Ferry Terminal,40.7013,-74.0132,clear,None,83,60,30
2024-06-18,LM-ATM-017,Essex Market,40.7193,-73.9874,clear,None,83,39,24
2024-06-18,LM-ATM-018,Houston Street,40.7282,-74.005,clear,None,72,46,24
2024-06-18,LM-ATM-019,Delancey Street,40.7188,-73.9885,clear,None,83,47,26
2024-06-18,LM-ATM-020,Pier 17,40.7058,-74.0027,clear,None,65,47,31
2024-06-19,LM-ATM-001,Battery Park,40.7033,-74.017,rain,None,47,32,18
2024-06-19,LM-ATM-002,Wall Street,40.7074,-74.0113,rain,None,121,33,15
2024-06-19,LM-ATM-003,Broad Street,40.7069,-74.0113,rain,None,84,23,13
2024-06-19,LM-ATM-004,Fulton Center,40.7103,-74.0076,rain,None,104,45,26
2024-06-19,LM-ATM-005,South Street Seaport,40.7069,-74.003,rain,None,69,46,31
2024-06-19,LM-ATM-006,Tribeca,40.7163,-74.0086,rain,None,98,36,19
2024-06-19,LM-ATM-007,City Hall,40.7128,-74.0059,rain,None,84,40,19
2024-06-19,LM-ATM-008,Chinatown,40.7158,-73.9973,rain,None,81,41,20
2024-06-19,LM-ATM-009,Little Italy,40.7191,-73.9973,rain,None,52,34,20
2024-06-19,LM-ATM-010,SoHo Broadway,40.7233,-74.002,rain,None,69,45,32
2024-06-19,LM-ATM-011,NoLiTa,40.7228,-73.9973,rain,None,57,36,22
2024-06-19,LM-ATM-012,Canal Street,40.719,-74.002,rain,None,82,47,24
2024-06-19,LM-ATM-013,World Trade Center,40.7116,-74.013,rain,None,113,40,24
2024-06-19,LM-ATM-014,Brookfield Place,40.7127,-74.0155,rain,None,106,39,22
2024-06-19,LM-ATM-015,Bowling Green,40.7047,-74.0141,rain,None,78,28,15
2024-06-19,LM-ATM-016,Staten Ferry Terminal,40.7013,-74.0132,rain,None,60,39,22
2024-06-19,LM-ATM-017,Essex Market,40.7193,-73.9874,rain,None,73,38,22
2024-06-19,LM-ATM-018,Houston Street,40.7282,-74.005,rain,None,57,37,20
2024-06-19,LM-ATM-019,Delancey Street,40.7188,-73.9885,rain,None,58,29,17
2024-06-19,LM-ATM-020,Pier 17,40.7058,-74.0027,rain,None,53,37,25
2024-06-20,LM-ATM-001,Battery Park,40.7033,-74.017,rain,None,60,41,25
2024-06-20,LM-ATM-002,Wall Street,40.7074,-74.0113,rain,None,112,25,12
2024-06-20,LM-ATM-003,Broad Street,40.7069,-74.0113,rain,None,122,29,16
2024-06-20,LM-ATM-004,Fulton Center,40.7103,-74.0076,rain,None,116,44,25
2024-06-20,LM-ATM-005,South Street Seaport,40.7069,-74.003,rain,None,71,48,32
2024-06-20,LM-ATM-006,Tribeca,40.7163,-74.0086,rain,None,83,34,18
2024-06-20,LM-ATM-007,City Hall,40.7128,-74.0059,rain,None,80,31,15
2024-06-20,LM-ATM-008,Chinatown,40.7158,-73.9973,rain,None,69,38,20
2024-06-20,LM-ATM-009,Little Italy,40.7191,-73.9973,rain,None,53,30,21
2024-06-20,LM-ATM-010,SoHo Broadway,40.7233,-74.002,rain,None,60,41,28
2024-06-20,LM-ATM-011,NoLiTa,40.7228,-73.9973,rain,None,70,39,25
2024-06-20,LM-ATM-012,Canal Street,40.719,-74.002,rain,None,75,42,23
2024-06-20,LM-ATM-013,World Trade Center,40.7116,-74.013,rain,None,125,35,26
2024-06-20,LM-ATM-014,Brookfield Place,40.7127,-74.0155,rain,None,115,37,19
2024-06-20,LM-ATM-015,Bowling Green,40.7047,-74.0141,rain,None,89,31,18
2024-06-20,LM-ATM-016,Staten Ferry Terminal,40.7013,-74.0132,rain,None,55,37,21
2024-06-20,LM-ATM-017,Essex Market,40.7193,-73.9874,rain,None,56,30,15
2024-06-20,LM-ATM-018,Houston Street,40.7282,-74.005,rain,None,67,42,24
2024-06-20,LM-ATM-019,Delancey Street,40.7188,-73.9885,rain,None,77,40,23
2024-06-20,LM-ATM-020,Pier 17,40.7058,-74.0027,rain,None,53,38,26
2024-06-21,LM-ATM-001,Battery Park,40.7033,-74.017,cloudy,None,74,47,27
2024-06-21,LM-ATM-002,Wall Street,40.7074,-74.0113,cloudy,None,128,31,12
2024-06-21,LM-ATM-003,Broad Street,40.7069,-74.0113,cloudy,None,117,30,17
2024-06-21,LM-ATM-004,Fulton Center,40.7103,-74.0076,cloudy,None,102,44,25
2024-06-21,LM-ATM-005,South Street Seaport,40.7069,-74.003,cloudy,None,78,45,30
2024-06-21,LM-ATM-006,Tribeca,40.7163,-74.0086,cloudy,None,78,29,16
2024-06-21,LM-ATM-007,City Hall,40.7128,-74.0059,cloudy,None,84,42,20
2024-06-21,LM-ATM-008,Chinatown,40.7158,-73.9973,cloudy,None,77,44,21
2024-06-21,LM-ATM-009,Little Italy,40.7191,-73.9973,cloudy,None,77,42,29
2024-06-21,LM-ATM-010,SoHo Broadway,40.7233,-74.002,cloudy,None,79,59,37
2024-06-21,LM-ATM-011,NoLiTa,40.7228,-73.9973,cloudy,None,46,29,17
2024-06-21,LM-ATM-012,Canal Street,40.719,-74.002,cloudy,None,73,41,23
2024-06-21,LM-ATM-013,World Trade Center,40.7116,-74.013,cloudy,None,141,43,29
2024-06-21,LM-ATM-014,Brookfield Place,40.7127,-74.0155,cloudy,None,101,43,25
2024-06-21,LM-ATM-015,Bowling Green,40.7047,-74.0141,cloudy,None,103,44,26
2024-06-21,LM-ATM-016,Staten Ferry Terminal,40.7013,-74.0132,cloudy,None,70,45,31
2024-06-21,LM-ATM-017,Essex Market,40.7193,-73.9874,cloudy,None,75,31,17
2024-06-21,LM-ATM-018,Houston Street,40.7282,-74.005,cloudy,None,79,48,24
2024-06-21,LM-ATM-019,Delancey Street,40.7188,-73.9885,cloudy,None,82,40,25
2024-06-21,LM-ATM-020,Pier 17,40.7058,-74.0027,cloudy,None,58,50,33
2024-06-22,LM-ATM-001,Battery Park,40.7033,-74.017,rain,None,53,40,23
2024-06-22,LM-ATM-002,Wall Street,40.7074,-74.0113,rain,None,82,22,11
2024-06-22,LM-ATM-003,Broad Street,40.7069,-74.0113,rain,None,98,40,13
2024-06-22,LM-ATM-004,Fulton Center,40.7103,-74.0076,rain,None,108,55,28
2024-06-22,LM-ATM-005,South Street Seaport,40.7069,-74.003,rain,None,63,54,30
2024-06-22,LM-ATM-006,Tribeca,40.7163,-74.0086,rain,None,58,27,14
2024-06-22,LM-ATM-007,City Hall,40.7128,-74.0059,rain,None,65,34,15
2024-06-22,LM-ATM-008,Chinatown,40.7158,-73.9973,rain,None,61,35,19
2024-06-22,LM-ATM-009,Little Italy,40.7191,-73.9973,rain,None,74,48,32
2024-06-22,LM-ATM-010,SoHo Broadway,40.7233,-74.002,rain,None,77,59,39
2024-06-22,LM-ATM-011,NoLiTa,40.7228,-73.9973,rain,None,55,43,25
2024-06-22,LM-ATM-012,Canal Street,40.719,-74.002,rain,None,83,57,31
2024-06-22,LM-ATM-013,World Trade Center,40.7116,-74.013,rain,None,85,31,18
2024-06-22,LM-ATM-014,Brookfield Place,40.7127,-74.0155,rain,None,81,40,19
2024-06-22,LM-ATM-015,Bowling Green,40.7047,-74.0141,rain,None,61,27,16
2024-06-22,LM-ATM-016,Staten Ferry Terminal,40.7013,-74.0132,rain,None,78,48,31
2024-06-22,LM-ATM-017,Essex Market,40.7193,-73.9874,rain,None,75,43,26
2024-06-22,LM-ATM-018,Houston Street,40.7282,-74.005,rain,None,57,38,19
2024-06-22,LM-ATM-019,Delancey Street,40.7188,-73.9885,rain,None,56,35,20
2024-06-22,LM-ATM-020,Pier 17,40.7058,-74.0027,rain,None,59,53,32
2024-06-23,LM-ATM-001,Battery Park,40.7033,-74.017,clear,None,66,49,33
2024-06-23,LM-ATM-002,Wall Street,40.7074,-74.0113,clear,None,112,36,16
2024-06-23,LM-ATM-003,Broad Street,40.7069,-74.0113,clear,None,94,31,13
2024-06-23,LM-ATM-004,Fulton Center,40.7103,-74.0076,clear,None,116,66,32
2024-06-23,LM-ATM-005,South Street Seaport,40.7069,-74.003,clear,None,94,77,43
2024-06-23,LM-ATM-006,Tribeca,40.7163,-74.0086,clear,None,85,49,17
2024-06-23,LM-ATM-007,City Hall,40.7128,-74.0059,clear,None,67,33,16
2024-06-23,LM-ATM-008,Chinatown,40.7158,-73.9973,clear,None,93,56,29
2024-06-23,LM-ATM-009,Little Italy,40.7191,-73.9973,clear,None,67,47,29
2024-06-23,LM-ATM-010,SoHo Broadway,40.7233,-74.002,clear,None,98,83,53
2024-06-23,LM-ATM-011,NoLiTa,40.7228,-73.9973,clear,None,62,45,25
2024-06-23,LM-ATM-012,Canal Street,40.719,-74.002,clear,None,89,56,33
2024-06-23,LM-ATM-013,World Trade Center,40.7116,-74.013,clear,None,109,42,25
2024-06-23,LM-ATM-014,Brookfield Place,40.7127,-74.0155,clear,None,84,39,21
2024-06-23,LM-ATM-015,Bowling Green,40.7047,-74.0141,clear,None,87,45,21
2024-06-23,LM-ATM-016,Staten Ferry Terminal,40.7013,-74.0132,clear,None,88,73,43
2024-06-23,LM-ATM-017,Essex Market,40.7193,-73.9874,clear,None,68,43,23
2024-06-23,LM-ATM-018,Houston Street,40.7282,-74.005,clear,None,81,53,28
2024-06-23,LM-ATM-019,Delancey Street,40.7188,-73.9885,clear,None,82,53,27
2024-06-23,LM-ATM-020,Pier 17,40.7058,-74.0027,clear,None,86,69,47
2024-06-24,LM-ATM-001,Battery Park,40.7033,-74.017,clear,None,84,45,27
2024-06-24,LM-ATM-002,Wall Street,40.7074,-74.0113,clear,None,146,32,13
2024-06-24,LM-ATM-003,Broad Street,40.7069,-74.0113,clear,None,138,34,16
2024-06-24,LM-ATM-004,Fulton Center,40.7103,-74.0076,clear,None,133,50,31
2024-06-24,LM-ATM-005,South Street Seaport,40.7069,-74.003,clear,None,78,46,31
2024-06-24,LM-ATM-006,Tribeca,40.7163,-74.0086,clear,None,78,29,14
2024-06-24,LM-ATM-007,City Hall,40.7128,-74.0059,clear,None,104,39,19
2024-06-24,LM-ATM-008,Chinatown,40.7158,-73.9973,clear,None,99,47,27
2024-06-24,LM-ATM-009,Little Italy,40.7191,-73.9973,clear,None,71,44,28
2024-06-24,LM-ATM-010,SoHo Broadway,40.7233,-74.002,clear,None,83,59,38
2024-06-24,LM-ATM-011,NoLiTa,40.7228,-73.9973,clear,None,71,48,29
2024-06-24,LM-ATM-012,Canal Street,40.719,-74.002,clear,None,82,42,24
2024-06-24,LM-ATM-013,World Trade Center,40.7116,-74.013,clear,None,159,45,31
2024-06-24,LM-ATM-014,Brookfield Place,40.7127,-74.0155,clear,None,125,40,23
2024-06-24,LM-ATM-015,Bowling Green,40.7047,-74.0141,clear,None,92,41,21
2024-06-24,LM-ATM-016,Staten Ferry Terminal,40.7013,-74.0132,clear,None,101,50,36
2024-06-24,LM-ATM-017,Essex Market,40.7193,-73.9874,clear,None,78,42,23
2024-06-24,LM-ATM-018,Houston Street,40.7282,-74.005,clear,None,87,47,28
2024-06-24,LM-ATM-019,Delancey Street,40.7188,-73.9885,clear,None,75,38,22
2024-06-24,LM-ATM-020,Pier 17,40.7058,-74.0027,clear,None,71,58,39
2024-06-25,LM-ATM-001,Battery Park,40.7033,-74.017,rain,None,75,41,24
2024-06-25,LM-ATM-002,Wall Street,40.7074,-74.0113,rain,None,128,33,14
2024-06-25,LM-ATM-003,Broad Street,40.7069,-74.0113,rain,None,101,23,11
2024-06-25,LM-ATM-004,Fulton Center,40.7103,-74.0076,rain,None,87,31,22
2024-06-25,LM-ATM-005,South Street Seaport,40.7069,-74.003,rain,None,72,50,33
2024-06-25,LM-ATM-006,Tribeca,40.7163,-74.0086,rain,None,70,27,15
2024-06-25,LM-ATM-007,City Hall,40.7128,-74.0059,rain,None,96,35,17
2024-06-25,LM-ATM-008,Chinatown,40.7158,-73.9973,rain,None,77,42,22
2024-06-25,LM-ATM-009,Little Italy,40.7191,-73.9973,rain,None,48,29,18
2024-06-25,LM-ATM-010,SoHo Broadway,40.7233,-74.002,rain,None,80,60,34
2024-06-25,LM-ATM-011,NoLiTa,40.7228,-73.9973,rain,None,45,30,17
2024-06-25,LM-ATM-012,Canal Street,40.719,-74.002,rain,None,88,46,28
2024-06-25,LM-ATM-013,World Trade Center,40.7116,-74.013,rain,None,113,37,21
2024-06-25,LM-ATM-014,Brookfield Place,40.7127,-74.0155,rain,None,115,45,23
2024-06-25,LM-ATM-015,Bowling Green,40.7047,-74.0141,rain,None,85,38,19
2024-06-25,LM-ATM-016,Staten Ferry Terminal,40.7013,-74.0132,rain,None,64,44,25
2024-06-25,LM-ATM-017,Essex Market,40.7193,-73.9874,rain,None,56,31,15
2024-06-25,LM-ATM-018,Houston Street,40.7282,-74.005,rain,None,62,33,21
2024-06-25,LM-ATM-019,Delancey Street,40.7188,-73.9885,rain,None,73,35,21
2024-06-25,LM-ATM-020,Pier 17,40.7058,-74.0027,rain,None,74,59,38
2024-06-26,LM-ATM-001,Battery Park,40.7033,-74.017,rain,None,54,35,19
2024-06-26,LM-ATM-002,Wall Street,40.7074,-74.0113,rain,None,132,33,13
2024-06-26,LM-ATM-003,Broad Street,40.7069,-74.0113,rain,None,118,33,14
2024-06-26,LM-ATM-004,Fulton Center,40.7103,-74.0076,rain,None,98,38,24
2024-06-26,LM-ATM-005,South Street Seaport,40.7069,-74.003,rain,None,67,38,25
2024-06-26,LM-ATM-006,Tribeca,40.7163,-74.0086,rain,None,73,24,13
2024-06-26,LM-ATM-007,City Hall,40.7128,-74.0059,rain,None,82,34,18
2024-06-26,LM-ATM-008,Chinatown,40.7158,-73.9973,rain,None,84,45,23
2024-06-26,LM-ATM-009,Little Italy,40.7191,-73.9973,rain,None,49,34,17
2024-06-26,LM-ATM-010,SoHo Broadway,40.7233,-74.002,rain,None,74,47,33
2024-06-26,LM-ATM-011,NoLiTa,40.7228,-73.9973,rain,None,53,29,18
2024-06-26,LM-ATM-012,Canal Street,40.719,-74.002,rain,None,86,48,26
2024-06-26,LM-ATM-013,World Trade Center,40.7116,-74.013,rain,None,107,41,22
2024-06-26,LM-ATM-014,Brookfield Place,40.7127,-74.0155,rain,None,92,33,18
2024-06-26,LM-ATM-015,Bowling Green,40.7047,-74.0141,rain,None,81,35,20
2024-06-26,LM-ATM-016,Staten Ferry Terminal,40.7013,-74.0132,rain,None,65,42,24
2024-06-26,LM-ATM-017,Essex Market,40.7193,-73.9874,rain,None,77,41,24
2024-06-26,LM-ATM-018,Houston Street,40.7282,-74.005,rain,None,57,31,22
2024-06-26,LM-ATM-019,Delancey Street,40.7188,-73.9885,rain,None,75,38,21
2024-06-26,LM-ATM-020,Pier 17,40.7058,-74.0027,rain,None,62,45,31
2024-06-27,LM-ATM-001,Battery Park,40.7033,-74.017,rain,None,62,37,20
2024-06-27,LM-ATM-002,Wall Street,40.7074,-74.0113,rain,None,111,23,12
2024-06-27,LM-ATM-003,Broad Street,40.7069,-74.0113,rain,None,100,19,13
2024-06-27,LM-ATM-004,Fulton Center,40.7103,-74.0076,rain,None,95,41,27
2024-06-27,LM-ATM-005,South Street Seaport,40.7069,-74.003,rain,None,60,42,25
2024-06-27,LM-ATM-006,Tribeca,40.7163,-74.0086,rain,None,75,30,16
2024-06-27,LM-ATM-007,City Hall,40.7128,-74.0059,rain,None,104,33,19
2024-06-27,LM-ATM-008,Chinatown,40.7158,-73.9973,rain,None,62,32,18
2024-06-27,LM-ATM-009,Little Italy,40.7191,-73.9973,rain,None,53,36,21
2024-06-27,LM-ATM-010,SoHo Broadway,40.7233,-74.002,rain,None,70,48,31
2024-06-27,LM-ATM-011,NoLiTa,40.7228,-73.9973,rain,None,49,31,19
2024-06-27,LM-ATM-012,Canal Street,40.719,-74.002,rain,None,87,47,29
2024-06-27,LM-ATM-013,World Trade Center,40.7116,-74.013,rain,None,105,45,23
2024-06-27,LM-ATM-014,Brookfield Place,40.7127,-74.0155,rain,None,88,36,17
2024-06-27,LM-ATM-015,Bowling Green,40.7047,-74.0141,rain,None,86,36,22
2024-06-27,LM-ATM-016,Staten Ferry Terminal,40.7013,-74.0132,rain,None,60,38,24
2024-06-27,LM-ATM-017,Essex Market,40.7193,-73.9874,rain,None,69,35,20
2024-06-27,LM-ATM-018,Houston Street,40.7282,-74.005,rain,None,75,36,22
2024-06-27,LM-ATM-019,Delancey Street,40.7188,-73.9885,rain,None,63,39,21
2024-06-27,LM-ATM-020,Pier 17,40.7058,-74.0027,rain,None,71,50,33
2024-06-28,LM-ATM-001,Battery Park,40.7033,-74.017,clear,None,85,50,28
2024-06-28,LM-ATM-002,Wall Street,40.7074,-74.0113,clear,None,145,34,18
2024-06-28,LM-ATM-003,Broad Street,40.7069,-74.0113,clear,None,133,41,20
2024-06-28,LM-ATM-004,Fulton Center,40.7103,-74.0076,clear,None,109,45,26
2024-06-28,LM-ATM-005,South Street Seaport,40.7069,-74.003,clear,None,90,58,39
2024-06-28,LM-ATM-006,Tribeca,40.7163,-74.0086,clear,None,90,32,19
2024-06-28,LM-ATM-007,City Hall,40.7128,-74.0059,clear,None,107,43,25
2024-06-28,LM-ATM-008,Chinatown,40.7158,-73.9973,clear,None,80,49,25
2024-06-28,LM-ATM-009,Little Italy,40.7191,-73.9973,clear,None,75,46,25
2024-06-28,LM-ATM-010,SoHo Broadway,40.7233,-74.002,clear,None,87,63,42
2024-06-28,LM-ATM-011,NoLiTa,40.7228,-73.9973,clear,None,73,47,25
2024-06-28,LM-ATM-012,Canal Street,40.719,-74.002,clear,None,87,43,28
2024-06-28,LM-ATM-013,World Trade Center,40.7116,-74.013,clear,None,117,38,22
2024-06-28,LM-ATM-014,Brookfield Place,40.7127,-74.0155,clear,None,127,39,22
2024-06-28,LM-ATM-015,Bowling Green,40.7047,-74.0141,clear,None,89,38,24
2024-06-28,LM-ATM-016,Staten Ferry Terminal,40.7013,-74.0132,clear,None,83,44,34
2024-06-28,LM-ATM-017,Essex Market,40.7193,-73.9874,clear,None,92,48,23
2024-06-28,LM-ATM-018,Houston Street,40.7282,-74.005,clear,None,71,41,24
2024-06-28,LM-ATM-019,Delancey Street,40.7188,-73.9885,clear,None,77,36,19
2024-06-28,LM-ATM-020,Pier 17,40.7058,-74.0027,clear,None,97,67,45
2024-06-29,LM-ATM-001,Battery Park,40.7033,-74.017,cloudy,None,71,53,29
2024-06-29,LM-ATM-002,Wall Street,40.7074,-74.0113,cloudy,None,80,24,11
2024-06-29,LM-ATM-003,Broad Street,40.7069,-74.0113,cloudy,None,100,31,14
2024-06-29,LM-ATM-004,Fulton Center,40.7103,-74.0076,cloudy,None,118,56,32
2024-06-29,LM-ATM-005,South Street Seaport,40.7069,-74.003,cloudy,None,66,56,32
2024-06-29,LM-ATM-006,Tribeca,40.7163,-74.0086,cloudy,None,91,46,24
2024-06-29,LM-ATM-007,City Hall,40.7128,-74.0059,cloudy,None,85,38,18
2024-06-29,LM-ATM-008,Chinatown,40.7158,-73.9973,cloudy,None,79,41,23
2024-06-29,LM-ATM-009,Little Italy,40.7191,-73.9973,cloudy,None,74,55,34
2024-06-29,LM-ATM-010,SoHo Broadway,40.7233,-74.002,cloudy,None,77,65,44
2024-06-29,LM-ATM-011,NoLiTa,40.7228,-73.9973,cloudy,None,60,42,22
2024-06-29,LM-ATM-012,Canal Street,40.719,-74.002,cloudy,None,102,67,36
2024-06-29,LM-ATM-013,World Trade Center,40.7116,-74.013,cloudy,None,118,52,32
2024-06-29,LM-ATM-014,Brookfield Place,40.7127,-74.0155,cloudy,None,87,34,19
2024-06-29,LM-ATM-015,Bowling Green,40.7047,-74.0141,cloudy,None,65,37,18
2024-06-29,LM-ATM-016,Staten Ferry Terminal,40.7013,-74.0132,cloudy,None,75,55,32
2024-06-29,LM-ATM-017,Essex Market,40.7193,-73.9874,cloudy,None,63,38,21
2024-06-29,LM-ATM-018,Houston Street,40.7282,-74.005,cloudy,None,61,42,26
2024-06-29,LM-ATM-019,Delancey Street,40.7188,-73.9885,cloudy,None,72,50,26
2024-06-29,LM-ATM-020,Pier 17,40.7058,-74.0027,cloudy,None,68,67,41
2024-06-30,LM-ATM-001,Battery Park,40.7033,-74.017,clear,None,61,46,27
2024-06-30,LM-ATM-002,Wall Street,40.7074,-74.0113,clear,None,94,28,14
2024-06-30,LM-ATM-003,Broad Street,40.7069,-74.0113,clear,None,97,37,16
2024-06-30,LM-ATM-004,Fulton Center,40.7103,-74.0076,clear,None,100,53,30
2024-06-30,LM-ATM-005,South Street Seaport,40.7069,-74.003,clear,None,86,66,35
2024-06-30,LM-ATM-006,Tribeca,40.7163,-74.0086,clear,None,75,29,16
2024-06-30,LM-ATM-007,City Hall,40.7128,-74.0059,clear,None,91,44,20
2024-06-30,LM-ATM-008,Chinatown,40.7158,-73.9973,clear,None,81,47,27
2024-06-30,LM-ATM-009,Little Italy,40.7191,-73.9973,clear,None,68,56,31
2024-06-30,LM-ATM-010,SoHo Broadway,40.7233,-74.002,clear,None,76,68,45
2024-06-30,LM-ATM-011,NoLiTa,40.7228,-73.9973,clear,None,74,53,31
2024-06-30,LM-ATM-012,Canal Street,40.719,-74.002,clear,None,86,50,29
2024-06-30,LM-ATM-013,World Trade Center,40.7116,-74.013,clear,None,124,56,29
2024-06-30,LM-ATM-014,Brookfield Place,40.7127,-74.0155,clear,None,106,45,24
2024-06-30,LM-ATM-015,Bowling Green,40.7047,-74.0141,clear,None,75,38,19
2024-06-30,LM-ATM-016,Staten Ferry Terminal,40.7013,-74.0132,clear,None,71,58,34
2024-06-30,LM-ATM-017,Essex Market,40.7193,-73.9874,clear,None,69,38,21
2024-06-30,LM-ATM-018,Houston Street,40.7282,-74.005,clear,None,78,56,31
2024-06-30,LM-ATM-019,Delancey Street,40.7188,-73.9885,clear,None,67,52,25
2024-06-30,LM-ATM-020,Pier 17,40.7058,-74.0027,clear,None,80,67,44
2024-07-01,LM-ATM-001,Battery Park,40.7033,-74.017,cloudy,None,71,47,24
2024-07-01,LM-ATM-002,Wall Street,40.7074,-74.0113,cloudy,None,135,34,16
2024-07-01,LM-ATM-003,Broad Street,40.7069,-74.0113,cloudy,None,154,38,16
2024-07-01,LM-ATM-004,Fulton Center,40.7103,-74.0076,cloudy,None,120,50,31
2024-07-01,LM-ATM-005,South Street Seaport,40.7069,-74.003,cloudy,None,88,58,40
2024-07-01,LM-ATM-006,Tribeca,40.7163,-74.0086,cloudy,None,79,34,17
2024-07-01,LM-ATM-007,City Hall,40.7128,-74.0059,cloudy,None,88,36,19
2024-07-01,LM-ATM-008,Chinatown,40.7158,-73.9973,cloudy,None,71,39,23
2024-07-01,LM-ATM-009,Little Italy,40.7191,-73.9973,cloudy,None,85,48,28
2024-07-01,LM-ATM-010,SoHo Broadway,40.7233,-74.002,cloudy,None,90,59,33
2024-07-01,LM-ATM-011,NoLiTa,40.7228,-73.9973,cloudy,None,69,44,30
2024-07-01,LM-ATM-012,Canal Street,40.719,-74.002,cloudy,None,96,49,27
2024-07-01,LM-ATM-013,World Trade Center,40.7116,-74.013,cloudy,None,148,50,28
2024-07-01,LM-ATM-014,Brookfield Place,40.7127,-74.0155,cloudy,None,102,40,20
2024-07-01,LM-ATM-015,Bowling Green,40.7047,-74.0141,cloudy,None,111,48,25
2024-07-01,LM-ATM-016,Staten Ferry Terminal,40.7013,-74.0132,cloudy,None,79,52,31
2024-07-01,LM-ATM-017,Essex Market,40.7193,-73.9874,cloudy,None,81,48,22
2024-07-01,LM-ATM-018,Houston Street,40.7282,-74.005,cloudy,None,81,48,27
2024-07-01,LM-ATM-019,Delancey Street,40.7188,-73.9885,cloudy,None,76,38,25
2024-07-01,LM-ATM-020,Pier 17,40.7058,-74.0027,cloudy,None,71,56,34
2024-07-02,LM-ATM-001,Battery Park,40.7033,-74.017,clear,None,80,47,29
2024-07-02,LM-ATM-002,Wall Street,40.7074,-74.0113,clear,None,157,35,19
2024-07-02,LM-ATM-003,Broad Street,40.7069,-74.0113,clear,None,117,25,13
2024-07-02,LM-ATM-004,Fulton Center,40.7103,-74.0076,clear,None,137,53,32
2024-07-02,LM-ATM-005,South Street Seaport,40.7069,-74.003,clear,None,90,61,40
2024-07-02,LM-ATM-006,Tribeca,40.7163,-74.0086,clear,None,89,32,15
2024-07-02,LM-ATM-007,City Hall,40.7128,-74.0059,clear,None,112,41,24
2024-07-02,LM-ATM-008,Chinatown,40.7158,-73.9973,clear,None,90,50,30
2024-07-02,LM-ATM-009,Little Italy,40.7191,-73.9973,clear,None,76,40,29
2024-07-02,LM-ATM-010,SoHo Broadway,40.7233,-74.002,clear,None,116,82,53
2024-07-02,LM-ATM-011,NoLiTa,40.7228,-73.9973,clear,None,60,35,21
2024-07-02,LM-ATM-012,Canal Street,40.719,-74.002,clear,None,88,45,27
2024-07-02,LM-ATM-013,World Trade Center,40.7116,-74.013,clear,None,163,58,32
2024-07-02,LM-ATM-014,Brookfield Place,40.7127,-74.0155,clear,None,135,48,23
2024-07-02,LM-ATM-015,Bowling Green,40.7047,-74.0141,clear,None,103,40,22
2024-07-02,LM-ATM-016,Staten Ferry Terminal,40.7013,-74.0132,clear,None,98,51,35
2024-07-02,LM-ATM-017,Essex Market,40.7193,-73.9874,clear,None,74,39,22
2024-07-02,LM-ATM-018,Houston Street,40.7282,-74.005,clear,None,85,46,28
2024-07-02,LM-ATM-019,Delancey Street,40.7188,-73.9885,clear,None,98,54,29
2024-07-02,LM-ATM-020,Pier 17,40.7058,-74.0027,clear,None,79,57,41
2024-07-03,LM-ATM-001,Battery Park,40.7033,-74.017,humid,None,61,36,21
2024-07-03,LM-ATM-002,Wall Street,40.7074,-74.0113,humid,None,135,34,15
2024-07-03,LM-ATM-003,Broad Street,40.7069,-74.0113,humid,None,120,35,16
2024-07-03,LM-ATM-004,Fulton Center,40.7103,-74.0076,humid,None,117,55,30
2024-07-03,LM-ATM-005,South Street Seaport,40.7069,-74.003,humid,None,74,52,34
2024-07-03,LM-ATM-006,Tribeca,40.7163,-74.0086,humid,None,72,25,13
2024-07-03,LM-ATM-007,City Hall,40.7128,-74.0059,humid,None,96,30,20
2024-07-03,LM-ATM-008,Chinatown,40.7158,-73.9973,humid,None,91,49,28
2024-07-03,LM-ATM-009,Little Italy,40.7191,-73.9973,humid,None,71,45,28
2024-07-03,LM-ATM-010,SoHo Broadway,40.7233,-74.002,humid,None,96,59,41
2024-07-03,LM-ATM-011,NoLiTa,40.7228,-73.9973,humid,None,66,41,23
2024-07-03,LM-ATM-012,Canal Street,40.719,-74.002,humid,None,106,53,34
2024-07-03,LM-ATM-013,World Trade Center,40.7116,-74.013,humid,None,137,40,24
2024-07-03,LM-ATM-014,Brookfield Place,40.7127,-74.0155,humid,None,115,40,25
2024-07-03,LM-ATM-015,Bowling Green,40.7047,-74.0141,humid,None,103,41,20
2024-07-03,LM-ATM-016,Staten Ferry Terminal,40.7013,-74.0132,humid,None,72,53,31
2024-07-03,LM-ATM-017,Essex Market,40.7193,-73.9874,humid,None,60,33,17
2024-07-03,LM-ATM-018,Houston Street,40.7282,-74.005,humid,None,80,46,31
2024-07-03,LM-ATM-019,Delancey Street,40.7188,-73.9885,humid,None,65,31,20
2024-07-03,LM-ATM-020,Pier 17,40.7058,-74.0027,humid,None,67,53,33
2024-07-04,LM-ATM-001,Battery Park,40.7033,-74.017,clear,Independence Day,95,69,40
2024-07-04,LM-ATM-002,Wall Street,40.7074,-74.0113,clear,Independence Day,167,58,29
2024-07-04,LM-ATM-003,Broad Street,40.7069,-74.0113,clear,Independence Day,181,68,35
2024-07-04,LM-ATM-004,Fulton Center,40.7103,-74.0076,clear,Independence Day,136,64,42
2024-07-04,LM-ATM-005,South Street Seaport,40.7069,-74.003,clear,Independence Day,83,77,51
2024-07-04,LM-ATM-006,Tribeca,40.7163,-74.0086,clear,Independence Day,117,53,34
2024-07-04,LM-ATM-007,City Hall,40.7128,-74.0059,clear,Independence Day,127,57,35
2024-07-04,LM-ATM-008,Chinatown,40.7158,-73.9973,clear,Independence Day,84,57,35
2024-07-04,LM-ATM-009,Little Italy,40.7191,-73.9973,clear,Independence Day,100,72,47
2024-07-04,LM-ATM-010,SoHo Broadway,40.7233,-74.002,clear,Independence Day,90,73,53
2024-07-04,LM-ATM-011,NoLiTa,40.7228,-73.9973,clear,Independence Day,75,59,37
2024-07-04,LM-ATM-012,Canal Street,40.719,-74.002,clear,Independence Day,115,66,40
2024-07-04,LM-ATM-013,World Trade Center,40.7116,-74.013,clear,Independence Day,152,60,38
2024-07-04,LM-ATM-014,Brookfield Place,40.7127,-74.0155,clear,Independence Day,164,70,38
2024-07-04,LM-ATM-015,Bowling Green,40.7047,-74.0141,clear,Independence Day,109,58,34
2024-07-04,LM-ATM-016,Staten Ferry Terminal,40.7013,-74.0132,clear,Independence Day,74,62,43
2024-07-04,LM-ATM-017,Essex Market,40.7193,-73.9874,clear,Independence Day,76,48,28
2024-07-04,LM-ATM-018,Houston Street,40.7282,-74.005,clear,Independence Day,99,70,45
2024-07-04,LM-ATM-019,Delancey Street,40.7188,-73.9885,clear,Independence Day,67,43,29
2024-07-04,LM-ATM-020,Pier 17,40.7058,-74.0027,clear,Independence Day,76,68,47
2024-07-05,LM-ATM-001,Battery Park,40.7033,-74.017,humid,None,68,40,22
2024-07-05,LM-ATM-002,Wall Street,40.7074,-74.0113,humid,None,135,31,14
2024-07-05,LM-ATM-003,Broad Street,40.7069,-74.0113,humid,None,150,35,14
2024-07-05,LM-ATM-004,Fulton Center,40.7103,-74.0076,humid,None,107,48,25
2024-07-05,LM-ATM-005,South Street Seaport,40.7069,-74.003,humid,None,98,57,38
2024-07-05,LM-ATM-006,Tribeca,40.7163,-74.0086,humid,None,75,31,15
2024-07-05,LM-ATM-007,City Hall,40.7128,-74.0059,humid,None,90,35,21
2024-07-05,LM-ATM-008,Chinatown,40.7158,-73.9973,humid,None,73,37,19
2024-07-05,LM-ATM-009,Little Italy,40.7191,-73.9973,humid,None,75,48,28
2024-07-05,LM-ATM-010,SoHo Broadway,40.7233,-74.002,humid,None,83,55,38
2024-07-05,LM-ATM-011,NoLiTa,40.7228,-73.9973,humid,None,75,44,27
2024-07-05,LM-ATM-012,Canal Street,40.719,-74.002,humid,None,85,43,28
2024-07-05,LM-ATM-013,World Trade Center,40.7116,-74.013,humid,None,138,55,25
2024-07-05,LM-ATM-014,Brookfield Place,40.7127,-74.0155,humid,None,112,39,23
2024-07-05,LM-ATM-015,Bowling Green,40.7047,-74.0141,humid,None,89,42,23
2024-07-05,LM-ATM-016,Staten Ferry Terminal,40.7013,-74.0132,humid,None,79,53,35
2024-07-05,LM-ATM-017,Essex Market,40.7193,-73.9874,humid,None,69,39,20
2024-07-05,LM-ATM-018,Houston Street,40.7282,-74.005,humid,None,73,35,22
2024-07-05,LM-ATM-019,Delancey Street,40.7188,-73.9885,humid,None,80,35,24
2024-07-05,LM-ATM-020,Pier 17,40.7058,-74.0027,humid,None,79,67,35
2024-07-06,LM-ATM-001,Battery Park,40.7033,-74.017,rain,None,72,55,29
2024-07-06,LM-ATM-002,Wall Street,40.7074,-74.0113,rain,None,108,34,16
2024-07-06,LM-ATM-003,Broad Street,40.7069,-74.0113,rain,None,95,35,14
2024-07-06,LM-ATM-004,Fulton Center,40.7103,-74.0076,rain,None,80,43,21
2024-07-06,LM-ATM-005,South Street Seaport,40.7069,-74.003,rain,None,69,55,32
2024-07-06,LM-ATM-006,Tribeca,40.7163,-74.0086,rain,None,65,27,14
2024-07-06,LM-ATM-007,City Hall,40.7128,-74.0059,rain,None,57,30,13
2024-07-06,LM-ATM-008,Chinatown,40.7158,-73.9973,rain,None,69,48,24
2024-07-06,LM-ATM-009,Little Italy,40.7191,-73.9973,rain,None,54,45,25
2024-07-06,LM-ATM-010,SoHo Broadway,40.7233,-74.002,rain,None,79,60,41
2024-07-06,LM-ATM-011,NoLiTa,40.7228,-73.9973,rain,None,55,38,23
2024-07-06,LM-ATM-012,Canal Street,40.719,-74.002,rain,None,63,37,23
2024-07-06,LM-ATM-013,World Trade Center,40.7116,-74.013,rain,None,107,45,24
2024-07-06,LM-ATM-014,Brookfield Place,40.7127,-74.0155,rain,None,86,38,19
2024-07-06,LM-ATM-015,Bowling Green,40.7047,-74.0141,rain,None,72,35,18
2024-07-06,LM-ATM-016,Staten Ferry Terminal,40.7013,-74.0132,rain,None,54,47,28
2024-07-06,LM-ATM-017,Essex Market,40.7193,-73.9874,rain,None,52,31,18
2024-07-06,LM-ATM-018,Houston Street,40.7282,-74.005,rain,None,71,50,28
2024-07-06,LM-ATM-019,Delancey Street,40.7188,-73.9885,rain,None,70,42,25
2024-07-06,LM-ATM-020,Pier 17,40.7058,-74.0027,rain,None,61,54,34
2024-07-07,LM-ATM-001,Battery Park,40.7033,-74.017,humid,None,70,47,30
2024-07-07,LM-ATM-002,Wall Street,40.7074,-74.0113,humid,None,92,26,14
2024-07-07,LM-ATM-003,Broad Street,40.7069,-74.0113,humid,None,93,29,15
2024-07-07,LM-ATM-004,Fulton Center,40.7103,-74.0076,humid,None,101,48,26
2024-07-07,LM-ATM-005,South Street Seaport,40.7069,-74.003,humid,None,59,47,29
2024-07-07,LM-ATM-006,Tribeca,40.7163,-74.0086,humid,None,77,31,18
2024-07-07,LM-ATM-007,City Hall,40.7128,-74.0059,humid,None,83,33,21
2024-07-07,LM-ATM-008,Chinatown,40.7158,-73.9973,humid,None,72,39,20
2024-07-07,LM-ATM-009,Little Italy,40.7191,-73.9973,humid,None,62,44,26
2024-07-07,LM-ATM-010,SoHo Broadway,40.7233,-74.002,humid,None,83,65,46
2024-07-07,LM-ATM-011,NoLiTa,40.7228,-73.9973,humid,None,68,45,28
2024-07-07,LM-ATM-012,Canal Street,40.719,-74.002,humid,None,90,55,32
2024-07-07,LM-ATM-013,World Trade Center,40.7116,-74.013,humid,None,108,50,25
2024-07-07,LM-ATM-014,Brookfield Place,40.7127,-74.0155,humid,None,102,49,21
2024-07-07,LM-ATM-015,Bowling Green,40.7047,-74.0141,humid,None,94,46,26
2024-07-07,LM-ATM-016,Staten Ferry Terminal,40.7013,-74.0132,humid,None,81,60,39
2024-07-07,LM-ATM-017,Essex Market,40.7193,-73.9874,humid,None,71,41,21
2024-07-07,LM-ATM-018,Houston Street,40.7282,-74.005,humid,None,75,45,30
2024-07-07,LM-ATM-019,Delancey Street,40.7188,-73.9885,humid,None,78,47,27
2024-07-07,LM-ATM-020,Pier 17,40.7058,-74.0027,humid,None,71,55,41
2024-07-08,LM-ATM-001,Battery Park,40.7033,-74.017,clear,None,85,45,26
2024-07-08,LM-ATM-002,Wall Street,40.7074,-74.0113,clear,None,145,38,18
2024-07-08,LM-ATM-003,Broad Street,40.7069,-74.0113,clear,None,137,42,17
2024-07-08,LM-ATM-004,Fulton Center,40.7103,-74.0076,clear,None,136,66,33
2024-07-08,LM-ATM-005,South Street Seaport,40.7069,-74.003,clear,None,89,67,40
2024-07-08,LM-ATM-006,Tribeca,40.7163,-74.0086,clear,None,86,39,17
2024-07-08,LM-ATM-007,City Hall,40.7128,-74.0059,clear,None,108,43,21
2024-07-08,LM-ATM-008,Chinatown,40.7158,-73.9973,clear,None,88,47,25
2024-07-08,LM-ATM-009,Little Italy,40.7191,-73.9973,clear,None,86,42,29
2024-07-08,LM-ATM-010,SoHo Broadway,40.7233,-74.002,clear,None,89,56,40
2024-07-08,LM-ATM-011,NoLiTa,40.7228,-73.9973,clear,None,66,45,23
2024-07-08,LM-ATM-012,Canal Street,40.719,-74.002,clear,None,125,67,38
2024-07-08,LM-ATM-013,World Trade Center,40.7116,-74.013,clear,None,136,51,27
2024-07-08,LM-ATM-014,Brookfield Place,40.7127,-74.0155,clear,None,126,36,23
2024-07-08,LM-ATM-015,Bowling Green,40.7047,-74.0141,clear,None,114,37,22
2024-07-08,LM-ATM-016,Staten Ferry Terminal,40.7013,-74.0132,clear,None,95,57,36
2024-07-08,LM-ATM-017,Essex Market,40.7193,-73.9874,clear,None,92,47,24
2024-07-08,LM-ATM-018,Houston Street,40.7282,-74.005,clear,None,86,54,26
2024-07-08,LM-ATM-019,Delancey Street,40.7188,-73.9885,clear,None,93,55,30
2024-07-08,LM-ATM-020,Pier 17,40.7058,-74.0027,clear,None,64,46,31
2024-07-09,LM-ATM-001,Battery Park,40.7033,-74.017,cloudy,None,77,39,25
2024-07-09,LM-ATM-002,Wall Street,40.7074,-74.0113,cloudy,None,130,31,15
2024-07-09,LM-ATM-003,Broad Street,40.7069,-74.0113,cloudy,None,97,27,12
2024-07-09,LM-ATM-004,Fulton Center,40.7103,-74.0076,cloudy,None,114,41,26
2024-07-09,LM-ATM-005,South Street Seaport,40.7069,-74.003,cloudy,None,70,42,29
2024-07-09,LM-ATM-006,Tribeca,40.7163,-74.0086,cloudy,None,88,37,19
2024-07-09,LM-ATM-007,City Hall,40.7128,-74.0059,cloudy,None,91,32,18
2024-07-09,LM-ATM-008,Chinatown,40.7158,-73.9973,cloudy,None,87,38,28
2024-07-09,LM-ATM-009,Little Italy,40.7191,-73.9973,cloudy,None,72,45,31
2024-07-09,LM-ATM-010,SoHo Broadway,40.7233,-74.002,cloudy,None,61,48,34
2024-07-09,LM-ATM-011,NoLiTa,40.7228,-73.9973,cloudy,None,80,52,29
2024-07-09,LM-ATM-012,Canal Street,40.719,-74.002,cloudy,None,108,51,32
2024-07-09,LM-ATM-013,World Trade Center,40.7116,-74.013,cloudy,None,129,45,26
2024-07-09,LM-ATM-014,Brookfield Place,40.7127,-74.0155,cloudy,None,140,55,30
2024-07-09,LM-ATM-015,Bowling Green,40.7047,-74.0141,cloudy,None,115,46,23
2024-07-09,LM-ATM-016,Staten Ferry Terminal,40.7013,-74.0132,cloudy,None,83,50,32
2024-07-09,LM-ATM-017,Essex Market,40.7193,-73.9874,cloudy,None,74,38,20
2024-07-09,LM-ATM-018,Houston Street,40.7282,-74.005,cloudy,None,88,52,32
2024-07-09,LM-ATM-019,Delancey Street,40.7188,-73.9885,cloudy,None,82,45,25
2024-07-09,LM-ATM-020,Pier 17,40.7058,-74.0027,cloudy,None,104,66,49
2024-07-10,LM-ATM-001,Battery Park,40.7033,-74.017,rain,None,51,33,18
2024-07-10,LM-ATM-002,Wall Street,40.7074,-74.0113,rain,None,109,22,11
2024-07-10,LM-ATM-003,Broad Street,40.7069,-74.0113,rain,None,106,17,11
2024-07-10,LM-ATM-004,Fulton Center,40.7103,-74.0076,rain,None,85,33,22
2024-07-10,LM-ATM-005,South Street Seaport,40.7069,-74.003,rain,None,84,48,31
2024-07-10,LM-ATM-006,Tribeca,40.7163,-74.0086,rain,None,78,30,16
2024-07-10,LM-ATM-007,City Hall,40.7128,-74.0059,rain,None,80,29,16
2024-07-10,LM-ATM-008,Chinatown,40.7158,-73.9973,rain,None,90,50,25
2024-07-10,LM-ATM-009,Little Italy,40.7191,-73.9973,rain,None,61,35,23
2024-07-10,LM-ATM-010,SoHo Broadway,40.7233,-74.002,rain,None,65,47,31
2024-07-10,LM-ATM-011,NoLiTa,40.7228,-73.9973,rain,None,57,37,20
2024-07-10,LM-ATM-012,Canal Street,40.719,-74.002,rain,None,92,49,29
2024-07-10,LM-ATM-013,World Trade Center,40.7116,-74.013,rain,None,102,42,26
2024-07-10,LM-ATM-014,Brookfield Place,40.7127,-74.0155,rain,None,115,38,23
2024-07-10,LM-ATM-015,Bowling Green,40.7047,-74.0141,rain,None,100,41,23
2024-07-10,LM-ATM-016,Staten Ferry Terminal,40.7013,-74.0132,rain,None,54,34,21
2024-07-10,LM-ATM-017,Essex Market,40.7193,-73.9874,rain,None,75,37,24
2024-07-10,LM-ATM-018,Houston Street,40.7282,-74.005,rain,None,69,39,20
2024-07-10,LM-ATM-019,Delancey Street,40.7188,-73.9885,rain,None,63,39,21
2024-07-10,LM-ATM-020,Pier 17,40.7058,-74.0027,rain,None,56,40,25
2024-07-11,LM-ATM-001,Battery Park,40.7033,-74.017,clear,None,83,44,27
2024-07-11,LM-ATM-002,Wall Street,40.7074,-74.0113,clear,None,137,32,15
2024-07-11,LM-ATM-003,Broad Street,40.7069,-74.0113,clear,None,129,33,18
2024-07-11,LM-ATM-004,Fulton Center,40.7103,-74.0076,clear,None,145,51,30
2024-07-11,LM-ATM-005,South Street Seaport,40.7069,-74.003,clear,None,83,61,35
2024-07-11,LM-ATM-006,Tribeca,40.7163,-74.0086,clear,None,79,29,14
2024-07-11,LM-ATM-007,City Hall,40.7128,-74.0059,clear,None,111,38,27
2024-07-11,LM-ATM-008,Chinatown,40.7158,-73.9973,clear,None,87,46,27
2024-07-11,LM-ATM-009,Little Italy,40.7191,-73.9973,clear,None,77,40,26
2024-07-11,LM-ATM-010,SoHo Broadway,40.7233,-74.002,clear,None,89,58,45
2024-07-11,LM-ATM-011,NoLiTa,40.7228,-73.9973,clear,None,64,44,26
2024-07-11,LM-ATM-012,Canal Street,40.719,-74.002,clear,None,98,49,29
2024-07-11,LM-ATM-013,World Trade Center,40.7116,-74.013,clear,None,151,45,29
2024-07-11,LM-ATM-014,Brookfield Place,40.7127,-74.0155,clear,None,138,56,27
2024-07-11,LM-ATM-015,Bowling Green,40.7047,-74.0141,clear,None,94,44,24
2024-07-11,LM-ATM-016,Staten Ferry Terminal,40.7013,-74.0132,clear,None,78,51,31
2024-07-11,LM-ATM-017,Essex Market,40.7193,-73.9874,clear,None,86,42,22
2024-07-11,LM-ATM-018,Houston Street,40.7282,-74.005,clear,None,88,49,30
2024-07-11,LM-ATM-019,Delancey Street,40.7188,-73.9885,clear,None,90,40,22
2024-07-11,LM-ATM-020,Pier 17,40.7058,-74.0027,clear,None,84,66,38
2024-07-12,LM-ATM-001,Battery Park,40.7033,-74.017,cloudy,None,75,43,27
2024-07-12,LM-ATM-002,Wall Street,40.7074,-74.0113,cloudy,None,154,39,18
2024-07-12,LM-ATM-003,Broad Street,40.7069,-74.0113,cloudy,None,133,38,17
2024-07-12,LM-ATM-004,Fulton Center,40.7103,-74.0076,cloudy,None,90,44,21
2024-07-12,LM-ATM-005,South Street Seaport,40.7069,-74.003,cloudy,None,65,42,31
2024-07-12,LM-ATM-006,Tribeca,40.7163,-74.0086,cloudy,None,92,35,18
2024-07-12,LM-ATM-007,City Hall,40.7128,-74.0059,cloudy,None,105,32,21
2024-07-12,LM-ATM-008,Chinatown,40.7158,-73.9973,cloudy,None,91,53,30
2024-07-12,LM-ATM-009,Little Italy,40.7191,-73.9973,cloudy,None,77,41,26
2024-07-12,LM-ATM-010,SoHo Broadway,40.7233,-74.002,cloudy,None,90,56,38
2024-07-12,LM-ATM-011,NoLiTa,40.7228,-73.9973,cloudy,None,71,43,23
2024-07-12,LM-ATM-012,Canal Street,40.719,-74.002,cloudy,None,76,42,23
2024-07-12,LM-ATM-013,World Trade Center,40.7116,-74.013,cloudy,None,114,38,21
2024-07-12,LM-ATM-014,Brookfield Place,40.7127,-74.0155,cloudy,None,155,51,23
2024-07-12,LM-ATM-015,Bowling Green,40.7047,-74.0141,cloudy,None,109,43,25
2024-07-12,LM-ATM-016,Staten Ferry Terminal,40.7013,-74.0132,cloudy,None,66,46,26
2024-07-12,LM-ATM-017,Essex Market,40.7193,-73.9874,cloudy,None,68,32,20
2024-07-12,LM-ATM-018,Houston Street,40.7282,-74.005,cloudy,None,92,46,34
2024-07-12,LM-ATM-019,Delancey Street,40.7188,-73.9885,cloudy,None,63,34,19
2024-07-12,LM-ATM-020,Pier 17,40.7058,-74.0027,cloudy,None,71,45,37
2024-07-13,LM-ATM-001,Battery Park,40.7033,-74.017,humid,None,81,53,29
2024-07-13,LM-ATM-002,Wall Street,40.7074,-74.0113,humid,None,110,30,13
2024-07-13,LM-ATM-003,Broad Street,40.7069,-74.0113,humid,None,82,28,12
2024-07-13,LM-ATM-004,Fulton Center,40.7103,-74.0076,humid,None,92,42,24
2024-07-13,LM-ATM-005,South Street Seaport,40.7069,-74.003,humid,None,66,59,32
2024-07-13,LM-ATM-006,Tribeca,40.7163,-74.0086,humid,None,88,35,19
2024-07-13,LM-ATM-007,City Hall,40.7128,-74.0059,humid,None,69,32,19
2024-07-13,LM-ATM-008,Chinatown,40.7158,-73.9973,humid,None,90,56,28
2024-07-13,LM-ATM-009,Little Italy,40.7191,-73.9973,humid,None,70,56,32
2024-07-13,LM-ATM-010,SoHo Broadway,40.7233,-74.002,humid,None,71,56,35
2024-07-13,LM-ATM-011,NoLiTa,40.7228,-73.9973,humid,None,73,55,28
2024-07-13,LM-ATM-012,Canal Street,40.719,-74.002,humid,None,69,45,28
2024-07-13,LM-ATM-013,World Trade Center,40.7116,-74.013,humid,None,118,54,28
2024-07-13,LM-ATM-014,Brookfield Place,40.7127,-74.0155,humid,None,125,58,27
2024-07-13,LM-ATM-015,Bowling Green,40.7047,-74.0141,humid,None,82,39,20
2024-07-13,LM-ATM-016,Staten Ferry Terminal,40.7013,-74.0132,humid,None,87,67,39
2024-07-13,LM-ATM-017,Essex Market,40.7193,-73.9874,humid,None,55,33,16
2024-07-13,LM-ATM-018,Houston Street,40.7282,-74.005,humid,None,80,54,29
2024-07-13,LM-ATM-019,Delancey Street,40.7188,-73.9885,humid,None,64,39,24
2024-07-13,LM-ATM-020,Pier 17,40.7058,-74.0027,humid,None,67,56,36
2024-07-14,LM-ATM-001,Battery Park,40.7033,-74.017,thunderstorm,None,36,28,15
2024-07-14,LM-ATM-002,Wall Street,40.7074,-74.0113,thunderstorm,None,62,29,10
2024-07-14,LM-ATM-003,Broad Street,40.7069,-74.0113,thunderstorm,None,61,25,12
2024-07-14,LM-ATM-004,Fulton Center,40.7103,-74.0076,thunderstorm,None,75,36,18
2024-07-14,LM-ATM-005,South Street Seaport,40.7069,-74.003,thunderstorm,None,51,51,28
2024-07-14,LM-ATM-006,Tribeca,40.7163,-74.0086,thunderstorm,None,56,29,14
2024-07-14,LM-ATM-007,City Hall,40.7128,-74.0059,thunderstorm,None,50,28,14
2024-07-14,LM-ATM-008,Chinatown,40.7158,-73.9973,thunderstorm,None,50,31,15
2024-07-14,LM-ATM-009,Little Italy,40.7191,-73.9973,thunderstorm,None,40,36,20
2024-07-14,LM-ATM-010,SoHo Broadway,40.7233,-74.002,thunderstorm,None,43,39,26
2024-07-14,LM-ATM-011,NoLiTa,40.7228,-73.9973,thunderstorm,None,41,34,20
2024-07-14,LM-ATM-012,Canal Street,40.719,-74.002,thunderstorm,None,54,39,22
2024-07-14,LM-ATM-013,World Trade Center,40.7116,-74.013,thunderstorm,None,76,37,22
2024-07-14,LM-ATM-014,Brookfield Place,40.7127,-74.0155,thunderstorm,None,75,38,18
2024-07-14,LM-ATM-015,Bowling Green,40.7047,-74.0141,thunderstorm,None,58,35,15
2024-07-14,LM-ATM-016,Staten Ferry Terminal,40.7013,-74.0132,thunderstorm,None,59,50,29
2024-07-14,LM-ATM-017,Essex Market,40.7193,-73.9874,thunderstorm,None,52,35,21
2024-07-14,LM-ATM-018,Houston Street,40.7282,-74.005,thunderstorm,None,49,37,18
2024-07-14,LM-ATM-019,Delancey Street,40.7188,-73.9885,thunderstorm,None,49,32,17
2024-07-14,LM-ATM-020,Pier 17,40.7058,-74.0027,thunderstorm,None,51,51,32
2024-07-15,LM-ATM-001,Battery Park,40.7033,-74.017,rain,None,69,44,25
2024-07-15,LM-ATM-002,Wall Street,40.7074,-74.0113,rain,None,138,32,16
2024-07-15,LM-ATM-003,Broad Street,40.7069,-74.0113,rain,None,101,27,15
2024-07-15,LM-ATM-004,Fulton Center,40.7103,-74.0076,rain,None,114,47,29
2024-07-15,LM-ATM-005,South Street Seaport,40.7069,-74.003,rain,None,79,57,32
2024-07-15,LM-ATM-006,Tribeca,40.7163,-74.0086,rain,None,80,27,16
2024-07-15,LM-ATM-007,City Hall,40.7128,-74.0059,rain,None,68,27,14
2024-07-15,LM-ATM-008,Chinatown,40.7158,-73.9973,rain,None,97,44,25
2024-07-15,LM-ATM-009,Little Italy,40.7191,-73.9973,rain,None,58,35,24
2024-07-15,LM-ATM-010,SoHo Broadway,40.7233,-74.002,rain,None,72,45,30
2024-07-15,LM-ATM-011,NoLiTa,40.7228,-73.9973,rain,None,62,40,24
2024-07-15,LM-ATM-012,Canal Street,40.719,-74.002,rain,None,69,40,19
2024-07-15,LM-ATM-013,World Trade Center,40.7116,-74.013,rain,None,127,42,25
2024-07-15,LM-ATM-014,Brookfield Place,40.7127,-74.0155,rain,None,113,36,22
2024-07-15,LM-ATM-015,Bowling Green,40.7047,-74.0141,rain,None,108,36,19
2024-07-15,LM-ATM-016,Staten Ferry Terminal,40.7013,-74.0132,rain,None,63,38,23
2024-07-15,LM-ATM-017,Essex Market,40.7193,-73.9874,rain,None,68,36,20
2024-07-15,LM-ATM-018,Houston Street,40.7282,-74.005,rain,None,69,38,22
2024-07-15,LM-ATM-019,Delancey Street,40.7188,-73.9885,rain,None,57,31,18
2024-07-15,LM-ATM-020,Pier 17,40.7058,-74.0027,rain,None,49,39,29
2024-07-16,LM-ATM-001,Battery Park,40.7033,-74.017,humid,None,67,41,26
2024-07-16,LM-ATM-002,Wall Street,40.7074,-74.0113,humid,None,149,29,12
2024-07-16,LM-ATM-003,Broad Street,40.7069,-74.0113,humid,None,111,24,15
2024-07-16,LM-ATM-004,Fulton Center,40.7103,-74.0076,humid,None,133,47,28
2024-07-16,LM-ATM-005,South Street Seaport,40.7069,-74.003,humid,None,79,57,36
2024-07-16,LM-ATM-006,Tribeca,40.7163,-74.0086,humid,None,100,34,21
2024-07-16,LM-ATM-007,City Hall,40.7128,-74.0059,humid,None,72,26,15
2024-07-16,LM-ATM-008,Chinatown,40.7158,-73.9973,humid,None,97,46,26
2024-07-16,LM-ATM-009,Little Italy,40.7191,-73.9973,humid,None,58,43,22
2024-07-16,LM-ATM-010,SoHo Broadway,40.7233,-74.002,humid,None,68,47,30
2024-07-16,LM-ATM-011,NoLiTa,40.7228,-73.9973,humid,None,61,43,23
2024-07-16,LM-ATM-012,Canal Street,40.719,-74.002,humid,None,83,42,25
2024-07-16,LM-ATM-013,World Trade Center,40.7116,-74.013,humid,None,130,49,24
2024-07-16,LM-ATM-014,Brookfield Place,40.7127,-74.0155,humid,None,107,40,22
2024-07-16,LM-ATM-015,Bowling Green,40.7047,-74.0141,humid,None,113,38,23
2024-07-16,LM-ATM-016,Staten Ferry Terminal,40.7013,-74.0132,humid,None,73,52,32
2024-07-16,LM-ATM-017,Essex Market,40.7193,-73.9874,humid,None,81,46,25
2024-07-16,LM-ATM-018,Houston Street,40.7282,-74.005,humid,None,81,44,26
2024-07-16,LM-ATM-019,Delancey Street,40.7188,-73.9885,humid,None,73,36,21
2024-07-16,LM-ATM-020,Pier 17,40.7058,-74.0027,humid,None,72,51,35
2024-07-17,LM-ATM-001,Battery Park,40.7033,-74.017,humid,None,77,45,27
2024-07-17,LM-ATM-002,Wall Street,40.7074,-74.0113,humid,None,132,30,18
2024-07-17,LM-ATM-003,Broad Street,40.7069,-74.0113,humid,None,119,28,18
2024-07-17,LM-ATM-004,Fulton Center,40.7103,-74.0076,humid,None,125,58,32
2024-07-17,LM-ATM-005,South Street Seaport,40.7069,-74.003,humid,None,84,50,38
2024-07-17,LM-ATM-006,Tribeca,40.7163,-74.0086,humid,None,75,32,16
2024-07-17,LM-ATM-007,City Hall,40.7128,-74.0059,humid,None,84,33,18
2024-07-17,LM-ATM-008,Chinatown,40.7158,-73.9973,humid,None,77,37,19
2024-07-17,LM-ATM-009,Little Italy,40.7191,-73.9973,humid,None,92,55,35
2024-07-17,LM-ATM-010,SoHo Broadway,40.7233,-74.002,humid,None,77,53,34
2024-07-17,LM-ATM-011,NoLiTa,40.7228,-73.9973,humid,None,68,44,27
2024-07-17,LM-ATM-012,Canal Street,40.719,-74.002,humid,None,84,45,24
2024-07-17,LM-ATM-013,World Trade Center,40.7116,-74.013,humid,None,126,37,22
2024-07-17,LM-ATM-014,Brookfield Place,40.7127,-74.0155,humid,None,110,45,23
2024-07-17,LM-ATM-015,Bowling Green,40.7047,-74.0141,humid,None,89,37,21
2024-07-17,LM-ATM-016,Staten Ferry Terminal,40.7013,-74.0132,humid,None,61,36,27
2024-07-17,LM-ATM-017,Essex Market,40.7193,-73.9874,humid,None,60,29,19
2024-07-17,LM-ATM-018,Houston Street,40.7282,-74.005,humid,None,69,36,21
2024-07-17,LM-ATM-019,Delancey Street,40.7188,-73.9885,humid,None,90,48,28
2024-07-17,LM-ATM-020,Pier 17,40.7058,-74.0027,humid,None,67,46,32
2024-07-18,LM-ATM-001,Battery Park,40.7033,-74.017,humid,None,74,43,29
2024-07-18,LM-ATM-002,Wall Street,40.7074,-74.0113,humid,None,154,33,14
2024-07-18,LM-ATM-003,Broad Street,40.7069,-74.0113,humid,None,111,26,13
2024-07-18,LM-ATM-004,Fulton Center,40.7103,-74.0076,humid,None,90,35,27
2024-07-18,LM-ATM-005,South Street Seaport,40.7069,-74.003,humid,None,93,58,36
2024-07-18,LM-ATM-006,Tribeca,40.7163,-74.0086,humid,None,87,29,17
2024-07-18,LM-ATM-007,City Hall,40.7128,-74.0059,humid,None,85,30,18
2024-07-18,LM-ATM-008,Chinatown,40.7158,-73.9973,humid,None,91,49,25
2024-07-18,LM-ATM-009,Little Italy,40.7191,-73.9973,humid,None,78,48,31
2024-07-18,LM-ATM-010,SoHo Broadway,40.7233,-74.002,humid,None,87,56,36
2024-07-18,LM-ATM-011,NoLiTa,40.7228,-73.9973,humid,None,56,36,21
2024-07-18,LM-ATM-012,Canal Street,40.719,-74.002,humid,None,72,43,23
2024-07-18,LM-ATM-013,World Trade Center,40.7116,-74.013,humid,None,115,43,26
2024-07-18,LM-ATM-014,Brookfield Place,40.7127,-74.0155,humid,None,128,48,26
2024-07-18,LM-ATM-015,Bowling Green,40.7047,-74.0141,humid,None,74,37,17
2024-07-18,LM-ATM-016,Staten Ferry Terminal,40.7013,-74.0132,humid,None,101,64,38
2024-07-18,LM-ATM-017,Essex Market,40.7193,-73.9874,humid,None,76,33,22
2024-07-18,LM-ATM-018,Houston Street,40.7282,-74.005,humid,None,74,43,24
2024-07-18,LM-ATM-019,Delancey Street,40.7188,-73.9885,humid,None,69,34,24
2024-07-18,LM-ATM-020,Pier 17,40.7058,-74.0027,humid,None,60,46,28
2024-07-19,LM-ATM-001,Battery Park,40.7033,-74.017,clear,None,72,42,24
2024-07-19,LM-ATM-002,Wall Street,40.7074,-74.0113,clear,None,145,41,16
2024-07-19,LM-ATM-003,Broad Street,40.7069,-74.0113,clear,None,122,32,14
2024-07-19,LM-ATM-004,Fulton Center,40.7103,-74.0076,clear,None,131,58,35
2024-07-19,LM-ATM-005,South Street Seaport,40.7069,-74.003,clear,None,119,74,47
2024-07-19,LM-ATM-006,Tribeca,40.7163,-74.0086,clear,None,108,38,20
2024-07-19,LM-ATM-007,City Hall,40.7128,-74.0059,clear,None,113,36,26
2024-07-19,LM-ATM-008,Chinatown,40.7158,-73.9973,clear,None,89,44,27
2024-07-19,LM-ATM-009,Little Italy,40.7191,-73.9973,clear,None,74,46,27
2024-07-19,LM-ATM-010,SoHo Broadway,40.7233,-74.002,clear,None,95,60,46
2024-07-19,LM-ATM-011,NoLiTa,40.7228,-73.9973,clear,None,61,39,23
2024-07-19,LM-ATM-012,Canal Street,40.719,-74.002,clear,None,105,48,32
2024-07-19,LM-ATM-013,World Trade Center,40.7116,-74.013,clear,None,169,53,28
2024-07-19,LM-ATM-014,Brookfield Place,40.7127,-74.0155,clear,None,136,49,24
2024-07-19,LM-ATM-015,Bowling Green,40.7047,-74.0141,clear,None,102,41,24
2024-07-19,LM-ATM-016,Staten Ferry Terminal,40.7013,-74.0132,clear,None,82,57,38
2024-07-19,LM-ATM-017,Essex Market,40.7193,-73.9874,clear,None,94,48,25
2024-07-19,LM-ATM-018,Houston Street,40.7282,-74.005,clear,None,79,47,29
2024-07-19,LM-ATM-019,Delancey Street,40.7188,-73.9885,clear,None,80,44,29
2024-07-19,LM-ATM-020,Pier 17,40.7058,-74.0027,clear,None,74,52,34
2024-07-20,LM-ATM-001,Battery Park,40.7033,-74.017,cloudy,None,91,65,38
2024-07-20,LM-ATM-002,Wall Street,40.7074,-74.0113,cloudy,None,84,22,11
2024-07-20,LM-ATM-003,Broad Street,40.7069,-74.0113,cloudy,None,114,37,19
2024-07-20,LM-ATM-004,Fulton Center,40.7103,-74.0076,cloudy,None,101,56,27
2024-07-20,LM-ATM-005,South Street Seaport,40.7069,-74.003,cloudy,None,78,53,33
2024-07-20,LM-ATM-006,Tribeca,40.7163,-74.0086,cloudy,None,62,27,15
2024-07-20,LM-ATM-007,City Hall,40.7128,-74.0059,cloudy,None,79,33,19
2024-07-20,LM-ATM-008,Chinatown,40.7158,-73.9973,cloudy,None,89,58,29
2024-07-20,LM-ATM-009,Little Italy,40.7191,-73.9973,cloudy,None,66,50,28
2024-07-20,LM-ATM-010,SoHo Broadway,40.7233,-74.002,cloudy,None,81,71,47
2024-07-20,LM-ATM-011,NoLiTa,40.7228,-73.9973,cloudy,None,70,44,24
2024-07-20,LM-ATM-012,Canal Street,40.719,-74.002,cloudy,None,109,69,35
2024-07-20,LM-ATM-013,World Trade Center,40.7116,-74.013,cloudy,None,87,37,23
2024-07-20,LM-ATM-014,Brookfield Place,40.7127,-74.0155,cloudy,None,111,45,26
2024-07-20,LM-ATM-015,Bowling Green,40.7047,-74.0141,cloudy,None,85,43,21
2024-07-20,LM-ATM-016,Staten Ferry Terminal,40.7013,-74.0132,cloudy,None,83,64,37
2024-07-20,LM-ATM-017,Essex Market,40.7193,-73.9874,cloudy,None,61,33,19
2024-07-20,LM-ATM-018,Houston Street,40.7282,-74.005,cloudy,None,66,47,30
2024-07-20,LM-ATM-019,Delancey Street,40.7188,-73.9885,cloudy,None,63,47,21
2024-07-20,LM-ATM-020,Pier 17,40.7058,-74.0027,cloudy,None,86,70,41
2024-07-21,LM-ATM-001,Battery Park,40.7033,-74.017,clear,None,63,49,26
2024-07-21,LM-ATM-002,Wall Street,40.7074,-74.0113,clear,None,115,40,14
2024-07-21,LM-ATM-003,Broad Street,40.7069,-74.0113,clear,None,105,30,15
2024-07-21,LM-ATM-004,Fulton Center,40.7103,-74.0076,clear,None,127,67,33
2024-07-21,LM-ATM-005,South Street Seaport,40.7069,-74.003,clear,None,87,69,38
2024-07-21,LM-ATM-006,Tribeca,40.7163,-74.0086,clear,None,72,30,16
2024-07-21,LM-ATM-007,City Hall,40.7128,-74.0059,clear,None,100,44,22
2024-07-21,LM-ATM-008,Chinatown,40.7158,-73.9973,clear,None,107,70,34
2024-07-21,LM-ATM-009,Little Italy,40.7191,-73.9973,clear,None,82,64,32
2024-07-21,LM-ATM-010,SoHo Broadway,40.7233,-74.002,clear,None,80,69,50
2024-07-21,LM-ATM-011,NoLiTa,40.7228,-73.9973,clear,None,60,45,24
2024-07-21,LM-ATM-012,Canal Street,40.719,-74.002,clear,None,119,66,42
2024-07-21,LM-ATM-013,World Trade Center,40.7116,-74.013,clear,None,107,48,27
2024-07-21,LM-ATM-014,Brookfield Place,40.7127,-74.0155,clear,None,104,52,29
2024-07-21,LM-ATM-015,Bowling Green,40.7047,-74.0141,clear,None,77,36,19
2024-07-21,LM-ATM-016,Staten Ferry Terminal,40.7013,-74.0132,clear,None,70,49,28
2024-07-21,LM-ATM-017,Essex Market,40.7193,-73.9874,clear,None,80,49,28
2024-07-21,LM-ATM-018,Houston Street,40.7282,-74.005,clear,None,86,56,30
2024-07-21,LM-ATM-019,Delancey Street,40.7188,-73.9885,clear,None,72,47,28
2024-07-21,LM-ATM-020,Pier 17,40.7058,-74.0027,clear,None,73,64,37
2024-07-22,LM-ATM-001,Battery Park,40.7033,-74.017,clear,None,79,52,28
2024-07-22,LM-ATM-002,Wall Street,40.7074,-74.0113,clear,None,166,42,15
2024-07-22,LM-ATM-003,Broad Street,40.7069,-74.0113,clear,None,139,51,14
2024-07-22,LM-ATM-004,Fulton Center,40.7103,-74.0076,clear,None,145,62,36
2024-07-22,LM-ATM-005,South Street Seaport,40.7069,-74.003,clear,None,83,55,38
2024-07-22,LM-ATM-006,Tribeca,40.7163,-74.0086,clear,None,87,33,16
2024-07-22,LM-ATM-007,City Hall,40.7128,-74.0059,clear,None,110,43,21
2024-07-22,LM-ATM-008,Chinatown,40.7158,-73.9973,clear,None,86,43,26
2024-07-22,LM-ATM-009,Little Italy,40.7191,-73.9973,clear,None,75,41,26
2024-07-22,LM-ATM-010,SoHo Broadway,40.7233,-74.002,clear,None,88,55,34
2024-07-22,LM-ATM-011,NoLiTa,40.7228,-73.9973,clear,None,80,47,30
2024-07-22,LM-ATM-012,Canal Street,40.719,-74.002,clear,None,110,56,33
2024-07-22,LM-ATM-013,World Trade Center,40.7116,-74.013,clear,None,145,50,32
2024-07-22,LM-ATM-014,Brookfield Place,40.7127,-74.0155,clear,None,136,41,25
2024-07-22,LM-ATM-015,Bowling Green,40.7047,-74.0141,clear,None,78,28,18
2024-07-22,LM-ATM-016,Staten Ferry Terminal,40.7013,-74.0132,clear,None,101,55,38
2024-07-22,LM-ATM-017,Essex Market,40.7193,-73.9874,clear,None,96,54,30
2024-07-22,LM-ATM-018,Houston Street,40.7282,-74.005,clear,None,89,49,29
2024-07-22,LM-ATM-019,Delancey Street,40.7188,-73.9885,clear,None,106,47,33
2024-07-22,LM-ATM-020,Pier 17,40.7058,-74.0027,clear,None,77,57,34
2024-07-23,LM-ATM-001,Battery Park,40.7033,-74.017,clear,None,109,56,37
2024-07-23,LM-ATM-002,Wall Street,40.7074,-74.0113,clear,None,157,34,18
2024-07-23,LM-ATM-003,Broad Street,40.7069,-74.0113,clear,None,118,33,15
2024-07-23,LM-ATM-004,Fulton Center,40.7103,-74.0076,clear,None,128,44,28
2024-07-23,LM-ATM-005,South Street Seaport,40.7069,-74.003,clear,None,90,59,36
2024-07-23,LM-ATM-006,Tribeca,40.7163,-74.0086,clear,None,114,43,21
2024-07-23,LM-ATM-007,City Hall,40.7128,-74.0059,clear,None,96,34,17
2024-07-23,LM-ATM-008,Chinatown,40.7158,-73.9973,clear,None,94,49,27
2024-07-23,LM-ATM-009,Little Italy,40.7191,-73.9973,clear,None,75,46,28
2024-07-23,LM-ATM-010,SoHo Broadway,40.7233,-74.002,clear,None,101,77,41
2024-07-23,LM-ATM-011,NoLiTa,40.7228,-73.9973,clear,None,68,48,25
2024-07-23,LM-ATM-012,Canal Street,40.719,-74.002,clear,None,116,57,30
2024-07-23,LM-ATM-013,World Trade Center,40.7116,-74.013,clear,None,111,36,23
2024-07-23,LM-ATM-014,Brookfield Place,40.7127,-74.0155,clear,None,149,55,32
2024-07-23,LM-ATM-015,Bowling Green,40.7047,-74.0141,clear,None,105,41,24
2024-07-23,LM-ATM-016,Staten Ferry Terminal,40.7013,-74.0132,clear,None,84,64,35
2024-07-23,LM-ATM-017,Essex Market,40.7193,-73.9874,clear,None,76,45,25
2024-07-23,LM-ATM-018,Houston Street,40.7282,-74.005,clear,None,93,42,29
2024-07-23,LM-ATM-019,Delancey Street,40.7188,-73.9885,clear,None,90,52,23
2024-07-23,LM-ATM-020,Pier 17,40.7058,-74.0027,clear,None,82,51,34
2024-07-24,LM-ATM-001,Battery Park,40.7033,-74.017,humid,None,74,44,25
2024-07-24,LM-ATM-002,Wall Street,40.7074,-74.0113,humid,None,154,34,20
2024-07-24,LM-ATM-003,Broad Street,40.7069,-74.0113,humid,None,115,37,13
2024-07-24,LM-ATM-004,Fulton Center,40.7103,-74.0076,humid,None,119,45,28
2024-07-24,LM-ATM-005,South Street Seaport,40.7069,-74.003,humid,None,71,50,27
2024-07-24,LM-ATM-006,Tribeca,40.7163,-74.0086,humid,None,85,38,17
2024-07-24,LM-ATM-007,City Hall,40.7128,-74.0059,humid,None,97,33,18
2024-07-24,LM-ATM-008,Chinatown,40.7158,-73.9973,humid,None,79,36,20
2024-07-24,LM-ATM-009,Little Italy,40.7191,-73.9973,humid,None,79,52,30
2024-07-24,LM-ATM-010,SoHo Broadway,40.7233,-74.002,humid,None,94,68,47
2024-07-24,LM-ATM-011,NoLiTa,40.7228,-73.9973,humid,None,43,28,18
2024-07-24,LM-ATM-012,Canal Street,40.719,-74.002,humid,None,84,42,27
2024-07-24,LM-ATM-013,World Trade Center,40.7116,-74.013,humid,None,136,61,28
2024-07-24,LM-ATM-014,Brookfield Place,40.7127,-74.0155,humid,None,114,36,20
2024-07-24,LM-ATM-015,Bowling Green,40.7047,-74.0141,humid,None,96,37,25
2024-07-24,LM-ATM-016,Staten Ferry Terminal,40.7013,-74.0132,humid,None,77,42,27
2024-07-24,LM-ATM-017,Essex Market,40.7193,-73.9874,humid,None,80,43,27
2024-07-24,LM-ATM-018,Houston Street,40.7282,-74.005,humid,None,70,46,27
2024-07-24,LM-ATM-019,Delancey Street,40.7188,-73.9885,humid,None,70,41,23
2024-07-24,LM-ATM-020,Pier 17,40.7058,-74.0027,humid,None,70,51,35
2024-07-25,LM-ATM-001,Battery Park,40.7033,-74.017,rain,None,74,41,25
2024-07-25,LM-ATM-002,Wall Street,40.7074,-74.0113,rain,None,109,27,14
2024-07-25,LM-ATM-003,Broad Street,40.7069,-74.0113,rain,None,119,30,12
2024-07-25,LM-ATM-004,Fulton Center,40.7103,-74.0076,rain,None,103,41,26
2024-07-25,LM-ATM-005,South Street Seaport,40.7069,-74.003,rain,None,65,39,26
2024-07-25,LM-ATM-006,Tribeca,40.7163,-74.0086,rain,None,77,28,14
2024-07-25,LM-ATM-007,City Hall,40.7128,-74.0059,rain,None,90,41,19
2024-07-25,LM-ATM-008,Chinatown,40.7158,-73.9973,rain,None,68,32,18
2024-07-25,LM-ATM-009,Little Italy,40.7191,-73.9973,rain,None,60,41,21
2024-07-25,LM-ATM-010,SoHo Broadway,40.7233,-74.002,rain,None,78,57,37
2024-07-25,LM-ATM-011,NoLiTa,40.7228,-73.9973,rain,None,51,30,19
2024-07-25,LM-ATM-012,Canal Street,40.719,-74.002,rain,None,74,42,26
2024-07-25,LM-ATM-013,World Trade Center,40.7116,-74.013,rain,None,116,34,28
2024-07-25,LM-ATM-014,Brookfield Place,40.7127,-74.0155,rain,None,122,40,27
2024-07-25,LM-ATM-015,Bowling Green,40.7047,-74.0141,rain,None,74,31,16
2024-07-25,LM-ATM-016,Staten Ferry Terminal,40.7013,-74.0132,rain,None,63,42,24
2024-07-25,LM-ATM-017,Essex Market,40.7193,-73.9874,rain,None,67,39,21
2024-07-25,LM-ATM-018,Houston Street,40.7282,-74.005,rain,None,64,37,21
2024-07-25,LM-ATM-019,Delancey Street,40.7188,-73.9885,rain,None,58,29,17
2024-07-25,LM-ATM-020,Pier 17,40.7058,-74.0027,rain,None,40,31,22
2024-07-26,LM-ATM-001,Battery Park,40.7033,-74.017,clear,None,78,46,32
2024-07-26,LM-ATM-002,Wall Street,40.7074,-74.0113,clear,None,119,29,12
2024-07-26,LM-ATM-003,Broad Street,40.7069,-74.0113,clear,None,135,35,17
2024-07-26,LM-ATM-004,Fulton Center,40.7103,-74.0076,clear,None,139,58,32
2024-07-26,LM-ATM-005,South Street Seaport,40.7069,-74.003,clear,None,86,60,36
2024-07-26,LM-ATM-006,Tribeca,40.7163,-74.0086,clear,None,85,38,17
2024-07-26,LM-ATM-007,City Hall,40.7128,-74.0059,clear,None,106,30,21
2024-07-26,LM-ATM-008,Chinatown,40.7158,-73.9973,clear,None,85,45,25
2024-07-26,LM-ATM-009,Little Italy,40.7191,-73.9973,clear,None,72,49,28
2024-07-26,LM-ATM-010,SoHo Broadway,40.7233,-74.002,clear,None,98,73,46
2024-07-26,LM-ATM-011,NoLiTa,40.7228,-73.9973,clear,None,75,44,26
2024-07-26,LM-ATM-012,Canal Street,40.719,-74.002,clear,None,90,43,27
2024-07-26,LM-ATM-013,World Trade Center,40.7116,-74.013,clear,None,136,47,28
2024-07-26,LM-ATM-014,Brookfield Place,40.7127,-74.0155,clear,None,142,51,24
2024-07-26,LM-ATM-015,Bowling Green,40.7047,-74.0141,clear,None,99,40,24
2024-07-26,LM-ATM-016,Staten Ferry Terminal,40.7013,-74.0132,clear,None,95,65,40
2024-07-26,LM-ATM-017,Essex Market,40.7193,-73.9874,clear,None,90,51,28
2024-07-26,LM-ATM-018,Houston Street,40.7282,-74.005,clear,None,89,53,26
2024-07-26,LM-ATM-019,Delancey Street,40.7188,-73.9885,clear,None,82,43,24
2024-07-26,LM-ATM-020,Pier 17,40.7058,-74.0027,clear,None,80,58,39
2024-07-27,LM-ATM-001,Battery Park,40.7033,-74.017,clear,None,66,45,28
2024-07-27,LM-ATM-002,Wall Street,40.7074,-74.0113,clear,None,120,31,16
2024-07-27,LM-ATM-003,Broad Street,40.7069,-74.0113,clear,None,117,36,15
2024-07-27,LM-ATM-004,Fulton Center,40.7103,-74.0076,clear,None,118,59,34
2024-07-27,LM-ATM-005,South Street Seaport,40.7069,-74.003,clear,None,83,69,43
2024-07-27,LM-ATM-006,Tribeca,40.7163,-74.0086,clear,None,75,40,17
2024-07-27,LM-ATM-007,City Hall,40.7128,-74.0059,clear,None,89,35,22
2024-07-27,LM-ATM-008,Chinatown,40.7158,-73.9973,clear,None,99,48,29
2024-07-27,LM-ATM-009,Little Italy,40.7191,-73.9973,clear,None,73,52,30
2024-07-27,LM-ATM-010,SoHo Broadway,40.7233,-74.002,clear,None,78,61,38
2024-07-27,LM-ATM-011,NoLiTa,40.7228,-73.9973,clear,None,80,59,33
2024-07-27,LM-ATM-012,Canal Street,40.719,-74.002,clear,None,86,50,32
2024-07-27,LM-ATM-013,World Trade Center,40.7116,-74.013,clear,None,126,56,30
2024-07-27,LM-ATM-014,Brookfield Place,40.7127,-74.0155,clear,None,122,49,27
2024-07-27,LM-ATM-015,Bowling Green,40.7047,-74.0141,clear,None,77,39,21
2024-07-27,LM-ATM-016,Staten Ferry Terminal,40.7013,-74.0132,clear,None,72,60,36
2024-07-27,LM-ATM-017,Essex Market,40.7193,-73.9874,clear,None,74,43,24
2024-07-27,LM-ATM-018,Houston Street,40.7282,-74.005,clear,None,80,52,28
2024-07-27,LM-ATM-019,Delancey Street,40.7188,-73.9885,clear,None,78,52,29
2024-07-27,LM-ATM-020,Pier 17,40.7058,-74.0027,clear,None,63,55,37
2024-07-28,LM-ATM-001,Battery Park,40.7033,-74.017,rain,None,60,42,24
2024-07-28,LM-ATM-002,Wall Street,40.7074,-74.0113,rain,None,108,35,10
2024-07-28,LM-ATM-003,Broad Street,40.7069,-74.0113,rain,None,72,28,15
2024-07-28,LM-ATM-004,Fulton Center,40.7103,-74.0076,rain,None,103,51,31
2024-07-28,LM-ATM-005,South Street Seaport,40.7069,-74.003,rain,None,56,41,25
2024-07-28,LM-ATM-006,Tribeca,40.7163,-74.0086,rain,None,66,35,15
2024-07-28,LM-ATM-007,City Hall,40.7128,-74.0059,rain,None,70,34,16
2024-07-28,LM-ATM-008,Chinatown,40.7158,-73.9973,rain,None,57,38,21
2024-07-28,LM-ATM-009,Little Italy,40.7191,-73.9973,rain,None,70,52,31
2024-07-28,LM-ATM-010,SoHo Broadway,40.7233,-74.002,rain,None,77,70,43
2024-07-28,LM-ATM-011,NoLiTa,40.7228,-73.9973,rain,None,54,40,22
2024-07-28,LM-ATM-012,Canal Street,40.719,-74.002,rain,None,82,43,26
2024-07-28,LM-ATM-013,World Trade Center,40.7116,-74.013,rain,None,98,33,23
2024-07-28,LM-ATM-014,Brookfield Place,40.7127,-74.0155,rain,None,106,43,29
2024-07-28,LM-ATM-015,Bowling Green,40.7047,-74.0141,rain,None,55,29,16
2024-07-28,LM-ATM-016,Staten Ferry Terminal,40.7013,-74.0132,rain,None,73,47,30
2024-07-28,LM-ATM-017,Essex Market,40.7193,-73.9874,rain,None,63,36,21
2024-07-28,LM-ATM-018,Houston Street,40.7282,-74.005,rain,None,54,36,20
2024-07-28,LM-ATM-019,Delancey Street,40.7188,-73.9885,rain,None,66,44,21
2024-07-28,LM-ATM-020,Pier 17,40.7058,-74.0027,rain,None,63,53,33
2024-07-29,LM-ATM-001,Battery Park,40.7033,-74.017,clear,None,71,46,26
2024-07-29,LM-ATM-002,Wall Street,40.7074,-74.0113,clear,None,158,37,18
2024-07-29,LM-ATM-003,Broad Street,40.7069,-74.0113,clear,None,143,27,22
2024-07-29,LM-ATM-004,Fulton Center,40.7103,-74.0076,clear,None,133,60,34
2024-07-29,LM-ATM-005,South Street Seaport,40.7069,-74.003,clear,None,81,51,35
2024-07-29,LM-ATM-006,Tribeca,40.7163,-74.0086,clear,None,106,48,22
2024-07-29,LM-ATM-007,City Hall,40.7128,-74.0059,clear,None,100,43,23
2024-07-29,LM-ATM-008,Chinatown,40.7158,-73.9973,clear,None,105,45,26
2024-07-29,LM-ATM-009,Little Italy,40.7191,-73.9973,clear,None,78,48,32
2024-07-29,LM-ATM-010,SoHo Broadway,40.7233,-74.002,clear,None,93,61,44
2024-07-29,LM-ATM-011,NoLiTa,40.7228,-73.9973,clear,None,68,41,26
2024-07-29,LM-ATM-012,Canal Street,40.719,-74.002,clear,None,89,53,26
2024-07-29,LM-ATM-013,World Trade Center,40.7116,-74.013,clear,None,119,39,24
2024-07-29,LM-ATM-014,Brookfield Place,40.7127,-74.0155,clear,None,155,50,33
2024-07-29,LM-ATM-015,Bowling Green,40.7047,-74.0141,clear,None,108,41,26
2024-07-29,LM-ATM-016,Staten Ferry Terminal,40.7013,-74.0132,clear,None,89,51,36
2024-07-29,LM-ATM-017,Essex Market,40.7193,-73.9874,clear,None,90,49,24
2024-07-29,LM-ATM-018,Houston Street,40.7282,-74.005,clear,None,79,44,27
2024-07-29,LM-ATM-019,Delancey Street,40.7188,-73.9885,clear,None,81,34,23
2024-07-29,LM-ATM-020,Pier 17,40.7058,-74.0027,clear,None,83,62,40
2024-07-30,LM-ATM-001,Battery Park,40.7033,-74.017,clear,None,68,46,29
2024-07-30,LM-ATM-002,Wall Street,40.7074,-74.0113,clear,None,116,28,12
2024-07-30,LM-ATM-003,Broad Street,40.7069,-74.0113,clear,None,142,40,16
2024-07-30,LM-ATM-004,Fulton Center,40.7103,-74.0076,clear,None,129,56,32
2024-07-30,LM-ATM-005,South Street Seaport,40.7069,-74.003,clear,None,78,54,36
2024-07-30,LM-ATM-006,Tribeca,40.7163,-74.0086,clear,None,98,37,18
2024-07-30,LM-ATM-007,City Hall,40.7128,-74.0059,clear,None,104,34,20
2024-07-30,LM-ATM-008,Chinatown,40.7158,-73.9973,clear,None,103,49,25
2024-07-30,LM-ATM-009,Little Italy,40.7191,-73.9973,clear,None,57,36,20
2024-07-30,LM-ATM-010,SoHo Broadway,40.7233,-74.002,clear,None,78,56,42
2024-07-30,LM-ATM-011,NoLiTa,40.7228,-73.9973,clear,None,87,49,31
2024-07-30,LM-ATM-012,Canal Street,40.719,-74.002,clear,None,102,49,30
2024-07-30,LM-ATM-013,World Trade Center,40.7116,-74.013,clear,None,129,49,31
2024-07-30,LM-ATM-014,Brookfield Place,40.7127,-74.0155,clear,None,113,42,26
2024-07-30,LM-ATM-015,Bowling Green,40.7047,-74.0141,clear,None,98,43,25
2024-07-30,LM-ATM-016,Staten Ferry Terminal,40.7013,-74.0132,clear,None,84,50,31
2024-07-30,LM-ATM-017,Essex Market,40.7193,-73.9874,clear,None,75,39,20
2024-07-30,LM-ATM-018,Houston Street,40.7282,-74.005,clear,None,67,37,25
2024-07-30,LM-ATM-019,Delancey Street,40.7188,-73.9885,clear,None,75,41,24
2024-07-30,LM-ATM-020,Pier 17,40.7058,-74.0027,clear,None,77,56,39
2024-07-31,LM-ATM-001,Battery Park,40.7033,-74.017,rain,None,60,37,23
2024-07-31,LM-ATM-002,Wall Street,40.7074,-74.0113,rain,None,128,29,14
2024-07-31,LM-ATM-003,Broad Street,40.7069,-74.0113,rain,None,118,32,16
2024-07-31,LM-ATM-004,Fulton Center,40.7103,-74.0076,rain,None,95,39,24
2024-07-31,LM-ATM-005,South Street Seaport,40.7069,-74.003,rain,None,75,39,27
2024-07-31,LM-ATM-006,Tribeca,40.7163,-74.0086,rain,None,84,31,17
2024-07-31,LM-ATM-007,City Hall,40.7128,-74.0059,rain,None,99,34,19
2024-07-31,LM-ATM-008,Chinatown,40.7158,-73.9973,rain,None,95,48,28
2024-07-31,LM-ATM-009,Little Italy,40.7191,-73.9973,rain,None,63,40,24
2024-07-31,LM-ATM-010,SoHo Broadway,40.7233,-74.002,rain,None,88,61,36
2024-07-31,LM-ATM-011,NoLiTa,40.7228,-73.9973,rain,None,67,38,24
2024-07-31,LM-ATM-012,Canal Street,40.719,-74.002,rain,None,72,38,23
2024-07-31,LM-ATM-013,World Trade Center,40.7116,-74.013,rain,None,112,39,21
2024-07-31,LM-ATM-014,Brookfield Place,40.7127,-74.0155,rain,None,118,36,25
2024-07-31,LM-ATM-015,Bowling Green,40.7047,-74.0141,rain,None,73,36,16
2024-07-31,LM-ATM-016,Staten Ferry Terminal,40.7013,-74.0132,rain,None,59,39,26
2024-07-31,LM-ATM-017,Essex Market,40.7193,-73.9874,rain,None,77,33,21
2024-07-31,LM-ATM-018,Houston Street,40.7282,-74.005,rain,None,77,40,27
2024-07-31,LM-ATM-019,Delancey Street,40.7188,-73.9885,rain,None,89,43,28
2024-07-31,LM-ATM-020,Pier 17,40.7058,-74.0027,rain,None,51,37,22
2024-08-01,LM-ATM-001,Battery Park,40.7033,-74.017,cloudy,None,72,42,25
2024-08-01,LM-ATM-002,Wall Street,40.7074,-74.0113,cloudy,None,139,40,11
2024-08-01,LM-ATM-003,Broad Street,40.7069,-74.0113,cloudy,None,124,39,18
2024-08-01,LM-ATM-004,Fulton Center,40.7103,-74.0076,cloudy,None,115,50,30
2024-08-01,LM-ATM-005,South Street Seaport,40.7069,-74.003,cloudy,None,91,50,35
2024-08-01,LM-ATM-006,Tribeca,40.7163,-74.0086,cloudy,None,96,30,20
2024-08-01,LM-ATM-007,City Hall,40.7128,-74.0059,cloudy,None,79,28,18
2024-08-01,LM-ATM-008,Chinatown,40.7158,-73.9973,cloudy,None,108,48,29
2024-08-01,LM-ATM-009,Little Italy,40.7191,-73.9973,cloudy,None,76,43,27
2024-08-01,LM-ATM-010,SoHo Broadway,40.7233,-74.002,cloudy,None,79,52,37
2024-08-01,LM-ATM-011,NoLiTa,40.7228,-73.9973,cloudy,None,60,38,20
2024-08-01,LM-ATM-012,Canal Street,40.719,-74.002,cloudy,None,103,47,30
2024-08-01,LM-ATM-013,World Trade Center,40.7116,-74.013,cloudy,None,147,48,35
2024-08-01,LM-ATM-014,Brookfield Place,40.7127,-74.0155,cloudy,None,132,44,26
2024-08-01,LM-ATM-015,Bowling Green,40.7047,-74.0141,cloudy,None,102,41,25
2024-08-01,LM-ATM-016,Staten Ferry Terminal,40.7013,-74.0132,cloudy,None,79,46,32
2024-08-01,LM-ATM-017,Essex Market,40.7193,-73.9874,cloudy,None,90,41,25
2024-08-01,LM-ATM-018,Houston Street,40.7282,-74.005,cloudy,None,72,39,23
2024-08-01,LM-ATM-019,Delancey Street,40.7188,-73.9885,cloudy,None,77,47,25
2024-08-01,LM-ATM-020,Pier 17,40.7058,-74.0027,cloudy,None,68,52,32
2024-08-02,LM-ATM-001,Battery Park,40.7033,-74.017,clear,None,67,44,25
2024-08-02,LM-ATM-002,Wall Street,40.7074,-74.0113,clear,None,143,29,17
2024-08-02,LM-ATM-003,Broad Street,40.7069,-74.0113,clear,None,130,27,15
2024-08-02,LM-ATM-004,Fulton Center,40.7103,-74.0076,clear,None,133,59,31
2024-08-02,LM-ATM-005,South Street Seaport,40.7069,-74.003,clear,None,95,67,42
2024-08-02,LM-ATM-006,Tribeca,40.7163,-74.0086,clear,None,98,38,19
2024-08-02,LM-ATM-007,City Hall,40.7128,-74.0059,clear,None,128,48,27
2024-08-02,LM-ATM-008,Chinatown,40.7158,-73.9973,clear,None,80,41,22
2024-08-02,LM-ATM-009,Little Italy,40.7191,-73.9973,clear,None,64,42,24
2024-08-02,LM-ATM-010,SoHo Broadway,40.7233,-74.002,clear,None,85,52,39
2024-08-02,LM-ATM-011,NoLiTa,40.7228,-73.9973,clear,None,76,45,26
2024-08-02,LM-ATM-012,Canal Street,40.719,-74.002,clear,None,92,44,27
2024-08-02,LM-ATM-013,World Trade Center,40.7116,-74.013,clear,None,142,47,29
2024-08-02,LM-ATM-014,Brookfield Place,40.7127,-74.0155,clear,None,132,42,24
2024-08-02,LM-ATM-015,Bowling Green,40.7047,-74.0141,clear,None,98,41,24
2024-08-02,LM-ATM-016,Staten Ferry Terminal,40.7013,-74.0132,clear,None,80,51,30
2024-08-02,LM-ATM-017,Essex Market,40.7193,-73.9874,clear,None,86,41,22
2024-08-02,LM-ATM-018,Houston Street,40.7282,-74.005,clear,None,70,39,22
2024-08-02,LM-ATM-019,Delancey Street,40.7188,-73.9885,clear,None,66,34,23
2024-08-02,LM-ATM-020,Pier 17,40.7058,-74.0027,clear,None,74,58,35
2024-08-03,LM-ATM-001,Battery Park,40.7033,-74.017,cloudy,None,75,51,26
2024-08-03,LM-ATM-002,Wall Street,40.7074,-74.0113,cloudy,None,116,32,17
2024-08-03,LM-ATM-003,Broad Street,40.7069,-74.0113,cloudy,None,100,33,15
2024-08-03,LM-ATM-004,Fulton Center,40.7103,-74.0076,cloudy,None,97,50,30
2024-08-03,LM-ATM-005,South Street Seaport,40.7069,-74.003,cloudy,None,74,57,35
2024-08-03,LM-ATM-006,Tribeca,40.7163,-74.0086,cloudy,None,94,41,19
2024-08-03,LM-ATM-007,City Hall,40.7128,-74.0059,cloudy,None,80,41,23
2024-08-03,LM-ATM-008,Chinatown,40.7158,-73.9973,cloudy,None,90,58,31
2024-08-03,LM-ATM-009,Little Italy,40.7191,-73.9973,cloudy,None,62,43,25
2024-08-03,LM-ATM-010,SoHo Broadway,40.7233,-74.002,cloudy,None,89,71,45
2024-08-03,LM-ATM-011,NoLiTa,40.7228,-73.9973,cloudy,None,56,41,23
2024-08-03,LM-ATM-012,Canal Street,40.719,-74.002,cloudy,None,76,46,24
2024-08-03,LM-ATM-013,World Trade Center,40.7116,-74.013,cloudy,None,108,48,28
2024-08-03,LM-ATM-014,Brookfield Place,40.7127,-74.0155,cloudy,None,87,39,22
2024-08-03,LM-ATM-015,Bowling Green,40.7047,-74.0141,cloudy,None,71,35,19
2024-08-03,LM-ATM-016,Staten Ferry Terminal,40.7013,-74.0132,cloudy,None,80,59,36
2024-08-03,LM-ATM-017,Essex Market,40.7193,-73.9874,cloudy,None,73,37,20
2024-08-03,LM-ATM-018,Houston Street,40.7282,-74.005,cloudy,None,75,50,26
2024-08-03,LM-ATM-019,Delancey Street,40.7188,-73.9885,cloudy,None,68,40,19
2024-08-03,LM-ATM-020,Pier 17,40.7058,-74.0027,cloudy,None,79,70,42
2024-08-04,LM-ATM-001,Battery Park,40.7033,-74.017,clear,None,67,38,25
2024-08-04,LM-ATM-002,Wall Street,40.7074,-74.0113,clear,None,89,38,12
2024-08-04,LM-ATM-003,Broad Street,40.7069,-74.0113,clear,None,99,35,15
2024-08-04,LM-ATM-004,Fulton Center,40.7103,-74.0076,clear,None,104,50,26
2024-08-04,LM-ATM-005,South Street Seaport,40.7069,-74.003,clear,None,107,76,47
2024-08-04,LM-ATM-006,Tribeca,40.7163,-74.0086,clear,None,64,30,14
2024-08-04,LM-ATM-007,City Hall,40.7128,-74.0059,clear,None,85,43,21
2024-08-04,LM-ATM-008,Chinatown,40.7158,-73.9973,clear,None,89,59,28
2024-08-04,LM-ATM-009,Little Italy,40.7191,-73.9973,clear,None,90,57,38
2024-08-04,LM-ATM-010,SoHo Broadway,40.7233,-74.002,clear,None,105,86,53
2024-08-04,LM-ATM-011,NoLiTa,40.7228,-73.9973,clear,None,63,45,26
2024-08-04,LM-ATM-012,Canal Street,40.719,-74.002,clear,None,77,52,27
2024-08-04,LM-ATM-013,World Trade Center,40.7116,-74.013,clear,None,106,45,25
2024-08-04,LM-ATM-014,Brookfield Place,40.7127,-74.0155,clear,None,105,43,23
2024-08-04,LM-ATM-015,Bowling Green,40.7047,-74.0141,clear,None,114,53,31
2024-08-04,LM-ATM-016,Staten Ferry Terminal,40.7013,-74.0132,clear,None,74,60,37
2024-08-04,LM-ATM-017,Essex Market,40.7193,-73.9874,clear,None,87,58,30
2024-08-04,LM-ATM-018,Houston Street,40.7282,-74.005,clear,None,79,54,30
2024-08-04,LM-ATM-019,Delancey Street,40.7188,-73.9885,clear,None,83,53,31
2024-08-04,LM-ATM-020,Pier 17,40.7058,-74.0027,clear,None,88,67,45
2024-08-05,LM-ATM-001,Battery Park,40.7033,-74.017,thunderstorm,None,51,33,21
2024-08-05,LM-ATM-002,Wall Street,40.7074,-74.0113,thunderstorm,None,90,29,13
2024-08-05,LM-ATM-003,Broad Street,40.7069,-74.0113,thunderstorm,None,84,23,11
2024-08-05,LM-ATM-004,Fulton Center,40.7103,-74.0076,thunderstorm,None,82,41,23
2024-08-05,LM-ATM-005,South Street Seaport,40.7069,-74.003,thunderstorm,None,52,39,25
2024-08-05,LM-ATM-006,Tribeca,40.7163,-74.0086,thunderstorm,None,65,28,13
2024-08-05,LM-ATM-007,City Hall,40.7128,-74.0059,thunderstorm,None,66,26,16
2024-08-05,LM-ATM-008,Chinatown,40.7158,-73.9973,thunderstorm,None,57,38,18
2024-08-05,LM-ATM-009,Little Italy,40.7191,-73.9973,thunderstorm,None,45,33,20
2024-08-05,LM-ATM-010,SoHo Broadway,40.7233,-74.002,thunderstorm,None,50,39,24
2024-08-05,LM-ATM-011,NoLiTa,40.7228,-73.9973,thunderstorm,None,42,30,19
2024-08-05,LM-ATM-012,Canal Street,40.719,-74.002,thunderstorm,None,61,41,25
2024-08-05,LM-ATM-013,World Trade Center,40.7116,-74.013,thunderstorm,None,101,37,22
2024-08-05,LM-ATM-014,Brookfield Place,40.7127,-74.0155,thunderstorm,None,89,38,21
2024-08-05,LM-ATM-015,Bowling Green,40.7047,-74.0141,thunderstorm,None,85,41,21
2024-08-05,LM-ATM-016,Staten Ferry Terminal,40.7013,-74.0132,thunderstorm,None,51,41,23
2024-08-05,LM-ATM-017,Essex Market,40.7193,-73.9874,thunderstorm,None,49,31,17
2024-08-05,LM-ATM-018,Houston Street,40.7282,-74.005,thunderstorm,None,45,26,16
2024-08-05,LM-ATM-019,Delancey Street,40.7188,-73.9885,thunderstorm,None,50,31,19
2024-08-05,LM-ATM-020,Pier 17,40.7058,-74.0027,thunderstorm,None,34,28,19
2024-08-06,LM-ATM-001,Battery Park,40.7033,-74.017,rain,None,62,40,24
2024-08-06,LM-ATM-002,Wall Street,40.7074,-74.0113,rain,None,120,32,11
2024-08-06,LM-ATM-003,Broad Street,40.7069,-74.0113,rain,None,118,30,14
2024-08-06,LM-ATM-004,Fulton Center,40.7103,-74.0076,rain,None,101,38,24
2024-08-06,LM-ATM-005,South Street Seaport,40.7069,-74.003,rain,None,68,52,30
2024-08-06,LM-ATM-006,Tribeca,40.7163,-74.0086,rain,None,87,35,15
2024-08-06,LM-ATM-007,City Hall,40.7128,-74.0059,rain,None,114,37,21
2024-08-06,LM-ATM-008,Chinatown,40.7158,-73.9973,rain,None,86,41,24
2024-08-06,LM-ATM-009,Little Italy,40.7191,-73.9973,rain,None,68,39,25
2024-08-06,LM-ATM-010,SoHo Broadway,40.7233,-74.002,rain,None,71,49,34
2024-08-06,LM-ATM-011,NoLiTa,40.7228,-73.9973,rain,None,47,25,17
2024-08-06,LM-ATM-012,Canal Street,40.719,-74.002,rain,None,69,33,22
2024-08-06,LM-ATM-013,World Trade Center,40.7116,-74.013,rain,None,130,37,23
2024-08-06,LM-ATM-014,Brookfield Place,40.7127,-74.0155,rain,None,95,38,19
2024-08-06,LM-ATM-015,Bowling Green,40.7047,-74.0141,rain,None,81,35,20
2024-08-06,LM-ATM-016,Staten Ferry Terminal,40.7013,-74.0132,rain,None,80,50,29
2024-08-06,LM-ATM-017,Essex Market,40.7193,-73.9874,rain,None,59,34,18
2024-08-06,LM-ATM-018,Houston Street,40.7282,-74.005,rain,None,74,39,24
2024-08-06,LM-ATM-019,Delancey Street,40.7188,-73.9885,rain,None,70,32,20
2024-08-06,LM-ATM-020,Pier 17,40.7058,-74.0027,rain,None,65,44,31
2024-08-07,LM-ATM-001,Battery Park,40.7033,-74.017,cloudy,None,62,30,20
2024-08-07,LM-ATM-002,Wall Street,40.7074,-74.0113,cloudy,None,135,34,12
2024-08-07,LM-ATM-003,Broad Street,40.7069,-74.0113,cloudy,None,132,35,14
2024-08-07,LM-ATM-004,Fulton Center,40.7103,-74.0076,cloudy,None,101,44,26
2024-08-07,LM-ATM-005,South Street Seaport,40.7069,-74.003,cloudy,None,77,53,31
2024-08-07,LM-ATM-006,Tribeca,40.7163,-74.0086,cloudy,None,80,26,14
2024-08-07,LM-ATM-007,City Hall,40.7128,-74.0059,cloudy,None,86,36,18
2024-08-07,LM-ATM-008,Chinatown,40.7158,-73.9973,cloudy,None,90,42,25
2024-08-07,LM-ATM-009,Little Italy,40.7191,-73.9973,cloudy,None,74,41,29
2024-08-07,LM-ATM-010,SoHo Broadway,40.7233,-74.002,cloudy,None,83,57,42
2024-08-07,LM-ATM-011,NoLiTa,40.7228,-73.9973,cloudy,None,85,51,31
2024-08-07,LM-ATM-012,Canal Street,40.719,-74.002,cloudy,None,101,48,28
2024-08-07,LM-ATM-013,World Trade Center,40.7116,-74.013,cloudy,None,118,38,25
2024-08-07,LM-ATM-014,Brookfield Place,40.7127,-74.0155,cloudy,None,130,42,24
2024-08-07,LM-ATM-015,Bowling Green,40.7047,-74.0141,cloudy,None,109,45,26
2024-08-07,LM-ATM-016,Staten Ferry Terminal,40.7013,-74.0132,cloudy,None,74,47,30
2024-08-07,LM-ATM-017,Essex Market,40.7193,-73.9874,cloudy,None,85,37,24
2024-08-07,LM-ATM-018,Houston Street,40.7282,-74.005,cloudy,None,75,53,32
2024-08-07,LM-ATM-019,Delancey Street,40.7188,-73.9885,cloudy,None,63,39,20
2024-08-07,LM-ATM-020,Pier 17,40.7058,-74.0027,cloudy,None,79,51,37
2024-08-08,LM-ATM-001,Battery Park,40.7033,-74.017,rain,None,70,44,23
2024-08-08,LM-ATM-002,Wall Street,40.7074,-74.0113,rain,None,102,21,11
2024-08-08,LM-ATM-003,Broad Street,40.7069,-74.0113,rain,None,121,34,16
2024-08-08,LM-ATM-004,Fulton Center,40.7103,-74.0076,rain,None,105,42,26
2024-08-08,LM-ATM-005,South Street Seaport,40.7069,-74.003,rain,None,57,38,25
2024-08-08,LM-ATM-006,Tribeca,40.7163,-74.0086,rain,None,85,29,17
2024-08-08,LM-ATM-007,City Hall,40.7128,-74.0059,rain,None,80,32,13
2024-08-08,LM-ATM-008,Chinatown,40.7158,-73.9973,rain,None,83,44,26
2024-08-08,LM-ATM-009,Little Italy,40.7191,-73.9973,rain,None,51,37,19
2024-08-08,LM-ATM-010,SoHo Broadway,40.7233,-74.002,rain,None,76,59,38
2024-08-08,LM-ATM-011,NoLiTa,40.7228,-73.9973,rain,None,48,31,18
2024-08-08,LM-ATM-012,Canal Street,40.719,-74.002,rain,None,85,45,29
2024-08-08,LM-ATM-013,World Trade Center,40.7116,-74.013,rain,None,138,42,25
2024-08-08,LM-ATM-014,Brookfield Place,40.7127,-74.0155,rain,None,105,39,23
2024-08-08,LM-ATM-015,Bowling Green,40.7047,-74.0141,rain,None,94,41,24
2024-08-08,LM-ATM-016,Staten Ferry Terminal,40.7013,-74.0132,rain,None,69,46,30
2024-08-08,LM-ATM-017,Essex Market,40.7193,-73.9874,rain,None,52,25,14
2024-08-08,LM-ATM-018,Houston Street,40.7282,-74.005,rain,None,68,41,22
2024-08-08,LM-ATM-019,Delancey Street,40.7188,-73.9885,rain,None,67,37,21
2024-08-08,LM-ATM-020,Pier 17,40.7058,-74.0027,rain,None,65,40,26
2024-08-09,LM-ATM-001,Battery Park,40.7033,-74.017,clear,None,84,55,33
2024-08-09,LM-ATM-002,Wall Street,40.7074,-74.0113,clear,None,134,32,18
2024-08-09,LM-ATM-003,Broad Street,40.7069,-74.0113,clear,None,156,41,15
2024-08-09,LM-ATM-004,Fulton Center,40.7103,-74.0076,clear,None,120,53,31
2024-08-09,LM-ATM-005,South Street Seaport,40.7069,-74.003,clear,None,91,58,39
2024-08-09,LM-ATM-006,Tribeca,40.7163,-74.0086,clear,None,84,36,21
2024-08-09,LM-ATM-007,City Hall,40.7128,-74.0059,clear,None,105,39,23
2024-08-09,LM-ATM-008,Chinatown,40.7158,-73.9973,clear,None,98,44,25
2024-08-09,LM-ATM-009,Little Italy,40.7191,-73.9973,clear,None,76,45,28
2024-08-09,LM-ATM-010,SoHo Broadway,40.7233,-74.002,clear,None,82,60,39
2024-08-09,LM-ATM-011,NoLiTa,40.7228,-73.9973,clear,None,66,41,24
2024-08-09,LM-ATM-012,Canal Street,40.719,-74.002,clear,None,122,60,35
2024-08-09,LM-ATM-013,World Trade Center,40.7116,-74.013,clear,None,113,45,22
2024-08-09,LM-ATM-014,Brookfield Place,40.7127,-74.0155,clear,None,113,44,23
2024-08-09,LM-ATM-015,Bowling Green,40.7047,-74.0141,clear,None,80,30,19
2024-08-09,LM-ATM-016,Staten Ferry Terminal,40.7013,-74.0132,clear,None,77,54,36
2024-08-09,LM-ATM-017,Essex Market,40.7193,-73.9874,clear,None,95,50,30
2024-08-09,LM-ATM-018,Houston Street,40.7282,-74.005,clear,None,86,44,28
2024-08-09,LM-ATM-019,Delancey Street,40.7188,-73.9885,clear,None,75,35,25
2024-08-09,LM-ATM-020,Pier 17,40.7058,-74.0027,clear,None,84,59,38
2024-08-10,LM-ATM-001,Battery Park,40.7033,-74.017,thunderstorm,None,32,26,15
2024-08-10,LM-ATM-002,Wall Street,40.7074,-74.0113,thunderstorm,None,67,25,12
2024-08-10,LM-ATM-003,Broad Street,40.7069,-74.0113,thunderstorm,None,64,28,12
2024-08-10,LM-ATM-004,Fulton Center,40.7103,-74.0076,thunderstorm,None,69,35,20
2024-08-10,LM-ATM-005,South Street Seaport,40.7069,-74.003,thunderstorm,None,43,38,22
2024-08-10,LM-ATM-006,Tribeca,40.7163,-74.0086,thunderstorm,None,54,30,12
2024-08-10,LM-ATM-007,City Hall,40.7128,-74.0059,thunderstorm,None,55,32,15
2024-08-10,LM-ATM-008,Chinatown,40.7158,-73.9973,thunderstorm,None,41,30,15
2024-08-10,LM-ATM-009,Little Italy,40.7191,-73.9973,thunderstorm,None,43,34,21
2024-08-10,LM-ATM-010,SoHo Broadway,40.7233,-74.002,thunderstorm,None,53,49,29
2024-08-10,LM-ATM-011,NoLiTa,40.7228,-73.9973,thunderstorm,None,34,27,16
2024-08-10,LM-ATM-012,Canal Street,40.719,-74.002,thunderstorm,None,61,35,23
2024-08-10,LM-ATM-013,World Trade Center,40.7116,-74.013,thunderstorm,None,71,40,18
2024-08-10,LM-ATM-014,Brookfield Place,40.7127,-74.0155,thunderstorm,None,61,26,15
2024-08-10,LM-ATM-015,Bowling Green,40.7047,-74.0141,thunderstorm,None,73,37,22
2024-08-10,LM-ATM-016,Staten Ferry Terminal,40.7013,-74.0132,thunderstorm,None,34,26,17
2024-08-10,LM-ATM-017,Essex Market,40.7193,-73.9874,thunderstorm,None,47,29,16
2024-08-10,LM-ATM-018,Houston Street,40.7282,-74.005,thunderstorm,None,46,36,19
2024-08-10,LM-ATM-019,Delancey Street,40.7188,-73.9885,thunderstorm,None,53,33,17
2024-08-10,LM-ATM-020,Pier 17,40.7058,-74.0027,thunderstorm,None,36,43,23
2024-08-11,LM-ATM-001,Battery Park,40.7033,-74.017,rain,None,59,41,25
2024-08-11,LM-ATM-002,Wall Street,40.7074,-74.0113,rain,None,87,24,12
2024-08-11,LM-ATM-003,Broad Street,40.7069,-74.0113,rain,None,83,29,12
2024-08-11,LM-ATM-004,Fulton Center,40.7103,-74.0076,rain,None,82,40,23
2024-08-11,LM-ATM-005,South Street Seaport,40.7069,-74.003,rain,None,63,52,28
2024-08-11,LM-ATM-006,Tribeca,40.7163,-74.0086,rain,None,70,36,16
2024-08-11,LM-ATM-007,City Hall,40.7128,-74.0059,rain,None,73,36,17
2024-08-11,LM-ATM-008,Chinatown,40.7158,-73.9973,rain,None,72,48,27
2024-08-11,LM-ATM-009,Little Italy,40.7191,-73.9973,rain,None,68,56,31
2024-08-11,LM-ATM-010,SoHo Broadway,40.7233,-74.002,rain,None,68,55,37
2024-08-11,LM-ATM-011,NoLiTa,40.7228,-73.9973,rain,None,53,42,25
2024-08-11,LM-ATM-012,Canal Street,40.719,-74.002,rain,None,62,38,23
2024-08-11,LM-ATM-013,World Trade Center,40.7116,-74.013,rain,None,107,45,23
2024-08-11,LM-ATM-014,Brookfield Place,40.7127,-74.0155,rain,None,86,39,24
2024-08-11,LM-ATM-015,Bowling Green,40.7047,-74.0141,rain,None,92,39,23
2024-08-11,LM-ATM-016,Staten Ferry Terminal,40.7013,-74.0132,rain,None,50,37,24
2024-08-11,LM-ATM-017,Essex Market,40.7193,-73.9874,rain,None,67,44,20
2024-08-11,LM-ATM-018,Houston Street,40.7282,-74.005,rain,None,57,38,22
2024-08-11,LM-ATM-019,Delancey Street,40.7188,-73.9885,rain,None,68,43,25
2024-08-11,LM-ATM-020,Pier 17,40.7058,-74.0027,rain,None,59,57,31
2024-08-12,LM-ATM-001,Battery Park,40.7033,-74.017,cloudy,None,71,40,26
2024-08-12,LM-ATM-002,Wall Street,40.7074,-74.0113,cloudy,None,136,33,20
2024-08-12,LM-ATM-003,Broad Street,40.7069,-74.0113,cloudy,None,104,23,15
2024-08-12,LM-ATM-004,Fulton Center,40.7103,-74.0076,cloudy,None,128,53,34
2024-08-12,LM-ATM-005,South Street Seaport,40.7069,-74.003,cloudy,None,71,48,28
2024-08-12,LM-ATM-006,Tribeca,40.7163,-74.0086,cloudy,None,83,35,19
2024-08-12,LM-ATM-007,City Hall,40.7128,-74.0059,cloudy,None,103,31,21
2024-08-12,LM-ATM-008,Chinatown,40.7158,-73.9973,cloudy,None,90,50,29
2024-08-12,LM-ATM-009,Little Italy,40.7191,-73.9973,cloudy,None,78,49,28
2024-08-12,LM-ATM-010,SoHo Broadway,40.7233,-74.002,cloudy,None,92,69,41
2024-08-12,LM-ATM-011,NoLiTa,40.7228,-73.9973,cloudy,None,66,38,23
2024-08-12,LM-ATM-012,Canal Street,40.719,-74.002,cloudy,None,104,52,33
2024-08-12,LM-ATM-013,World Trade Center,40.7116,-74.013,cloudy,None,135,34,25
2024-08-12,LM-ATM-014,Brookfield Place,40.7127,-74.0155,cloudy,None,123,39,25
2024-08-12,LM-ATM-015,Bowling Green,40.7047,-74.0141,cloudy,None,89,42,23
2024-08-12,LM-ATM-016,Staten Ferry Terminal,40.7013,-74.0132,cloudy,None,82,53,33
2024-08-12,LM-ATM-017,Essex Market,40.7193,-73.9874,cloudy,None,74,38,21
2024-08-12,LM-ATM-018,Houston Street,40.7282,-74.005,cloudy,None,81,45,29
2024-08-12,LM-ATM-019,Delancey Street,40.7188,-73.9885,cloudy,None,71,37,20
2024-08-12,LM-ATM-020,Pier 17,40.7058,-74.0027,cloudy,None,60,46,29
2024-08-13,LM-ATM-001,Battery Park,40.7033,-74.017,clear,None,95,55,34
2024-08-13,LM-ATM-002,Wall Street,40.7074,-74.0113,clear,None,145,34,19
2024-08-13,LM-ATM-003,Broad Street,40.7069,-74.0113,clear,None,128,30,13
2024-08-13,LM-ATM-004,Fulton Center,40.7103,-74.0076,clear,None,119,51,29
2024-08-13,LM-ATM-005,South Street Seaport,40.7069,-74.003,clear,None,79,50,36
2024-08-13,LM-ATM-006,Tribeca,40.7163,-74.0086,clear,None,90,36,19
2024-08-13,LM-ATM-007,City Hall,40.7128,-74.0059,clear,None,80,43,20
2024-08-13,LM-ATM-008,Chinatown,40.7158,-73.9973,clear,None,83,39,23
2024-08-13,LM-ATM-009,Little Italy,40.7191,-73.9973,clear,None,76,52,27
2024-08-13,LM-ATM-010,SoHo Broadway,40.7233,-74.002,clear,None,89,71,42
2024-08-13,LM-ATM-011,NoLiTa,40.7228,-73.9973,clear,None,74,48,27
2024-08-13,LM-ATM-012,Canal Street,40.719,-74.002,clear,None,73,47,25
2024-08-13,LM-ATM-013,World Trade Center,40.7116,-74.013,clear,None,166,52,36
2024-08-13,LM-ATM-014,Brookfield Place,40.7127,-74.0155,clear,None,111,34,20
2024-08-13,LM-ATM-015,Bowling Green,40.7047,-74.0141,clear,None,105,43,22
2024-08-13,LM-ATM-016,Staten Ferry Terminal,40.7013,-74.0132,clear,None,75,47,29
2024-08-13,LM-ATM-017,Essex Market,40.7193,-73.9874,clear,None,78,42,22
2024-08-13,LM-ATM-018,Houston Street,40.7282,-74.005,clear,None,77,44,27
2024-08-13,LM-ATM-019,Delancey Street,40.7188,-73.9885,clear,None,88,42,26
2024-08-13,LM-ATM-020,Pier 17,40.7058,-74.0027,clear,None,67,51,34
2024-08-14,LM-ATM-001,Battery Park,40.7033,-74.017,clear,None,92,51,31
2024-08-14,LM-ATM-002,Wall Street,40.7074,-74.0113,clear,None,144,29,15
2024-08-14,LM-ATM-003,Broad Street,40.7069,-74.0113,clear,None,133,37,14
2024-08-14,LM-ATM-004,Fulton Center,40.7103,-74.0076,clear,None,141,45,32
2024-08-14,LM-ATM-005,South Street Seaport,40.7069,-74.003,clear,None,99,70,40
2024-08-14,LM-ATM-006,Tribeca,40.7163,-74.0086,clear,None,105,39,20
2024-08-14,LM-ATM-007,City Hall,40.7128,-74.0059,clear,None,96,32,20
2024-08-14,LM-ATM-008,Chinatown,40.7158,-73.9973,clear,None,102,53,26
2024-08-14,LM-ATM-009,Little Italy,40.7191,-73.9973,clear,None,78,46,27
2024-08-14,LM-ATM-010,SoHo Broadway,40.7233,-74.002,clear,None,91,64,39
2024-08-14,LM-ATM-011,NoLiTa,40.7228,-73.9973,clear,None,57,37,20
2024-08-14,LM-ATM-012,Canal Street,40.719,-74.002,clear,None,94,44,28
2024-08-14,LM-ATM-013,World Trade Center,40.7116,-74.013,clear,None,141,46,28
2024-08-14,LM-ATM-014,Brookfield Place,40.7127,-74.0155,clear,None,164,54,28
2024-08-14,LM-ATM-015,Bowling Green,40.7047,-74.0141,clear,None,90,40,23
2024-08-14,LM-ATM-016,Staten Ferry Terminal,40.7013,-74.0132,clear,None,91,62,37
2024-08-14,LM-ATM-017,Essex Market,40.7193,-73.9874,clear,None,66,37,21
2024-08-14,LM-ATM-018,Houston Street,40.7282,-74.005,clear,None,83,49,29
2024-08-14,LM-ATM-019,Delancey Street,40.7188,-73.9885,clear,None,85,42,27
2024-08-14,LM-ATM-020,Pier 17,40.7058,-74.0027,clear,None,90,59,43
2024-08-15,LM-ATM-001,Battery Park,40.7033,-74.017,clear,None,88,48,30
2024-08-15,LM-ATM-002,Wall Street,40.7074,-74.0113,clear,None,133,32,14
2024-08-15,LM-ATM-003,Broad Street,40.7069,-74.0113,clear,None,91,23,11
2024-08-15,LM-ATM-004,Fulton Center,40.7103,-74.0076,clear,None,114,53,29
2024-08-15,LM-ATM-005,South Street Seaport,40.7069,-74.003,clear,None,83,55,40
2024-08-15,LM-ATM-006,Tribeca,40.7163,-74.0086,clear,None,100,34,19
2024-08-15,LM-ATM-007,City Hall,40.7128,-74.0059,clear,None,112,39,24
2024-08-15,LM-ATM-008,Chinatown,40.7158,-73.9973,clear,None,79,44,25
2024-08-15,LM-ATM-009,Little Italy,40.7191,-73.9973,clear,None,76,42,30
2024-08-15,LM-ATM-010,SoHo Broadway,40.7233,-74.002,clear,None,86,59,41
2024-08-15,LM-ATM-011,NoLiTa,40.7228,-73.9973,clear,None,67,41,23
2024-08-15,LM-ATM-012,Canal Street,40.719,-74.002,clear,None,88,52,28
2024-08-15,LM-ATM-013,World Trade Center,40.7116,-74.013,clear,None,144,48,31
2024-08-15,LM-ATM-014,Brookfield Place,40.7127,-74.0155,clear,None,132,49,28
2024-08-15,LM-ATM-015,Bowling Green,40.7047,-74.0141,clear,None,82,38,19
2024-08-15,LM-ATM-016,Staten Ferry Terminal,40.7013,-74.0132,clear,None,87,51,32
2024-08-15,LM-ATM-017,Essex Market,40.7193,-73.9874,clear,None,84,38,20
2024-08-15,LM-ATM-018,Houston Street,40.7282,-74.005,clear,None,79,40,24
2024-08-15,LM-ATM-019,Delancey Street,40.7188,-73.9885,clear,None,97,54,29
2024-08-15,LM-ATM-020,Pier 17,40.7058,-74.0027,clear,None,65,48,30
2024-08-16,LM-ATM-001,Battery Park,40.7033,-74.017,thunderstorm,None,41,29,16
2024-08-16,LM-ATM-002,Wall Street,40.7074,-74.0113,thunderstorm,None,66,22,9
2024-08-16,LM-ATM-003,Broad Street,40.7069,-74.0113,thunderstorm,None,80,28,12
2024-08-16,LM-ATM-004,Fulton Center,40.7103,-74.0076,thunderstorm,None,75,34,17
2024-08-16,LM-ATM-005,South Street Seaport,40.7069,-74.003,thunderstorm,None,52,44,24
2024-08-16,LM-ATM-006,Tribeca,40.7163,-74.0086,thunderstorm,None,59,29,15
2024-08-16,LM-ATM-007,City Hall,40.7128,-74.0059,thunderstorm,None,66,28,16
2024-08-16,LM-ATM-008,Chinatown,40.7158,-73.9973,thunderstorm,None,63,34,20
2024-08-16,LM-ATM-009,Little Italy,40.7191,-73.9973,thunderstorm,None,51,31,21
2024-08-16,LM-ATM-010,SoHo Broadway,40.7233,-74.002,thunderstorm,None,38,28,18
2024-08-16,LM-ATM-011,NoLiTa,40.7228,-73.9973,thunderstorm,None,46,35,20
2024-08-16,LM-ATM-012,Canal Street,40.719,-74.002,thunderstorm,None,63,37,20
2024-08-16,LM-ATM-013,World Trade Center,40.7116,-74.013,thunderstorm,None,100,40,27
2024-08-16,LM-ATM-014,Brookfield Place,40.7127,-74.0155,thunderstorm,None,80,31,14
2024-08-16,LM-ATM-015,Bowling Green,40.7047,-74.0141,thunderstorm,None,68,29,17
2024-08-16,LM-ATM-016,Staten Ferry Terminal,40.7013,-74.0132,thunderstorm,None,61,43,28
2024-08-16,LM-ATM-017,Essex Market,40.7193,-73.9874,thunderstorm,None,52,34,20
2024-08-16,LM-ATM-018,Houston Street,40.7282,-74.005,thunderstorm,None,61,37,24
2024-08-16,LM-ATM-019,Delancey Street,40.7188,-73.9885,thunderstorm,None,53,31,19
2024-08-16,LM-ATM-020,Pier 17,40.7058,-74.0027,thunderstorm,None,44,43,25
2024-08-17,LM-ATM-001,Battery Park,40.7033,-74.017,humid,None,64,47,25
2024-08-17,LM-ATM-002,Wall Street,40.7074,-74.0113,humid,None,98,27,13
2024-08-17,LM-ATM-003,Broad Street,40.7069,-74.0113,humid,None,95,30,14
2024-08-17,LM-ATM-004,Fulton Center,40.7103,-74.0076,humid,None,78,39,23
2024-08-17,LM-ATM-005,South Street Seaport,40.7069,-74.003,humid,None,76,66,33
2024-08-17,LM-ATM-006,Tribeca,40.7163,-74.0086,humid,None,76,38,18
2024-08-17,LM-ATM-007,City Hall,40.7128,-74.0059,humid,None,81,42,19
2024-08-17,LM-ATM-008,Chinatown,40.7158,-73.9973,humid,None,77,42,24
2024-08-17,LM-ATM-009,Little Italy,40.7191,-73.9973,humid,None,83,49,31
2024-08-17,LM-ATM-010,SoHo Broadway,40.7233,-74.002,humid,None,108,83,58
2024-08-17,LM-ATM-011,NoLiTa,40.7228,-73.9973,humid,None,65,44,27
2024-08-17,LM-ATM-012,Canal Street,40.719,-74.002,humid,None,95,65,33
2024-08-17,LM-ATM-013,World Trade Center,40.7116,-74.013,humid,None,90,39,21
2024-08-17,LM-ATM-014,Brookfield Place,40.7127,-74.0155,humid,None,102,45,27
2024-08-17,LM-ATM-015,Bowling Green,40.7047,-74.0141,humid,None,62,35,20
2024-08-17,LM-ATM-016,Staten Ferry Terminal,40.7013,-74.0132,humid,None,69,55,33
2024-08-17,LM-ATM-017,Essex Market,40.7193,-73.9874,humid,None,55,38,19
2024-08-17,LM-ATM-018,Houston Street,40.7282,-74.005,humid,None,79,50,30
2024-08-17,LM-ATM-019,Delancey Street,40.7188,-73.9885,humid,None,77,45,26
2024-08-17,LM-ATM-020,Pier 17,40.7058,-74.0027,humid,None,65,54,37
2024-08-18,LM-ATM-001,Battery Park,40.7033,-74.017,clear,None,78,57,30
2024-08-18,LM-ATM-002,Wall Street,40.7074,-74.0113,clear,None,92,27,12
2024-08-18,LM-ATM-003,Broad Street,40.7069,-74.0113,clear,None,89,31,13
2024-08-18,LM-ATM-004,Fulton Center,40.7103,-74.0076,clear,None,112,55,33
2024-08-18,LM-ATM-005,South Street Seaport,40.7069,-74.003,clear,None,75,59,33
2024-08-18,LM-ATM-006,Tribeca,40.7163,-74.0086,clear,None,69,29,16
2024-08-18,LM-ATM-007,City Hall,40.7128,-74.0059,clear,None,92,41,22
2024-08-18,LM-ATM-008,Chinatown,40.7158,-73.9973,clear,None,88,52,29
2024-08-18,LM-ATM-009,Little Italy,40.7191,-73.9973,clear,None,83,67,35
2024-08-18,LM-ATM-010,SoHo Broadway,40.7233,-74.002,clear,None,75,66,45
2024-08-18,LM-ATM-011,NoLiTa,40.7228,-73.9973,clear,None,73,52,28
2024-08-18,LM-ATM-012,Canal Street,40.719,-74.002,clear,None,107,65,37
2024-08-18,LM-ATM-013,World Trade Center,40.7116,-74.013,clear,None,139,51,28
2024-08-18,LM-ATM-014,Brookfield Place,40.7127,-74.0155,clear,None,132,50,30
2024-08-18,LM-ATM-015,Bowling Green,40.7047,-74.0141,clear,None,65,37,21
2024-08-18,LM-ATM-016,Staten Ferry Terminal,40.7013,-74.0132,clear,None,78,54,35
2024-08-18,LM-ATM-017,Essex Market,40.7193,-73.9874,clear,None,75,46,22
2024-08-18,LM-ATM-018,Houston Street,40.7282,-74.005,clear,None,86,55,38
2024-08-18,LM-ATM-019,Delancey Street,40.7188,-73.9885,clear,None,89,47,27
2024-08-18,LM-ATM-020,Pier 17,40.7058,-74.0027,clear,None,77,65,41
2024-08-19,LM-ATM-001,Battery Park,40.7033,-74.017,clear,None,91,56,29
2024-08-19,LM-ATM-002,Wall Street,40.7074,-74.0113,clear,None,158,38,16
2024-08-19,LM-ATM-003,Broad Street,40.7069,-74.0113,clear,None,126,34,13
2024-08-19,LM-ATM-004,Fulton Center,40.7103,-74.0076,clear,None,119,61,32
2024-08-19,LM-ATM-005,South Street Seaport,40.7069,-74.003,clear,None,75,50,30
2024-08-19,LM-ATM-006,Tribeca,40.7163,-74.0086,clear,None,85,30,16
2024-08-19,LM-ATM-007,City Hall,40.7128,-74.0059,clear,None,97,37,20
2024-08-19,LM-ATM-008,Chinatown,40.7158,-73.9973,clear,None,101,55,30
2024-08-19,LM-ATM-009,Little Italy,40.7191,-73.9973,clear,None,80,48,32
2024-08-19,LM-ATM-010,SoHo Broadway,40.7233,-74.002,clear,None,81,53,34
2024-08-19,LM-ATM-011,NoLiTa,40.7228,-73.9973,clear,None,68,42,24
2024-08-19,LM-ATM-012,Canal Street,40.719,-74.002,clear,None,113,55,34
2024-08-19,LM-ATM-013,World Trade Center,40.7116,-74.013,clear,None,93,38,21
2024-08-19,LM-ATM-014,Brookfield Place,40.7127,-74.0155,clear,None,135,55,29
2024-08-19,LM-ATM-015,Bowling Green,40.7047,-74.0141,clear,None,106,44,26
2024-08-19,LM-ATM-016,Staten Ferry Terminal,40.7013,-74.0132,clear,None,83,48,31
2024-08-19,LM-ATM-017,Essex Market,40.7193,-73.9874,clear,None,71,39,18
2024-08-19,LM-ATM-018,Houston Street,40.7282,-74.005,clear,None,87,57,29
2024-08-19,LM-ATM-019,Delancey Street,40.7188,-73.9885,clear,None,70,35,21
2024-08-19,LM-ATM-020,Pier 17,40.7058,-74.0027,clear,None,62,47,30
2024-08-20,LM-ATM-001,Battery Park,40.7033,-74.017,thunderstorm,None,44,34,19
2024-08-20,LM-ATM-002,Wall Street,40.7074,-74.0113,thunderstorm,None,94,23,14
2024-08-20,LM-ATM-003,Broad Street,40.7069,-74.0113,thunderstorm,None,96,27,15
2024-08-20,LM-ATM-004,Fulton Center,40.7103,-74.0076,thunderstorm,None,85,41,23
2024-08-20,LM-ATM-005,South Street Seaport,40.7069,-74.003,thunderstorm,None,53,34,24
2024-08-20,LM-ATM-006,Tribeca,40.7163,-74.0086,thunderstorm,None,50,22,12
2024-08-20,LM-ATM-007,City Hall,40.7128,-74.0059,thunderstorm,None,64,29,16
2024-08-20,LM-ATM-008,Chinatown,40.7158,-73.9973,thunderstorm,None,51,29,16
2024-08-20,LM-ATM-009,Little Italy,40.7191,-73.9973,thunderstorm,None,45,31,19
2024-08-20,LM-ATM-010,SoHo Broadway,40.7233,-74.002,thunderstorm,None,62,45,33
2024-08-20,LM-ATM-011,NoLiTa,40.7228,-73.9973,thunderstorm,None,47,30,17
2024-08-20,LM-ATM-012,Canal Street,40.719,-74.002,thunderstorm,None,54,34,17
2024-08-20,LM-ATM-013,World Trade Center,40.7116,-74.013,thunderstorm,None,90,41,20
2024-08-20,LM-ATM-014,Brookfield Place,40.7127,-74.0155,thunderstorm,None,64,23,13
2024-08-20,LM-ATM-015,Bowling Green,40.7047,-74.0141,thunderstorm,None,73,33,18
2024-08-20,LM-ATM-016,Staten Ferry Terminal,40.7013,-74.0132,thunderstorm,None,42,37,22
2024-08-20,LM-ATM-017,Essex Market,40.7193,-73.9874,thunderstorm,None,56,31,15
2024-08-20,LM-ATM-018,Houston Street,40.7282,-74.005,thunderstorm,None,45,33,17
2024-08-20,LM-ATM-019,Delancey Street,40.7188,-73.9885,thunderstorm,None,56,39,22
2024-08-20,LM-ATM-020,Pier 17,40.7058,-74.0027,thunderstorm,None,50,35,23
2024-08-21,LM-ATM-001,Battery Park,40.7033,-74.017,humid,None,74,43,27
2024-08-21,LM-ATM-002,Wall Street,40.7074,-74.0113,humid,None,139,33,13
2024-08-21,LM-ATM-003,Broad Street,40.7069,-74.0113,humid,None,135,30,20
2024-08-21,LM-ATM-004,Fulton Center,40.7103,-74.0076,humid,None,108,47,24
2024-08-21,LM-ATM-005,South Street Seaport,40.7069,-74.003,humid,None,73,47,29
2024-08-21,LM-ATM-006,Tribeca,40.7163,-74.0086,humid,None,85,37,15
2024-08-21,LM-ATM-007,City Hall,40.7128,-74.0059,humid,None,92,31,18
2024-08-21,LM-ATM-008,Chinatown,40.7158,-73.9973,humid,None,88,44,27
2024-08-21,LM-ATM-009,Little Italy,40.7191,-73.9973,humid,None,58,39,24
2024-08-21,LM-ATM-010,SoHo Broadway,40.7233,-74.002,humid,None,81,59,35
2024-08-21,LM-ATM-011,NoLiTa,40.7228,-73.9973,humid,None,65,44,25
2024-08-21,LM-ATM-012,Canal Street,40.719,-74.002,humid,None,88,47,25
2024-08-21,LM-ATM-013,World Trade Center,40.7116,-74.013,humid,None,122,32,21
2024-08-21,LM-ATM-014,Brookfield Place,40.7127,-74.0155,humid,None,119,41,23
2024-08-21,LM-ATM-015,Bowling Green,40.7047,-74.0141,humid,None,103,37,23
2024-08-21,LM-ATM-016,Staten Ferry Terminal,40.7013,-74.0132,humid,None,63,40,26
2024-08-21,LM-ATM-017,Essex Market,40.7193,-73.9874,humid,None,81,39,25
2024-08-21,LM-ATM-018,Houston Street,40.7282,-74.005,humid,None,68,41,25
2024-08-21,LM-ATM-019,Delancey Street,40.7188,-73.9885,humid,None,68,35,18
2024-08-21,LM-ATM-020,Pier 17,40.7058,-74.0027,humid,None,71,51,35
2024-08-22,LM-ATM-001,Battery Park,40.7033,-74.017,clear,None,74,48,28
2024-08-22,LM-ATM-002,Wall Street,40.7074,-74.0113,clear,None,119,28,14
2024-08-22,LM-ATM-003,Broad Street,40.7069,-74.0113,clear,None,112,35,15
2024-08-22,LM-ATM-004,Fulton Center,40.7103,-74.0076,clear,None,100,46,22
2024-08-22,LM-ATM-005,South Street Seaport,40.7069,-74.003,clear,None,84,56,33
2024-08-22,LM-ATM-006,Tribeca,40.7163,-74.0086,clear,None,75,28,12
2024-08-22,LM-ATM-007,City Hall,40.7128,-74.0059,clear,None,103,39,17
2024-08-22,LM-ATM-008,Chinatown,40.7158,-73.9973,clear,None,105,44,23
2024-08-22,LM-ATM-009,Little Italy,40.7191,-73.9973,clear,None,68,44,25
2024-08-22,LM-ATM-010,SoHo Broadway,40.7233,-74.002,clear,None,89,60,41
2024-08-22,LM-ATM-011,NoLiTa,40.7228,-73.9973,clear,None,67,38,22
2024-08-22,LM-ATM-012,Canal Street,40.719,-74.002,clear,None,92,51,29
2024-08-22,LM-ATM-013,World Trade Center,40.7116,-74.013,clear,None,131,43,23
2024-08-22,LM-ATM-014,Brookfield Place,40.7127,-74.0155,clear,None,141,42,28
2024-08-22,LM-ATM-015,Bowling Green,40.7047,-74.0141,clear,None,104,42,24
2024-08-22,LM-ATM-016,Staten Ferry Terminal,40.7013,-74.0132,clear,None,81,57,35
2024-08-22,LM-ATM-017,Essex Market,40.7193,-73.9874,clear,None,100,44,30
2024-08-22,LM-ATM-018,Houston Street,40.7282,-74.005,clear,None,94,52,33
2024-08-22,LM-ATM-019,Delancey Street,40.7188,-73.9885,clear,None,87,47,27
2024-08-22,LM-ATM-020,Pier 17,40.7058,-74.0027,clear,None,81,53,39
2024-08-23,LM-ATM-001,Battery Park,40.7033,-74.017,rain,None,55,28,19
2024-08-23,LM-ATM-002,Wall Street,40.7074,-74.0113,rain,None,139,30,17
2024-08-23,LM-ATM-003,Broad Street,40.7069,-74.0113,rain,None,111,28,11
2024-08-23,LM-ATM-004,Fulton Center,40.7103,-74.0076,rain,None,100,38,22
2024-08-23,LM-ATM-005,South Street Seaport,40.7069,-74.003,rain,None,60,41,24
2024-08-23,LM-ATM-006,Tribeca,40.7163,-74.0086,rain,None,84,27,15
2024-08-23,LM-ATM-007,City Hall,40.7128,-74.0059,rain,None,88,31,16
2024-08-23,LM-ATM-008,Chinatown,40.7158,-73.9973,rain,None,76,39,23
2024-08-23,LM-ATM-009,Little Italy,40.7191,-73.9973,rain,None,57,38,23
2024-08-23,LM-ATM-010,SoHo Broadway,40.7233,-74.002,rain,None,74,54,35
2024-08-23,LM-ATM-011,NoLiTa,40.7228,-73.9973,rain,None,72,40,24
2024-08-23,LM-ATM-012,Canal Street,40.719,-74.002,rain,None,72,37,23
2024-08-23,LM-ATM-013,World Trade Center,40.7116,-74.013,rain,None,114,42,24
2024-08-23,LM-ATM-014,Brookfield Place,40.7127,-74.0155,rain,None,99,33,20
2024-08-23,LM-ATM-015,Bowling Green,40.7047,-74.0141,rain,None,86,38,23
2024-08-23,LM-ATM-016,Staten Ferry Terminal,40.7013,-74.0132,rain,None,63,43,27
2024-08-23,LM-ATM-017,Essex Market,40.7193,-73.9874,rain,None,67,31,15
2024-08-23,LM-ATM-018,Houston Street,40.7282,-74.005,rain,None,77,42,26
2024-08-23,LM-ATM-019,Delancey Street,40.7188,-73.9885,rain,None,69,40,22
2024-08-23,LM-ATM-020,Pier 17,40.7058,-74.0027,rain,None,63,51,30
2024-08-24,LM-ATM-001,Battery Park,40.7033,-74.017,clear,None,82,59,30
2024-08-24,LM-ATM-002,Wall Street,40.7074,-74.0113,clear,None,110,37,16
2024-08-24,LM-ATM-003,Broad Street,40.7069,-74.0113,clear,None,105,39,15
2024-08-24,LM-ATM-004,Fulton Center,40.7103,-74.0076,clear,None,130,49,31
2024-08-24,LM-ATM-005,South Street Seaport,40.7069,-74.003,clear,None,98,67,43
2024-08-24,LM-ATM-006,Tribeca,40.7163,-74.0086,clear,None,93,44,21
2024-08-24,LM-ATM-007,City Hall,40.7128,-74.0059,clear,None,98,44,20
2024-08-24,LM-ATM-008,Chinatown,40.7158,-73.9973,clear,None,83,51,29
2024-08-24,LM-ATM-009,Little Italy,40.7191,-73.9973,clear,None,75,58,29
2024-08-24,LM-ATM-010,SoHo Broadway,40.7233,-74.002,clear,None,97,80,51
2024-08-24,LM-ATM-011,NoLiTa,40.7228,-73.9973,clear,None,55,37,24
2024-08-24,LM-ATM-012,Canal Street,40.719,-74.002,clear,None,83,51,31
2024-08-24,LM-ATM-013,World Trade Center,40.7116,-74.013,clear,None,98,47,22
2024-08-24,LM-ATM-014,Brookfield Place,40.7127,-74.0155,clear,None,115,50,29
2024-08-24,LM-ATM-015,Bowling Green,40.7047,-74.0141,clear,None,86,43,23
2024-08-24,LM-ATM-016,Staten Ferry Terminal,40.7013,-74.0132,clear,None,82,60,37
2024-08-24,LM-ATM-017,Essex Market,40.7193,-73.9874,clear,None,73,49,27
2024-08-24,LM-ATM-018,Houston Street,40.7282,-74.005,clear,None,76,48,28
2024-08-24,LM-ATM-019,Delancey Street,40.7188,-73.9885,clear,None,64,40,23
2024-08-24,LM-ATM-020,Pier 17,40.7058,-74.0027,clear,None,76,62,38
2024-08-25,LM-ATM-001,Battery Park,40.7033,-74.017,clear,None,80,52,31
2024-08-25,LM-ATM-002,Wall Street,40.7074,-74.0113,clear,None,101,33,16
2024-08-25,LM-ATM-003,Broad Street,40.7069,-74.0113,clear,None,95,33,12
2024-08-25,LM-ATM-004,Fulton Center,40.7103,-74.0076,clear,None,92,45,24
2024-08-25,LM-ATM-005,South Street Seaport,40.7069,-74.003,clear,None,76,57,40
2024-08-25,LM-ATM-006,Tribeca,40.7163,-74.0086,clear,None,68,34,17
2024-08-25,LM-ATM-007,City Hall,40.7128,-74.0059,clear,None,109,53,26
2024-08-25,LM-ATM-008,Chinatown,40.7158,-73.9973,clear,None,116,65,34
2024-08-25,LM-ATM-009,Little Italy,40.7191,-73.9973,clear,None,75,57,31
2024-08-25,LM-ATM-010,SoHo Broadway,40.7233,-74.002,clear,None,107,84,57
2024-08-25,LM-ATM-011,NoLiTa,40.7228,-73.9973,clear,None,88,60,34
2024-08-25,LM-ATM-012,Canal Street,40.719,-74.002,clear,None,93,64,35
2024-08-25,LM-ATM-013,World Trade Center,40.7116,-74.013,clear,None,105,48,26
2024-08-25,LM-ATM-014,Brookfield Place,40.7127,-74.0155,clear,None,101,45,27
2024-08-25,LM-ATM-015,Bowling Green,40.7047,-74.0141,clear,None,102,48,25
2024-08-25,LM-ATM-016,Staten Ferry Terminal,40.7013,-74.0132,clear,None,87,64,41
2024-08-25,LM-ATM-017,Essex Market,40.7193,-73.9874,clear,None,66,44,22
2024-08-25,LM-ATM-018,Houston Street,40.7282,-74.005,clear,None,98,61,38
2024-08-25,LM-ATM-019,Delancey Street,40.7188,-73.9885,clear,None,69,43,23
2024-08-25,LM-ATM-020,Pier 17,40.7058,-74.0027,clear,None,68,60,37
2024-08-26,LM-ATM-001,Battery Park,40.7033,-74.017,humid,None,65,43,23
2024-08-26,LM-ATM-002,Wall Street,40.7074,-74.0113,humid,None,118,22,12
2024-08-26,LM-ATM-003,Broad Street,40.7069,-74.0113,humid,None,105,28,14
2024-08-26,LM-ATM-004,Fulton Center,40.7103,-74.0076,humid,None,104,43,22
2024-08-26,LM-ATM-005,South Street Seaport,40.7069,-74.003,humid,None,65,45,27
2024-08-26,LM-ATM-006,Tribeca,40.7163,-74.0086,humid,None,68,29,12
2024-08-26,LM-ATM-007,City Hall,40.7128,-74.0059,humid,None,81,33,19
2024-08-26,LM-ATM-008,Chinatown,40.7158,-73.9973,humid,None,84,46,23
2024-08-26,LM-ATM-009,Little Italy,40.7191,-73.9973,humid,None,62,39,23
2024-08-26,LM-ATM-010,SoHo Broadway,40.7233,-74.002,humid,None,69,56,34
2024-08-26,LM-ATM-011,NoLiTa,40.7228,-73.9973,humid,None,63,38,23
2024-08-26,LM-ATM-012,Canal Street,40.719,-74.002,humid,None,88,49,26
2024-08-26,LM-ATM-013,World Trade Center,40.7116,-74.013,humid,None,105,34,20
2024-08-26,LM-ATM-014,Brookfield Place,40.7127,-74.0155,humid,None,131,52,27
2024-08-26,LM-ATM-015,Bowling Green,40.7047,-74.0141,humid,None,105,35,24
2024-08-26,LM-ATM-016,Staten Ferry Terminal,40.7013,-74.0132,humid,None,71,44,28
2024-08-26,LM-ATM-017,Essex Market,40.7193,-73.9874,humid,None,74,38,23
2024-08-26,LM-ATM-018,Houston Street,40.7282,-74.005,humid,None,66,37,20
2024-08-26,LM-ATM-019,Delancey Street,40.7188,-73.9885,humid,None,66,31,19
2024-08-26,LM-ATM-020,Pier 17,40.7058,-74.0027,humid,None,55,43,26
2024-08-27,LM-ATM-001,Battery Park,40.7033,-74.017,humid,None,70,38,23
2024-08-27,LM-ATM-002,Wall Street,40.7074,-74.0113,humid,None,132,28,16
2024-08-27,LM-ATM-003,Broad Street,40.7069,-74.0113,humid,None,98,27,13
2024-08-27,LM-ATM-004,Fulton Center,40.7103,-74.0076,humid,None,114,52,28
2024-08-27,LM-ATM-005,South Street Seaport,40.7069,-74.003,humid,None,76,46,28
2024-08-27,LM-ATM-006,Tribeca,40.7163,-74.0086,humid,None,96,39,18
2024-08-27,LM-ATM-007,City Hall,40.7128,-74.0059,humid,None,89,36,16
2024-08-27,LM-ATM-008,Chinatown,40.7158,-73.9973,humid,None,80,36,23
2024-08-27,LM-ATM-009,Little Italy,40.7191,-73.9973,humid,None,90,47,27
2024-08-27,LM-ATM-010,SoHo Broadway,40.7233,-74.002,humid,None,90,64,42
2024-08-27,LM-ATM-011,NoLiTa,40.7228,-73.9973,humid,None,69,40,24
2024-08-27,LM-ATM-012,Canal Street,40.719,-74.002,humid,None,88,44,29
2024-08-27,LM-ATM-013,World Trade Center,40.7116,-74.013,humid,None,115,47,27
2024-08-27,LM-ATM-014,Brookfield Place,40.7127,-74.0155,humid,None,108,46,22
2024-08-27,LM-ATM-015,Bowling Green,40.7047,-74.0141,humid,None,90,39,19
2024-08-27,LM-ATM-016,Staten Ferry Terminal,40.7013,-74.0132,humid,None,89,56,35
2024-08-27,LM-ATM-017,Essex Market,40.7193,-73.9874,humid,None,71,36,21
2024-08-27,LM-ATM-018,Houston Street,40.7282,-74.005,humid,None,97,59,32
2024-08-27,LM-ATM-019,Delancey Street,40.7188,-73.9885,humid,None,60,35,17
2024-08-27,LM-ATM-020,Pier 17,40.7058,-74.0027,humid,None,59,45,29
2024-08-28,LM-ATM-001,Battery Park,40.7033,-74.017,humid,None,78,38,24
2024-08-28,LM-ATM-002,Wall Street,40.7074,-74.0113,humid,None,141,34,16
2024-08-28,LM-ATM-003,Broad Street,40.7069,-74.0113,humid,None,140,35,15
2024-08-28,LM-ATM-004,Fulton Center,40.7103,-74.0076,humid,None,114,49,26
2024-08-28,LM-ATM-005,South Street Seaport,40.7069,-74.003,humid,None,74,48,30
2024-08-28,LM-ATM-006,Tribeca,40.7163,-74.0086,humid,None,95,41,22
2024-08-28,LM-ATM-007,City Hall,40.7128,-74.0059,humid,None,90,39,23
2024-08-28,LM-ATM-008,Chinatown,40.7158,-73.9973,humid,None,66,37,19
2024-08-28,LM-ATM-009,Little Italy,40.7191,-73.9973,humid,None,92,43,31
2024-08-28,LM-ATM-010,SoHo Broadway,40.7233,-74.002,humid,None,81,53,34
2024-08-28,LM-ATM-011,NoLiTa,40.7228,-73.9973,humid,None,61,41,23
2024-08-28,LM-ATM-012,Canal Street,40.719,-74.002,humid,None,86,45,30
2024-08-28,LM-ATM-013,World Trade Center,40.7116,-74.013,humid,None,114,36,24
2024-08-28,LM-ATM-014,Brookfield Place,40.7127,-74.0155,humid,None,141,58,30
2024-08-28,LM-ATM-015,Bowling Green,40.7047,-74.0141,humid,None,119,50,26
2024-08-28,LM-ATM-016,Staten Ferry Terminal,40.7013,-74.0132,humid,None,90,67,43
2024-08-28,LM-ATM-017,Essex Market,40.7193,-73.9874,humid,None,82,39,23
2024-08-28,LM-ATM-018,Houston Street,40.7282,-74.005,humid,None,89,52,26
2024-08-28,LM-ATM-019,Delancey Street,40.7188,-73.9885,humid,None,73,37,24
2024-08-28,LM-ATM-020,Pier 17,40.7058,-74.0027,humid,None,75,55,39
2024-08-29,LM-ATM-001,Battery Park,40.7033,-74.017,clear,None,78,44,27
2024-08-29,LM-ATM-002,Wall Street,40.7074,-74.0113,clear,None,141,30,16
2024-08-29,LM-ATM-003,Broad Street,40.7069,-74.0113,clear,None,128,32,17
2024-08-29,LM-ATM-004,Fulton Center,40.7103,-74.0076,clear,None,117,52,25
2024-08-29,LM-ATM-005,South Street Seaport,40.7069,-74.003,clear,None,87,64,33
2024-08-29,LM-ATM-006,Tribeca,40.7163,-74.0086,clear,None,105,40,21
2024-08-29,LM-ATM-007,City Hall,40.7128,-74.0059,clear,None,101,37,20
2024-08-29,LM-ATM-008,Chinatown,40.7158,-73.9973,clear,None,96,45,25
2024-08-29,LM-ATM-009,Little Italy,40.7191,-73.9973,clear,None,79,47,30
2024-08-29,LM-ATM-010,SoHo Broadway,40.7233,-74.002,clear,None,97,64,40
2024-08-29,LM-ATM-011,NoLiTa,40.7228,-73.9973,clear,None,54,32,20
2024-08-29,LM-ATM-012,Canal Street,40.719,-74.002,clear,None,111,58,35
2024-08-29,LM-ATM-013,World Trade Center,40.7116,-74.013,clear,None,145,48,36
2024-08-29,LM-ATM-014,Brookfield Place,40.7127,-74.0155,clear,None,136,45,25
2024-08-29,LM-ATM-015,Bowling Green,40.7047,-74.0141,clear,None,112,47,25
2024-08-29,LM-ATM-016,Staten Ferry Terminal,40.7013,-74.0132,clear,None,82,56,35
2024-08-29,LM-ATM-017,Essex Market,40.7193,-73.9874,clear,None,82,45,25
2024-08-29,LM-ATM-018,Houston Street,40.7282,-74.005,clear,None,70,44,24
2024-08-29,LM-ATM-019,Delancey Street,40.7188,-73.9885,clear,None,75,37,25
2024-08-29,LM-ATM-020,Pier 17,40.7058,-74.0027,clear,None,78,59,36
2024-08-30,LM-ATM-001,Battery Park,40.7033,-74.017,clear,None,83,46,28
2024-08-30,LM-ATM-002,Wall Street,40.7074,-74.0113,clear,None,166,41,17
2024-08-30,LM-ATM-003,Broad Street,40.7069,-74.0113,clear,None,171,36,23
2024-08-30,LM-ATM-004,Fulton Center,40.7103,-74.0076,clear,None,115,50,25
2024-08-30,LM-ATM-005,South Street Seaport,40.7069,-74.003,clear,None,92,62,38
2024-08-30,LM-ATM-006,Tribeca,40.7163,-74.0086,clear,None,90,35,20
2024-08-30,LM-ATM-007,City Hall,40.7128,-74.0059,clear,None,99,40,23
2024-08-30,LM-ATM-008,Chinatown,40.7158,-73.9973,clear,None,87,45,28
2024-08-30,LM-ATM-009,Little Italy,40.7191,-73.9973,clear,None,92,47,31
2024-08-30,LM-ATM-010,SoHo Broadway,40.7233,-74.002,clear,None,78,58,37
2024-08-30,LM-ATM-011,NoLiTa,40.7228,-73.9973,clear,None,66,42,22
2024-08-30,LM-ATM-012,Canal Street,40.719,-74.002,clear,None,103,51,30
2024-08-30,LM-ATM-013,World Trade Center,40.7116,-74.013,clear,None,140,52,30
2024-08-30,LM-ATM-014,Brookfield Place,40.7127,-74.0155,clear,None,126,52,24
2024-08-30,LM-ATM-015,Bowling Green,40.7047,-74.0141,clear,None,98,33,23
2024-08-30,LM-ATM-016,Staten Ferry Terminal,40.7013,-74.0132,clear,None,92,53,35
2024-08-30,LM-ATM-017,Essex Market,40.7193,-73.9874,clear,None,76,36,20
2024-08-30,LM-ATM-018,Houston Street,40.7282,-74.005,clear,None,85,44,29
2024-08-30,LM-ATM-019,Delancey Street,40.7188,-73.9885,clear,None,77,35,25
2024-08-30,LM-ATM-020,Pier 17,40.7058,-74.0027,clear,None,78,59,39
2024-08-31,LM-ATM-001,Battery Park,40.7033,-74.017,clear,None,68,51,29
2024-08-31,LM-ATM-002,Wall Street,40.7074,-74.0113,clear,None,95,32,11
2024-08-31,LM-ATM-003,Broad Street,40.7069,-74.0113,clear,None,115,34,17
2024-08-31,LM-ATM-004,Fulton Center,40.7103,-74.0076,clear,None,106,53,28
2024-08-31,LM-ATM-005,South Street Seaport,40.7069,-74.003,clear,None,72,60,35
2024-08-31,LM-ATM-006,Tribeca,40.7163,-74.0086,clear,None,79,32,18
2024-08-31,LM-ATM-007,City Hall,40.7128,-74.0059,clear,None,83,45,18
2024-08-31,LM-ATM-008,Chinatown,40.7158,-73.9973,clear,None,72,51,26
2024-08-31,LM-ATM-009,Little Italy,40.7191,-73.9973,clear,None,69,50,28
2024-08-31,LM-ATM-010,SoHo Broadway,40.7233,-74.002,clear,None,76,78,50
2024-08-31,LM-ATM-011,NoLiTa,40.7228,-73.9973,clear,None,76,52,32
2024-08-31,LM-ATM-012,Canal Street,40.719,-74.002,clear,None,93,47,32
2024-08-31,LM-ATM-013,World Trade Center,40.7116,-74.013,clear,None,125,54,26
2024-08-31,LM-ATM-014,Brookfield Place,40.7127,-74.0155,clear,None,95,42,20
2024-08-31,LM-ATM-015,Bowling Green,40.7047,-74.0141,clear,None,74,37,19
2024-08-31,LM-ATM-016,Staten Ferry Terminal,40.7013,-74.0132,clear,None,86,62,38
2024-08-31,LM-ATM-017,Essex Market,40.7193,-73.9874,clear,None,71,42,21
2024-08-31,LM-ATM-018,Houston Street,40.7282,-74.005,clear,None,65,45,26
2024-08-31,LM-ATM-019,Delancey Street,40.7188,-73.9885,clear,None,78,45,27
2024-08-31,LM-ATM-020,Pier 17,40.7058,-74.0027,clear,None,83,72,41
2024-09-01,LM-ATM-001,Battery Park,40.7033,-74.017,rain,None,45,27,17
2024-09-01,LM-ATM-002,Wall Street,40.7074,-74.0113,rain,None,70,21,11
2024-09-01,LM-ATM-003,Broad Street,40.7069,-74.0113,rain,None,85,26,11
2024-09-01,LM-ATM-004,Fulton Center,40.7103,-74.0076,rain,None,94,45,23
2024-09-01,LM-ATM-005,South Street Seaport,40.7069,-74.003,rain,None,62,48,31
2024-09-01,LM-ATM-006,Tribeca,40.7163,-74.0086,rain,None,56,27,13
2024-09-01,LM-ATM-007,City Hall,40.7128,-74.0059,rain,None,55,28,12
2024-09-01,LM-ATM-008,Chinatown,40.7158,-73.9973,rain,None,84,43,24
2024-09-01,LM-ATM-009,Little Italy,40.7191,-73.9973,rain,None,53,39,21
2024-09-01,LM-ATM-010,SoHo Broadway,40.7233,-74.002,rain,None,71,49,39
2024-09-01,LM-ATM-011,NoLiTa,40.7228,-73.9973,rain,None,60,44,26
2024-09-01,LM-ATM-012,Canal Street,40.719,-74.002,rain,None,65,36,21
2024-09-01,LM-ATM-013,World Trade Center,40.7116,-74.013,rain,None,96,42,21
2024-09-01,LM-ATM-014,Brookfield Place,40.7127,-74.0155,rain,None,74,32,17
2024-09-01,LM-ATM-015,Bowling Green,40.7047,-74.0141,rain,None,69,37,20
2024-09-01,LM-ATM-016,Staten Ferry Terminal,40.7013,-74.0132,rain,None,63,45,25
2024-09-01,LM-ATM-017,Essex Market,40.7193,-73.9874,rain,None,57,28,18
2024-09-01,LM-ATM-018,Houston Street,40.7282,-74.005,rain,None,71,43,27
2024-09-01,LM-ATM-019,Delancey Street,40.7188,-73.9885,rain,None,57,31,20
2024-09-01,LM-ATM-020,Pier 17,40.7058,-74.0027,rain,None,56,46,27
2024-09-02,LM-ATM-001,Battery Park,40.7033,-74.017,humid,None,66,38,23
2024-09-02,LM-ATM-002,Wall Street,40.7074,-74.0113,humid,None,99,22,9
2024-09-02,LM-ATM-003,Broad Street,40.7069,-74.0113,humid,None,123,27,16
2024-09-02,LM-ATM-004,Fulton Center,40.7103,-74.0076,humid,None,90,39,19
2024-09-02,LM-ATM-005,South Street Seaport,40.7069,-74.003,humid,None,74,39,29
2024-09-02,LM-ATM-006,Tribeca,40.7163,-74.0086,humid,None,84,27,17
2024-09-02,LM-ATM-007,City Hall,40.7128,-74.0059,humid,None,97,34,21
2024-09-02,LM-ATM-008,Chinatown,40.7158,-73.9973,humid,None,88,41,25
2024-09-02,LM-ATM-009,Little Italy,40.7191,-73.9973,humid,None,66,42,24
2024-09-02,LM-ATM-010,SoHo Broadway,40.7233,-74.002,humid,None,70,57,30
2024-09-02,LM-ATM-011,NoLiTa,40.7228,-73.9973,humid,None,69,38,24
2024-09-02,LM-ATM-012,Canal Street,40.719,-74.002,humid,None,63,29,17
2024-09-02,LM-ATM-013,World Trade Center,40.7116,-74.013,humid,None,126,42,26
2024-09-02,LM-ATM-014,Brookfield Place,40.7127,-74.0155,humid,None,103,35,21
2024-09-02,LM-ATM-015,Bowling Green,40.7047,-74.0141,humid,None,98,41,19
2024-09-02,LM-ATM-016,Staten Ferry Terminal,40.7013,-74.0132,humid,None,73,41,27
2024-09-02,LM-ATM-017,Essex Market,40.7193,-73.9874,humid,None,74,39,20
2024-09-02,LM-ATM-018,Houston Street,40.7282,-74.005,humid,None,67,43,23
2024-09-02,LM-ATM-019,Delancey Street,40.7188,-73.9885,humid,None,62,32,19
2024-09-02,LM-ATM-020,Pier 17,40.7058,-74.0027,humid,None,56,45,26
2024-09-03,LM-ATM-001,Battery Park,40.7033,-74.017,clear,None,76,53,28
2024-09-03,LM-ATM-002,Wall Street,40.7074,-74.0113,clear,None,134,29,13
2024-09-03,LM-ATM-003,Broad Street,40.7069,-74.0113,clear,None,122,31,15
2024-09-03,LM-ATM-004,Fulton Center,40.7103,-74.0076,clear,None,120,48,28
2024-09-03,LM-ATM-005,South Street Seaport,40.7069,-74.003,clear,None,83,58,33
2024-09-03,LM-ATM-006,Tribeca,40.7163,-74.0086,clear,None,106,41,18
2024-09-03,LM-ATM-007,City Hall,40.7128,-74.0059,clear,None,82,31,18
2024-09-03,LM-ATM-008,Chinatown,40.7158,-73.9973,clear,None,104,53,31
2024-09-03,LM-ATM-009,Little Italy,40.7191,-73.9973,clear,None,73,45,25
2024-09-03,LM-ATM-010,SoHo Broadway,40.7233,-74.002,clear,None,76,53,37
2024-09-03,LM-ATM-011,NoLiTa,40.7228,-73.9973,clear,None,64,42,27
2024-09-03,LM-ATM-012,Canal Street,40.719,-74.002,clear,None,77,39,25
2024-09-03,LM-ATM-013,World Trade Center,40.7116,-74.013,clear,None,135,48,28
2024-09-03,LM-ATM-014,Brookfield Place,40.7127,-74.0155,clear,None,115,41,22
2024-09-03,LM-ATM-015,Bowling Green,40.7047,-74.0141,clear,None,82,45,23
2024-09-03,LM-ATM-016,Staten Ferry Terminal,40.7013,-74.0132,clear,None,79,50,31
2024-09-03,LM-ATM-017,Essex Market,40.7193,-73.9874,clear,None,69,33,21
2024-09-03,LM-ATM-018,Houston Street,40.7282,-74.005,clear,None,74,41,23
2024-09-03,LM-ATM-019,Delancey Street,40.7188,-73.9885,clear,None,68,38,21
2024-09-03,LM-ATM-020,Pier 17,40.7058,-74.0027,clear,None,71,55,34
2024-09-04,LM-ATM-001,Battery Park,40.7033,-74.017,cloudy,None,72,53,29
2024-09-04,LM-ATM-002,Wall Street,40.7074,-74.0113,cloudy,None,114,30,13
2024-09-04,LM-ATM-003,Broad Street,40.7069,-74.0113,cloudy,None,132,27,16
2024-09-04,LM-ATM-004,Fulton Center,40.7103,-74.0076,cloudy,None,114,46,25
2024-09-04,LM-ATM-005,South Street Seaport,40.7069,-74.003,cloudy,None,79,51,32
2024-09-04,LM-ATM-006,Tribeca,40.7163,-74.0086,cloudy,None,85,28,14
2024-09-04,LM-ATM-007,City Hall,40.7128,-74.0059,cloudy,None,89,28,18
2024-09-04,LM-ATM-008,Chinatown,40.7158,-73.9973,cloudy,None,67,34,19
2024-09-04,LM-ATM-009,Little Italy,40.7191,-73.9973,cloudy,None,70,43,27
2024-09-04,LM-ATM-010,SoHo Broadway,40.7233,-74.002,cloudy,None,91,61,39
2024-09-04,LM-ATM-011,NoLiTa,40.7228,-73.9973,cloudy,None,69,44,25
2024-09-04,LM-ATM-012,Canal Street,40.719,-74.002,cloudy,None,78,39,21
2024-09-04,LM-ATM-013,World Trade Center,40.7116,-74.013,cloudy,None,119,42,25
2024-09-04,LM-ATM-014,Brookfield Place,40.7127,-74.0155,cloudy,None,108,36,22
2024-09-04,LM-ATM-015,Bowling Green,40.7047,-74.0141,cloudy,None,72,29,18
2024-09-04,LM-ATM-016,Staten Ferry Terminal,40.7013,-74.0132,cloudy,None,80,57,39
2024-09-04,LM-ATM-017,Essex Market,40.7193,-73.9874,cloudy,None,71,33,20
2024-09-04,LM-ATM-018,Houston Street,40.7282,-74.005,cloudy,None,75,43,23
2024-09-04,LM-ATM-019,Delancey Street,40.7188,-73.9885,cloudy,None,62,26,17
2024-09-04,LM-ATM-020,Pier 17,40.7058,-74.0027,cloudy,None,67,46,33
2024-09-05,LM-ATM-001,Battery Park,40.7033,-74.017,rain,None,72,36,25
2024-09-05,LM-ATM-002,Wall Street,40.7074,-74.0113,rain,None,114,29,12
2024-09-05,LM-ATM-003,Broad Street,40.7069,-74.0113,rain,None,99,23,11
2024-09-05,LM-ATM-004,Fulton Center,40.7103,-74.0076,rain,None,104,42,21
2024-09-05,LM-ATM-005,South Street Seaport,40.7069,-74.003,rain,None,58,40,23
2024-09-05,LM-ATM-006,Tribeca,40.7163,-74.0086,rain,None,78,33,15
2024-09-05,LM-ATM-007,City Hall,40.7128,-74.0059,rain,None,61,23,13
2024-09-05,LM-ATM-008,Chinatown,40.7158,-73.9973,rain,None,83,45,27
2024-09-05,LM-ATM-009,Little Italy,40.7191,-73.9973,rain,None,58,35,21
2024-09-05,LM-ATM-010,SoHo Broadway,40.7233,-74.002,rain,None,62,44,31
2024-09-05,LM-ATM-011,NoLiTa,40.7228,-73.9973,rain,None,49,30,18
2024-09-05,LM-ATM-012,Canal Street,40.719,-74.002,rain,None,82,45,25
2024-09-05,LM-ATM-013,World Trade Center,40.7116,-74.013,rain,None,116,46,24
2024-09-05,LM-ATM-014,Brookfield Place,40.7127,-74.0155,rain,None,98,30,18
2024-09-05,LM-ATM-015,Bowling Green,40.7047,-74.0141,rain,None,77,34,21
2024-09-05,LM-ATM-016,Staten Ferry Terminal,40.7013,-74.0132,rain,None,64,47,28
2024-09-05,LM-ATM-017,Essex Market,40.7193,-73.9874,rain,None,71,36,22
2024-09-05,LM-ATM-018,Houston Street,40.7282,-74.005,rain,None,78,39,26
2024-09-05,LM-ATM-019,Delancey Street,40.7188,-73.9885,rain,None,52,34,17
2024-09-05,LM-ATM-020,Pier 17,40.7058,-74.0027,rain,None,53,37,24
2024-09-06,LM-ATM-001,Battery Park,40.7033,-74.017,rain,None,52,31,19
2024-09-06,LM-ATM-002,Wall Street,40.7074,-74.0113,rain,None,109,24,11
2024-09-06,LM-ATM-003,Broad Street,40.7069,-74.0113,rain,None,96,23,11
2024-09-06,LM-ATM-004,Fulton Center,40.7103,-74.0076,rain,None,107,43,24
2024-09-06,LM-ATM-005,South Street Seaport,40.7069,-74.003,rain,None,65,42,27
2024-09-06,LM-ATM-006,Tribeca,40.7163,-74.0086,rain,None,82,36,16
2024-09-06,LM-ATM-007,City Hall,40.7128,-74.0059,rain,None,63,23,12
2024-09-06,LM-ATM-008,Chinatown,40.7158,-73.9973,rain,None,65,30,21
2024-09-06,LM-ATM-009,Little Italy,40.7191,-73.9973,rain,None,48,27,17
2024-09-06,LM-ATM-010,SoHo Broadway,40.7233,-74.002,rain,None,69,45,29
2024-09-06,LM-ATM-011,NoLiTa,40.7228,-73.9973,rain,None,54,39,23
2024-09-06,LM-ATM-012,Canal Street,40.719,-74.002,rain,None,84,40,28
2024-09-06,LM-ATM-013,World Trade Center,40.7116,-74.013,rain,None,113,44,25
2024-09-06,LM-ATM-014,Brookfield Place,40.7127,-74.0155,rain,None,89,29,20
2024-09-06,LM-ATM-015,Bowling Green,40.7047,-74.0141,rain,None,100,41,24
2024-09-06,LM-ATM-016,Staten Ferry Terminal,40.7013,-74.0132,rain,None,59,41,22
2024-09-06,LM-ATM-017,Essex Market,40.7193,-73.9874,rain,None,63,29,17
2024-09-06,LM-ATM-018,Houston Street,40.7282,-74.005,rain,None,70,41,22
2024-09-06,LM-ATM-019,Delancey Street,40.7188,-73.9885,rain,None,71,35,22
2024-09-06,LM-ATM-020,Pier 17,40.7058,-74.0027,rain,None,55,35,24
2024-09-07,LM-ATM-001,Battery Park,40.7033,-74.017,cloudy,None,70,49,31
2024-09-07,LM-ATM-002,Wall Street,40.7074,-74.0113,cloudy,None,123,36,18
2024-09-07,LM-ATM-003,Broad Street,40.7069,-74.0113,cloudy,None,77,29,13
2024-09-07,LM-ATM-004,Fulton Center,40.7103,-74.0076,cloudy,None,104,46,26
2024-09-07,LM-ATM-005,South Street Seaport,40.7069,-74.003,cloudy,None,75,65,37
2024-09-07,LM-ATM-006,Tribeca,40.7163,-74.0086,cloudy,None,66,33,16
2024-09-07,LM-ATM-007,City Hall,40.7128,-74.0059,cloudy,None,64,34,14
2024-09-07,LM-ATM-008,Chinatown,40.7158,-73.9973,cloudy,None,64,40,23
2024-09-07,LM-ATM-009,Little Italy,40.7191,-73.9973,cloudy,None,62,46,27
2024-09-07,LM-ATM-010,SoHo Broadway,40.7233,-74.002,cloudy,None,69,54,35
2024-09-07,LM-ATM-011,NoLiTa,40.7228,-73.9973,cloudy,None,51,36,21
2024-09-07,LM-ATM-012,Canal Street,40.719,-74.002,cloudy,None,80,42,26
2024-09-07,LM-ATM-013,World Trade Center,40.7116,-74.013,cloudy,None,96,46,22
2024-09-07,LM-ATM-014,Brookfield Place,40.7127,-74.0155,cloudy,None,92,41,21
2024-09-07,LM-ATM-015,Bowling Green,40.7047,-74.0141,cloudy,None,64,38,19
2024-09-07,LM-ATM-016,Staten Ferry Terminal,40.7013,-74.0132,cloudy,None,89,67,41
2024-09-07,LM-ATM-017,Essex Market,40.7193,-73.9874,cloudy,None,66,42,21
2024-09-07,LM-ATM-018,Houston Street,40.7282,-74.005,cloudy,None,60,40,22
2024-09-07,LM-ATM-019,Delancey Street,40.7188,-73.9885,cloudy,None,58,39,23
2024-09-07,LM-ATM-020,Pier 17,40.7058,-74.0027,cloudy,None,50,41,24
2024-09-08,LM-ATM-001,Battery Park,40.7033,-74.017,clear,None,81,52,31
2024-09-08,LM-ATM-002,Wall Street,40.7074,-74.0113,clear,None,108,31,13
2024-09-08,LM-ATM-003,Broad Street,40.7069,-74.0113,clear,None,82,28,11
2024-09-08,LM-ATM-004,Fulton Center,40.7103,-74.0076,clear,None,103,50,27
2024-09-08,LM-ATM-005,South Street Seaport,40.7069,-74.003,clear,None,77,58,37
2024-09-08,LM-ATM-006,Tribeca,40.7163,-74.0086,clear,None,60,29,14
2024-09-08,LM-ATM-007,City Hall,40.7128,-74.0059,clear,None,84,39,19
2024-09-08,LM-ATM-008,Chinatown,40.7158,-73.9973,clear,None,89,57,30
2024-09-08,LM-ATM-009,Little Italy,40.7191,-73.9973,clear,None,60,39,25
2024-09-08,LM-ATM-010,SoHo Broadway,40.7233,-74.002,clear,None,80,64,43
2024-09-08,LM-ATM-011,NoLiTa,40.7228,-73.9973,clear,None,60,48,28
2024-09-08,LM-ATM-012,Canal Street,40.719,-74.002,clear,None,75,52,26
2024-09-08,LM-ATM-013,World Trade Center,40.7116,-74.013,clear,None,97,40,26
2024-09-08,LM-ATM-014,Brookfield Place,40.7127,-74.0155,clear,None,113,42,24
2024-09-08,LM-ATM-015,Bowling Green,40.7047,-74.0141,clear,None,73,37,19
2024-09-08,LM-ATM-016,Staten Ferry Terminal,40.7013,-74.0132,clear,None,97,72,45
2024-09-08,LM-ATM-017,Essex Market,40.7193,-73.9874,clear,None,66,33,18
2024-09-08,LM-ATM-018,Houston Street,40.7282,-74.005,clear,None,71,46,28
2024-09-08,LM-ATM-019,Delancey Street,40.7188,-73.9885,clear,None,64,40,24
2024-09-08,LM-ATM-020,Pier 17,40.7058,-74.0027,clear,None,72,57,38
2024-09-09,LM-ATM-001,Battery Park,40.7033,-74.017,rain,None,53,30,20
2024-09-09,LM-ATM-002,Wall Street,40.7074,-74.0113,rain,None,94,21,10
2024-09-09,LM-ATM-003,Broad Street,40.7069,-74.0113,rain,None,103,23,13
2024-09-09,LM-ATM-004,Fulton Center,40.7103,-74.0076,rain,None,107,38,27
2024-09-09,LM-ATM-005,South Street Seaport,40.7069,-74.003,rain,None,62,42,26
2024-09-09,LM-ATM-006,Tribeca,40.7163,-74.0086,rain,None,67,23,14
2024-09-09,LM-ATM-007,City Hall,40.7128,-74.0059,rain,None,79,29,14
2024-09-09,LM-ATM-008,Chinatown,40.7158,-73.9973,rain,None,71,29,21
2024-09-09,LM-ATM-009,Little Italy,40.7191,-73.9973,rain,None,45,32,17
2024-09-09,LM-ATM-010,SoHo Broadway,40.7233,-74.002,rain,None,67,43,29
2024-09-09,LM-ATM-011,NoLiTa,40.7228,-73.9973,rain,None,51,28,19
2024-09-09,LM-ATM-012,Canal Street,40.719,-74.002,rain,None,72,35,21
2024-09-09,LM-ATM-013,World Trade Center,40.7116,-74.013,rain,None,107,37,25
2024-09-09,LM-ATM-014,Brookfield Place,40.7127,-74.0155,rain,None,104,37,20
2024-09-09,LM-ATM-015,Bowling Green,40.7047,-74.0141,rain,None,69,32,17
2024-09-09,LM-ATM-016,Staten Ferry Terminal,40.7013,-74.0132,rain,None,54,34,21
2024-09-09,LM-ATM-017,Essex Market,40.7193,-73.9874,rain,None,58,30,16
2024-09-09,LM-ATM-018,Houston Street,40.7282,-74.005,rain,None,70,38,21
2024-09-09,LM-ATM-019,Delancey Street,40.7188,-73.9885,rain,None,55,30,17
2024-09-09,LM-ATM-020,Pier 17,40.7058,-74.0027,rain,None,66,52,32
2024-09-10,LM-ATM-001,Battery Park,40.7033,-74.017,clear,None,76,46,24
2024-09-10,LM-ATM-002,Wall Street,40.7074,-74.0113,clear,None,113,29,11
2024-09-10,LM-ATM-003,Broad Street,40.7069,-74.0113,clear,None,116,31,13
2024-09-10,LM-ATM-004,Fulton Center,40.7103,-74.0076,clear,None,122,50,25
2024-09-10,LM-ATM-005,South Street Seaport,40.7069,-74.003,clear,None,94,69,49
2024-09-10,LM-ATM-006,Tribeca,40.7163,-74.0086,clear,None,90,30,18
2024-09-10,LM-ATM-007,City Hall,40.7128,-74.0059,clear,None,93,34,19
2024-09-10,LM-ATM-008,Chinatown,40.7158,-73.9973,clear,None,82,39,22
2024-09-10,LM-ATM-009,Little Italy,40.7191,-73.9973,clear,None,72,42,27
2024-09-10,LM-ATM-010,SoHo Broadway,40.7233,-74.002,clear,None,74,53,36
2024-09-10,LM-ATM-011,NoLiTa,40.7228,-73.9973,clear,None,57,38,23
2024-09-10,LM-ATM-012,Canal Street,40.719,-74.002,clear,None,89,49,29
2024-09-10,LM-ATM-013,World Trade Center,40.7116,-74.013,clear,None,132,41,28
2024-09-10,LM-ATM-014,Brookfield Place,40.7127,-74.0155,clear,None,128,50,27
2024-09-10,LM-ATM-015,Bowling Green,40.7047,-74.0141,clear,None,91,41,18
2024-09-10,LM-ATM-016,Staten Ferry Terminal,40.7013,-74.0132,clear,None,75,46,27
2024-09-10,LM-ATM-017,Essex Market,40.7193,-73.9874,clear,None,60,33,17
2024-09-10,LM-ATM-018,Houston Street,40.7282,-74.005,clear,None,89,47,28
2024-09-10,LM-ATM-019,Delancey Street,40.7188,-73.9885,clear,None,72,43,20
2024-09-10,LM-ATM-020,Pier 17,40.7058,-74.0027,clear,None,58,53,30
2024-09-11,LM-ATM-001,Battery Park,40.7033,-74.017,clear,None,73,36,25
2024-09-11,LM-ATM-002,Wall Street,40.7074,-74.0113,clear,None,159,31,16
2024-09-11,LM-ATM-003,Broad Street,40.7069,-74.0113,clear,None,127,34,17
2024-09-11,LM-ATM-004,Fulton Center,40.7103,-74.0076,clear,None,123,55,30
2024-09-11,LM-ATM-005,South Street Seaport,40.7069,-74.003,clear,None,84,57,34
2024-09-11,LM-ATM-006,Tribeca,40.7163,-74.0086,clear,None,87,34,17
2024-09-11,LM-ATM-007,City Hall,40.7128,-74.0059,clear,None,101,39,20
2024-09-11,LM-ATM-008,Chinatown,40.7158,-73.9973,clear,None,83,38,22
2024-09-11,LM-ATM-009,Little Italy,40.7191,-73.9973,clear,None,73,43,28
2024-09-11,LM-ATM-010,SoHo Broadway,40.7233,-74.002,clear,None,76,55,36
2024-09-11,LM-ATM-011,NoLiTa,40.7228,-73.9973,clear,None,69,45,27
2024-09-11,LM-ATM-012,Canal Street,40.719,-74.002,clear,None,107,59,33
2024-09-11,LM-ATM-013,World Trade Center,40.7116,-74.013,clear,None,123,43,22
2024-09-11,LM-ATM-014,Brookfield Place,40.7127,-74.0155,clear,None,105,35,21
2024-09-11,LM-ATM-015,Bowling Green,40.7047,-74.0141,clear,None,101,45,26
2024-09-11,LM-ATM-016,Staten Ferry Terminal,40.7013,-74.0132,clear,None,88,52,34
2024-09-11,LM-ATM-017,Essex Market,40.7193,-73.9874,clear,None,61,32,18
2024-09-11,LM-ATM-018,Houston Street,40.7282,-74.005,clear,None,71,41,23
2024-09-11,LM-ATM-019,Delancey Street,40.7188,-73.9885,clear,None,68,32,20
2024-09-11,LM-ATM-020,Pier 17,40.7058,-74.0027,clear,None,72,52,33
2024-09-12,LM-ATM-001,Battery Park,40.7033,-74.017,rain,None,59,37,21
2024-09-12,LM-ATM-002,Wall Street,40.7074,-74.0113,rain,None,109,20,10
2024-09-12,LM-ATM-003,Broad Street,40.7069,-74.0113,rain,None,94,22,14
2024-09-12,LM-ATM-004,Fulton Center,40.7103,-74.0076,rain,None,88,37,22
2024-09-12,LM-ATM-005,South Street Seaport,40.7069,-74.003,rain,None,56,36,23
2024-09-12,LM-ATM-006,Tribeca,40.7163,-74.0086,rain,None,64,25,12
2024-09-12,LM-ATM-007,City Hall,40.7128,-74.0059,rain,None,84,34,15
2024-09-12,LM-ATM-008,Chinatown,40.7158,-73.9973,rain,None,78,37,20
2024-09-12,LM-ATM-009,Little Italy,40.7191,-73.9973,rain,None,66,39,27
2024-09-12,LM-ATM-010,SoHo Broadway,40.7233,-74.002,rain,None,68,47,32
2024-09-12,LM-ATM-011,NoLiTa,40.7228,-73.9973,rain,None,46,27,18
2024-09-12,LM-ATM-012,Canal Street,40.719,-74.002,rain,None,71,33,22
2024-09-12,LM-ATM-013,World Trade Center,40.7116,-74.013,rain,None,129,37,24
2024-09-12,LM-ATM-014,Brookfield Place,40.7127,-74.0155,rain,None,102,34,21
2024-09-12,LM-ATM-015,Bowling Green,40.7047,-74.0141,rain,None,81,32,21
2024-09-12,LM-ATM-016,Staten Ferry Terminal,40.7013,-74.0132,rain,None,64,39,26
2024-09-12,LM-ATM-017,Essex Market,40.7193,-73.9874,rain,None,52,27,15
2024-09-12,LM-ATM-018,Houston Street,40.7282,-74.005,rain,None,67,41,24
2024-09-12,LM-ATM-019,Delancey Street,40.7188,-73.9885,rain,None,78,39,23
2024-09-12,LM-ATM-020,Pier 17,40.7058,-74.0027,rain,None,53,38,26
2024-09-13,LM-ATM-001,Battery Park,40.7033,-74.017,rain,None,52,29,18
2024-09-13,LM-ATM-002,Wall Street,40.7074,-74.0113,rain,None,100,26,10
2024-09-13,LM-ATM-003,Broad Street,40.7069,-74.0113,rain,None,78,18,11
2024-09-13,LM-ATM-004,Fulton Center,40.7103,-74.0076,rain,None,103,44,29
2024-09-13,LM-ATM-005,South Street Seaport,40.7069,-74.003,rain,None,62,42,28
2024-09-13,LM-ATM-006,Tribeca,40.7163,-74.0086,rain,None,66,27,14
2024-09-13,LM-ATM-007,City Hall,40.7128,-74.0059,rain,None,77,31,13
2024-09-13,LM-ATM-008,Chinatown,40.7158,-73.9973,rain,None,62,32,18
2024-09-13,LM-ATM-009,Little Italy,40.7191,-73.9973,rain,None,56,29,20
2024-09-13,LM-ATM-010,SoHo Broadway,40.7233,-74.002,rain,None,60,37,27
2024-09-13,LM-ATM-011,NoLiTa,40.7228,-73.9973,rain,None,50,28,17
2024-09-13,LM-ATM-012,Canal Street,40.719,-74.002,rain,None,85,46,28
2024-09-13,LM-ATM-013,World Trade Center,40.7116,-74.013,rain,None,100,31,21
2024-09-13,LM-ATM-014,Brookfield Place,40.7127,-74.0155,rain,None,93,23,15
2024-09-13,LM-ATM-015,Bowling Green,40.7047,-74.0141,rain,None,72,34,15
2024-09-13,LM-ATM-016,Staten Ferry Terminal,40.7013,-74.0132,rain,None,56,36,20
2024-09-13,LM-ATM-017,Essex Market,40.7193,-73.9874,rain,None,51,26,13
2024-09-13,LM-ATM-018,Houston Street,40.7282,-74.005,rain,None,79,39,24
2024-09-13,LM-ATM-019,Delancey Street,40.7188,-73.9885,rain,None,51,25,15
2024-09-13,LM-ATM-020,Pier 17,40.7058,-74.0027,rain,None,50,37,23
2024-09-14,LM-ATM-001,Battery Park,40.7033,-74.017,humid,None,51,41,20
2024-09-14,LM-ATM-002,Wall Street,40.7074,-74.0113,humid,None,93,33,15
2024-09-14,LM-ATM-003,Broad Street,40.7069,-74.0113,humid,None,80,25,11
2024-09-14,LM-ATM-004,Fulton Center,40.7103,-74.0076,humid,None,101,50,30
2024-09-14,LM-ATM-005,South Street Seaport,40.7069,-74.003,humid,None,51,47,29
2024-09-14,LM-ATM-006,Tribeca,40.7163,-74.0086,humid,None,67,36,16
2024-09-14,LM-ATM-007,City Hall,40.7128,-74.0059,humid,None,85,43,20
2024-09-14,LM-ATM-008,Chinatown,40.7158,-73.9973,humid,None,86,45,26
2024-09-14,LM-ATM-009,Little Italy,40.7191,-73.9973,humid,None,61,40,24
2024-09-14,LM-ATM-010,SoHo Broadway,40.7233,-74.002,humid,None,91,83,47
2024-09-14,LM-ATM-011,NoLiTa,40.7228,-73.9973,humid,None,61,41,27
2024-09-14,LM-ATM-012,Canal Street,40.719,-74.002,humid,None,81,51,29
2024-09-14,LM-ATM-013,World Trade Center,40.7116,-74.013,humid,None,109,45,21
2024-09-14,LM-ATM-014,Brookfield Place,40.7127,-74.0155,humid,None,72,32,15
2024-09-14,LM-ATM-015,Bowling Green,40.7047,-74.0141,humid,None,76,41,21
2024-09-14,LM-ATM-016,Staten Ferry Terminal,40.7013,-74.0132,humid,None,62,46,26
2024-09-14,LM-ATM-017,Essex Market,40.7193,-73.9874,humid,None,72,41,20
2024-09-14,LM-ATM-018,Houston Street,40.7282,-74.005,humid,None,72,42,24
2024-09-14,LM-ATM-019,Delancey Street,40.7188,-73.9885,humid,None,68,39,23
2024-09-14,LM-ATM-020,Pier 17,40.7058,-74.0027,humid,None,73,56,39
2024-09-15,LM-ATM-001,Battery Park,40.7033,-74.017,cloudy,None,69,46,28
2024-09-15,LM-ATM-002,Wall Street,40.7074,-74.0113,cloudy,None,76,23,12
2024-09-15,LM-ATM-003,Broad Street,40.7069,-74.0113,cloudy,None,89,33,14
2024-09-15,LM-ATM-004,Fulton Center,40.7103,-74.0076,cloudy,None,90,42,26
2024-09-15,LM-ATM-005,South Street Seaport,40.7069,-74.003,cloudy,None,64,51,33
2024-09-15,LM-ATM-006,Tribeca,40.7163,-74.0086,cloudy,None,73,35,16
2024-09-15,LM-ATM-007,City Hall,40.7128,-74.0059,cloudy,None,90,47,22
2024-09-15,LM-ATM-008,Chinatown,40.7158,-73.9973,cloudy,None,84,47,28
2024-09-15,LM-ATM-009,Little Italy,40.7191,-73.9973,cloudy,None,70,50,29
2024-09-15,LM-ATM-010,SoHo Broadway,40.7233,-74.002,cloudy,None,82,73,44
2024-09-15,LM-ATM-011,NoLiTa,40.7228,-73.9973,cloudy,None,63,51,25
2024-09-15,LM-ATM-012,Canal Street,40.719,-74.002,cloudy,None,80,45,33
2024-09-15,LM-ATM-013,World Trade Center,40.7116,-74.013,cloudy,None,89,36,21
2024-09-15,LM-ATM-014,Brookfield Place,40.7127,-74.0155,cloudy,None,93,41,22
2024-09-15,LM-ATM-015,Bowling Green,40.7047,-74.0141,cloudy,None,86,44,20
2024-09-15,LM-ATM-016,Staten Ferry Terminal,40.7013,-74.0132,cloudy,None,68,44,31
2024-09-15,LM-ATM-017,Essex Market,40.7193,-73.9874,cloudy,None,75,46,22
2024-09-15,LM-ATM-018,Houston Street,40.7282,-74.005,cloudy,None,71,42,27
2024-09-15,LM-ATM-019,Delancey Street,40.7188,-73.9885,cloudy,None,76,46,25
2024-09-15,LM-ATM-020,Pier 17,40.7058,-74.0027,cloudy,None,56,43,29
2024-09-16,LM-ATM-001,Battery Park,40.7033,-74.017,cloudy,None,81,48,32
2024-09-16,LM-ATM-002,Wall Street,40.7074,-74.0113,cloudy,None,136,31,12
2024-09-16,LM-ATM-003,Broad Street,40.7069,-74.0113,cloudy,None,122,29,15
2024-09-16,LM-ATM-004,Fulton Center,40.7103,-74.0076,cloudy,None,115,52,28
2024-09-16,LM-ATM-005,South Street Seaport,40.7069,-74.003,cloudy,None,63,47,29
2024-09-16,LM-ATM-006,Tribeca,40.7163,-74.0086,cloudy,None,75,30,13
2024-09-16,LM-ATM-007,City Hall,40.7128,-74.0059,cloudy,None,86,33,14
2024-09-16,LM-ATM-008,Chinatown,40.7158,-73.9973,cloudy,None,78,42,22
2024-09-16,LM-ATM-009,Little Italy,40.7191,-73.9973,cloudy,None,52,36,22
2024-09-16,LM-ATM-010,SoHo Broadway,40.7233,-74.002,cloudy,None,85,59,41
2024-09-16,LM-ATM-011,NoLiTa,40.7228,-73.9973,cloudy,None,67,37,24
2024-09-16,LM-ATM-012,Canal Street,40.719,-74.002,cloudy,None,69,35,22
2024-09-16,LM-ATM-013,World Trade Center,40.7116,-74.013,cloudy,None,128,40,24
2024-09-16,LM-ATM-014,Brookfield Place,40.7127,-74.0155,cloudy,None,80,30,15
2024-09-16,LM-ATM-015,Bowling Green,40.7047,-74.0141,cloudy,None,87,41,23
2024-09-16,LM-ATM-016,Staten Ferry Terminal,40.7013,-74.0132,cloudy,None,77,57,31
2024-09-16,LM-ATM-017,Essex Market,40.7193,-73.9874,cloudy,None,87,35,21
2024-09-16,LM-ATM-018,Houston Street,40.7282,-74.005,cloudy,None,80,47,26
2024-09-16,LM-ATM-019,Delancey Street,40.7188,-73.9885,cloudy,None,66,32,20
2024-09-16,LM-ATM-020,Pier 17,40.7058,-74.0027,cloudy,None,70,52,33
2024-09-17,LM-ATM-001,Battery Park,40.7033,-74.017,clear,None,79,49,26
2024-09-17,LM-ATM-002,Wall Street,40.7074,-74.0113,clear,None,116,27,13
2024-09-17,LM-ATM-003,Broad Street,40.7069,-74.0113,clear,None,107,26,15
2024-09-17,LM-ATM-004,Fulton Center,40.7103,-74.0076,clear,None,108,50,29
2024-09-17,LM-ATM-005,South Street Seaport,40.7069,-74.003,clear,None,70,51,32
2024-09-17,LM-ATM-006,Tribeca,40.7163,-74.0086,clear,None,84,33,15
2024-09-17,LM-ATM-007,City Hall,40.7128,-74.0059,clear,None,115,40,23
2024-09-17,LM-ATM-008,Chinatown,40.7158,-73.9973,clear,None,92,43,22
2024-09-17,LM-ATM-009,Little Italy,40.7191,-73.9973,clear,None,83,41,29
2024-09-17,LM-ATM-010,SoHo Broadway,40.7233,-74.002,clear,None,102,66,44
2024-09-17,LM-ATM-011,NoLiTa,40.7228,-73.9973,clear,None,68,43,24
2024-09-17,LM-ATM-012,Canal Street,40.719,-74.002,clear,None,72,39,23
2024-09-17,LM-ATM-013,World Trade Center,40.7116,-74.013,clear,None,104,38,19
2024-09-17,LM-ATM-014,Brookfield Place,40.7127,-74.0155,clear,None,95,32,21
2024-09-17,LM-ATM-015,Bowling Green,40.7047,-74.0141,clear,None,89,33,20
2024-09-17,LM-ATM-016,Staten Ferry Terminal,40.7013,-74.0132,clear,None,81,59,36
2024-09-17,LM-ATM-017,Essex Market,40.7193,-73.9874,clear,None,91,41,24
2024-09-17,LM-ATM-018,Houston Street,40.7282,-74.005,clear,None,65,34,21
2024-09-17,LM-ATM-019,Delancey Street,40.7188,-73.9885,clear,None,74,38,22
2024-09-17,LM-ATM-020,Pier 17,40.7058,-74.0027,clear,None,64,46,32
2024-09-18,LM-ATM-001,Battery Park,40.7033,-74.017,clear,None,69,40,25
2024-09-18,LM-ATM-002,Wall Street,40.7074,-74.0113,clear,None,111,26,13
2024-09-18,LM-ATM-003,Broad Street,40.7069,-74.0113,clear,None,105,29,14
2024-09-18,LM-ATM-004,Fulton Center,40.7103,-74.0076,clear,None,108,49,28
2024-09-18,LM-ATM-005,South Street Seaport,40.7069,-74.003,clear,None,66,39,27
2024-09-18,LM-ATM-006,Tribeca,40.7163,-74.0086,clear,None,86,27,16
2024-09-18,LM-ATM-007,City Hall,40.7128,-74.0059,clear,None,113,43,22
2024-09-18,LM-ATM-008,Chinatown,40.7158,-73.9973,clear,None,66,39,21
2024-09-18,LM-ATM-009,Little Italy,40.7191,-73.9973,clear,None,55,33,21
2024-09-18,LM-ATM-010,SoHo Broadway,40.7233,-74.002,clear,None,88,67,43
2024-09-18,LM-ATM-011,NoLiTa,40.7228,-73.9973,clear,None,67,36,24
2024-09-18,LM-ATM-012,Canal Street,40.719,-74.002,clear,None,95,55,35
2024-09-18,LM-ATM-013,World Trade Center,40.7116,-74.013,clear,None,160,61,29
2024-09-18,LM-ATM-014,Brookfield Place,40.7127,-74.0155,clear,None,89,33,18
2024-09-18,LM-ATM-015,Bowling Green,40.7047,-74.0141,clear,None,91,30,19
2024-09-18,LM-ATM-016,Staten Ferry Terminal,40.7013,-74.0132,clear,None,87,55,36
2024-09-18,LM-ATM-017,Essex Market,40.7193,-73.9874,clear,None,83,47,27
2024-09-18,LM-ATM-018,Houston Street,40.7282,-74.005,clear,None,64,34,20
2024-09-18,LM-ATM-019,Delancey Street,40.7188,-73.9885,clear,None,64,32,16
2024-09-18,LM-ATM-020,Pier 17,40.7058,-74.0027,clear,None,67,48,36
2024-09-19,LM-ATM-001,Battery Park,40.7033,-74.017,clear,None,76,46,29
2024-09-19,LM-ATM-002,Wall Street,40.7074,-74.0113,clear,None,129,36,15
2024-09-19,LM-ATM-003,Broad Street,40.7069,-74.0113,clear,None,110,29,13
2024-09-19,LM-ATM-004,Fulton Center,40.7103,-74.0076,clear,None,117,42,28
2024-09-19,LM-ATM-005,South Street Seaport,40.7069,-74.003,clear,None,81,50,33
2024-09-19,LM-ATM-006,Tribeca,40.7163,-74.0086,clear,None,84,31,18
2024-09-19,LM-ATM-007,City Hall,40.7128,-74.0059,clear,None,111,36,19
2024-09-19,LM-ATM-008,Chinatown,40.7158,-73.9973,clear,None,113,54,28
2024-09-19,LM-ATM-009,Little Italy,40.7191,-73.9973,clear,None,71,50,25
2024-09-19,LM-ATM-010,SoHo Broadway,40.7233,-74.002,clear,None,69,56,31
2024-09-19,LM-ATM-011,NoLiTa,40.7228,-73.9973,clear,None,60,45,23
2024-09-19,LM-ATM-012,Canal Street,40.719,-74.002,clear,None,105,50,33
2024-09-19,LM-ATM-013,World Trade Center,40.7116,-74.013,clear,None,142,55,28
2024-09-19,LM-ATM-014,Brookfield Place,40.7127,-74.0155,clear,None,123,43,24
2024-09-19,LM-ATM-015,Bowling Green,40.7047,-74.0141,clear,None,88,44,22
2024-09-19,LM-ATM-016,Staten Ferry Terminal,40.7013,-74.0132,clear,None,74,48,32
2024-09-19,LM-ATM-017,Essex Market,40.7193,-73.9874,clear,None,96,45,27
2024-09-19,LM-ATM-018,Houston Street,40.7282,-74.005,clear,None,84,43,26
2024-09-19,LM-ATM-019,Delancey Street,40.7188,-73.9885,clear,None,60,33,19
2024-09-19,LM-ATM-020,Pier 17,40.7058,-74.0027,clear,None,74,45,34
2024-09-20,LM-ATM-001,Battery Park,40.7033,-74.017,clear,None,73,43,26
2024-09-20,LM-ATM-002,Wall Street,40.7074,-74.0113,clear,None,141,33,16
2024-09-20,LM-ATM-003,Broad Street,40.7069,-74.0113,clear,None,111,36,14
2024-09-20,LM-ATM-004,Fulton Center,40.7103,-74.0076,clear,None,130,59,33
2024-09-20,LM-ATM-005,South Street Seaport,40.7069,-74.003,clear,None,72,52,31
2024-09-20,LM-ATM-006,Tribeca,40.7163,-74.0086,clear,None,75,32,15
2024-09-20,LM-ATM-007,City Hall,40.7128,-74.0059,clear,None,94,34,19
2024-09-20,LM-ATM-008,Chinatown,40.7158,-73.9973,clear,None,79,36,22
2024-09-20,LM-ATM-009,Little Italy,40.7191,-73.9973,clear,None,82,52,29
2024-09-20,LM-ATM-010,SoHo Broadway,40.7233,-74.002,clear,None,95,70,43
2024-09-20,LM-ATM-011,NoLiTa,40.7228,-73.9973,clear,None,82,46,26
2024-09-20,LM-ATM-012,Canal Street,40.719,-74.002,clear,None,74,39,24
2024-09-20,LM-ATM-013,World Trade Center,40.7116,-74.013,clear,None,119,42,27
2024-09-20,LM-ATM-014,Brookfield Place,40.7127,-74.0155,clear,None,112,38,21
2024-09-20,LM-ATM-015,Bowling Green,40.7047,-74.0141,clear,None,96,42,26
2024-09-20,LM-ATM-016,Staten Ferry Terminal,40.7013,-74.0132,clear,None,77,48,32
2024-09-20,LM-ATM-017,Essex Market,40.7193,-73.9874,clear,None,68,33,20
2024-09-20,LM-ATM-018,Houston Street,40.7282,-74.005,clear,None,81,50,29
2024-09-20,LM-ATM-019,Delancey Street,40.7188,-73.9885,clear,None,70,42,19
2024-09-20,LM-ATM-020,Pier 17,40.7058,-74.0027,clear,None,61,49,33
2024-09-21,LM-ATM-001,Battery Park,40.7033,-74.017,rain,None,51,37,21
2024-09-21,LM-ATM-002,Wall Street,40.7074,-74.0113,rain,None,100,29,14
2024-09-21,LM-ATM-003,Broad Street,40.7069,-74.0113,rain,None,75,27,13
2024-09-21,LM-ATM-004,Fulton Center,40.7103,-74.0076,rain,None,72,33,20
2024-09-21,LM-ATM-005,South Street Seaport,40.7069,-74.003,rain,None,54,43,26
2024-09-21,LM-ATM-006,Tribeca,40.7163,-74.0086,rain,None,57,30,14
2024-09-21,LM-ATM-007,City Hall,40.7128,-74.0059,rain,None,66,26,14
2024-09-21,LM-ATM-008,Chinatown,40.7158,-73.9973,rain,None,67,38,21
2024-09-21,LM-ATM-009,Little Italy,40.7191,-73.9973,rain,None,63,47,25
2024-09-21,LM-ATM-010,SoHo Broadway,40.7233,-74.002,rain,None,66,52,35
2024-09-21,LM-ATM-011,NoLiTa,40.7228,-73.9973,rain,None,52,37,21
2024-09-21,LM-ATM-012,Canal Street,40.719,-74.002,rain,None,70,47,25
2024-09-21,LM-ATM-013,World Trade Center,40.7116,-74.013,rain,None,93,40,21
2024-09-21,LM-ATM-014,Brookfield Place,40.7127,-74.0155,rain,None,97,44,22
2024-09-21,LM-ATM-015,Bowling Green,40.7047,-74.0141,rain,None,70,31,18
2024-09-21,LM-ATM-016,Staten Ferry Terminal,40.7013,-74.0132,rain,None,56,43,24
2024-09-21,LM-ATM-017,Essex Market,40.7193,-73.9874,rain,None,80,46,24
2024-09-21,LM-ATM-018,Houston Street,40.7282,-74.005,rain,None,61,40,26
2024-09-21,LM-ATM-019,Delancey Street,40.7188,-73.9885,rain,None,69,50,25
2024-09-21,LM-ATM-020,Pier 17,40.7058,-74.0027,rain,None,53,39,26
2024-09-22,LM-ATM-001,Battery Park,40.7033,-74.017,rain,None,57,43,22
2024-09-22,LM-ATM-002,Wall Street,40.7074,-74.0113,rain,None,87,21,12
2024-09-22,LM-ATM-003,Broad Street,40.7069,-74.0113,rain,None,76,28,13
2024-09-22,LM-ATM-004,Fulton Center,40.7103,-74.0076,rain,None,74,34,22
2024-09-22,LM-ATM-005,South Street Seaport,40.7069,-74.003,rain,None,58,44,28
2024-09-22,LM-ATM-006,Tribeca,40.7163,-74.0086,rain,None,71,30,15
2024-09-22,LM-ATM-007,City Hall,40.7128,-74.0059,rain,None,78,34,18
2024-09-22,LM-ATM-008,Chinatown,40.7158,-73.9973,rain,None,66,38,24
2024-09-22,LM-ATM-009,Little Italy,40.7191,-73.9973,rain,None,59,40,24
2024-09-22,LM-ATM-010,SoHo Broadway,40.7233,-74.002,rain,None,46,36,24
2024-09-22,LM-ATM-011,NoLiTa,40.7228,-73.9973,rain,None,54,37,20
2024-09-22,LM-ATM-012,Canal Street,40.719,-74.002,rain,None,85,48,29
2024-09-22,LM-ATM-013,World Trade Center,40.7116,-74.013,rain,None,90,40,19
2024-09-22,LM-ATM-014,Brookfield Place,40.7127,-74.0155,rain,None,77,30,15
2024-09-22,LM-ATM-015,Bowling Green,40.7047,-74.0141,rain,None,64,31,17
2024-09-22,LM-ATM-016,Staten Ferry Terminal,40.7013,-74.0132,rain,None,68,49,29
2024-09-22,LM-ATM-017,Essex Market,40.7193,-73.9874,rain,None,73,43,24
2024-09-22,LM-ATM-018,Houston Street,40.7282,-74.005,rain,None,62,43,25
2024-09-22,LM-ATM-019,Delancey Street,40.7188,-73.9885,rain,None,63,34,24
2024-09-22,LM-ATM-020,Pier 17,40.7058,-74.0027,rain,None,53,42,28
2024-09-23,LM-ATM-001,Battery Park,40.7033,-74.017,clear,UN General Assembly,75,53,31
2024-09-23,LM-ATM-002,Wall Street,40.7074,-74.0113,clear,UN General Assembly,130,33,14
2024-09-23,LM-ATM-003,Broad Street,40.7069,-74.0113,clear,UN General Assembly,138,42,15
2024-09-23,LM-ATM-004,Fulton Center,40.7103,-74.0076,clear,UN General Assembly,116,54,31
2024-09-23,LM-ATM-005,South Street Seaport,40.7069,-74.003,clear,UN General Assembly,87,56,34
2024-09-23,LM-ATM-006,Tribeca,40.7163,-74.0086,clear,UN General Assembly,88,39,18
2024-09-23,LM-ATM-007,City Hall,40.7128,-74.0059,clear,UN General Assembly,100,46,21
2024-09-23,LM-ATM-008,Chinatown,40.7158,-73.9973,clear,UN General Assembly,107,53,30
2024-09-23,LM-ATM-009,Little Italy,40.7191,-73.9973,clear,UN General Assembly,83,45,32
2024-09-23,LM-ATM-010,SoHo Broadway,40.7233,-74.002,clear,UN General Assembly,114,72,48
2024-09-23,LM-ATM-011,NoLiTa,40.7228,-73.9973,clear,UN General Assembly,69,45,26
2024-09-23,LM-ATM-012,Canal Street,40.719,-74.002,clear,UN General Assembly,107,61,38
2024-09-23,LM-ATM-013,World Trade Center,40.7116,-74.013,clear,UN General Assembly,155,51,29
2024-09-23,LM-ATM-014,Brookfield Place,40.7127,-74.0155,clear,UN General Assembly,140,49,24
2024-09-23,LM-ATM-015,Bowling Green,40.7047,-74.0141,clear,UN General Assembly,97,38,21
2024-09-23,LM-ATM-016,Staten Ferry Terminal,40.7013,-74.0132,clear,UN General Assembly,74,46,33
2024-09-23,LM-ATM-017,Essex Market,40.7193,-73.9874,clear,UN General Assembly,70,36,22
2024-09-23,LM-ATM-018,Houston Street,40.7282,-74.005,clear,UN General Assembly,95,51,31
2024-09-23,LM-ATM-019,Delancey Street,40.7188,-73.9885,clear,UN General Assembly,77,41,25
2024-09-23,LM-ATM-020,Pier 17,40.7058,-74.0027,clear,UN General Assembly,92,69,47
2024-09-24,LM-ATM-001,Battery Park,40.7033,-74.017,cloudy,UN General Assembly,75,46,29
2024-09-24,LM-ATM-002,Wall Street,40.7074,-74.0113,cloudy,UN General Assembly,161,43,21
2024-09-24,LM-ATM-003,Broad Street,40.7069,-74.0113,cloudy,UN General Assembly,123,26,16
2024-09-24,LM-ATM-004,Fulton Center,40.7103,-74.0076,cloudy,UN General Assembly,105,52,27
2024-09-24,LM-ATM-005,South Street Seaport,40.7069,-74.003,cloudy,UN General Assembly,80,58,31
2024-09-24,LM-ATM-006,Tribeca,40.7163,-74.0086,cloudy,UN General Assembly,86,32,17
2024-09-24,LM-ATM-007,City Hall,40.7128,-74.0059,cloudy,UN General Assembly,119,44,25
2024-09-24,LM-ATM-008,Chinatown,40.7158,-73.9973,cloudy,UN General Assembly,71,40,23
2024-09-24,LM-ATM-009,Little Italy,40.7191,-73.9973,cloudy,UN General Assembly,76,44,27
2024-09-24,LM-ATM-010,SoHo Broadway,40.7233,-74.002,cloudy,UN General Assembly,66,49,32
2024-09-24,LM-ATM-011,NoLiTa,40.7228,-73.9973,cloudy,UN General Assembly,73,49,27
2024-09-24,LM-ATM-012,Canal Street,40.719,-74.002,cloudy,UN General Assembly,103,51,29
2024-09-24,LM-ATM-013,World Trade Center,40.7116,-74.013,cloudy,UN General Assembly,124,39,27
2024-09-24,LM-ATM-014,Brookfield Place,40.7127,-74.0155,cloudy,UN General Assembly,132,53,30
2024-09-24,LM-ATM-015,Bowling Green,40.7047,-74.0141,cloudy,UN General Assembly,97,43,23
2024-09-24,LM-ATM-016,Staten Ferry Terminal,40.7013,-74.0132,cloudy,UN General Assembly,71,48,26
2024-09-24,LM-ATM-017,Essex Market,40.7193,-73.9874,cloudy,UN General Assembly,86,44,26
2024-09-24,LM-ATM-018,Houston Street,40.7282,-74.005,cloudy,UN General Assembly,88,50,31
2024-09-24,LM-ATM-019,Delancey Street,40.7188,-73.9885,cloudy,UN General Assembly,89,49,28
2024-09-24,LM-ATM-020,Pier 17,40.7058,-74.0027,cloudy,UN General Assembly,87,58,40
2024-09-25,LM-ATM-001,Battery Park,40.7033,-74.017,clear,UN General Assembly,92,44,30
2024-09-25,LM-ATM-002,Wall Street,40.7074,-74.0113,clear,UN General Assembly,152,42,18
2024-09-25,LM-ATM-003,Broad Street,40.7069,-74.0113,clear,UN General Assembly,104,29,14
2024-09-25,LM-ATM-004,Fulton Center,40.7103,-74.0076,clear,UN General Assembly,130,48,33
2024-09-25,LM-ATM-005,South Street Seaport,40.7069,-74.003,clear,UN General Assembly,85,61,39
2024-09-25,LM-ATM-006,Tribeca,40.7163,-74.0086,clear,UN General Assembly,108,43,25
2024-09-25,LM-ATM-007,City Hall,40.7128,-74.0059,clear,UN General Assembly,110,36,21
2024-09-25,LM-ATM-008,Chinatown,40.7158,-73.9973,clear,UN General Assembly,96,49,29
2024-09-25,LM-ATM-009,Little Italy,40.7191,-73.9973,clear,UN General Assembly,89,47,31
2024-09-25,LM-ATM-010,SoHo Broadway,40.7233,-74.002,clear,UN General Assembly,111,76,60
2024-09-25,LM-ATM-011,NoLiTa,40.7228,-73.9973,clear,UN General Assembly,75,46,26
2024-09-25,LM-ATM-012,Canal Street,40.719,-74.002,clear,UN General Assembly,83,51,28
2024-09-25,LM-ATM-013,World Trade Center,40.7116,-74.013,clear,UN General Assembly,152,60,36
2024-09-25,LM-ATM-014,Brookfield Place,40.7127,-74.0155,clear,UN General Assembly,99,27,21
2024-09-25,LM-ATM-015,Bowling Green,40.7047,-74.0141,clear,UN General Assembly,94,36,20
2024-09-25,LM-ATM-016,Staten Ferry Terminal,40.7013,-74.0132,clear,UN General Assembly,97,61,41
2024-09-25,LM-ATM-017,Essex Market,40.7193,-73.9874,clear,UN General Assembly,78,33,20
2024-09-25,LM-ATM-018,Houston Street,40.7282,-74.005,clear,UN General Assembly,86,53,32
2024-09-25,LM-ATM-019,Delancey Street,40.7188,-73.9885,clear,UN General Assembly,73,36,23
2024-09-25,LM-ATM-020,Pier 17,40.7058,-74.0027,clear,UN General Assembly,84,54,37
2024-09-26,LM-ATM-001,Battery Park,40.7033,-74.017,clear,None,86,42,30
2024-09-26,LM-ATM-002,Wall Street,40.7074,-74.0113,clear,None,145,31,18
2024-09-26,LM-ATM-003,Broad Street,40.7069,-74.0113,clear,None,138,38,19
2024-09-26,LM-ATM-004,Fulton Center,40.7103,-74.0076,clear,None,126,51,29
2024-09-26,LM-ATM-005,South Street Seaport,40.7069,-74.003,clear,None,88,60,34
2024-09-26,LM-ATM-006,Tribeca,40.7163,-74.0086,clear,None,71,25,13
2024-09-26,LM-ATM-007,City Hall,40.7128,-74.0059,clear,None,95,36,21
2024-09-26,LM-ATM-008,Chinatown,40.7158,-73.9973,clear,None,64,35,18
2024-09-26,LM-ATM-009,Little Italy,40.7191,-73.9973,clear,None,61,35,20
2024-09-26,LM-ATM-010,SoHo Broadway,40.7233,-74.002,clear,None,76,55,39
2024-09-26,LM-ATM-011,NoLiTa,40.7228,-73.9973,clear,None,71,44,23
2024-09-26,LM-ATM-012,Canal Street,40.719,-74.002,clear,None,84,43,24
2024-09-26,LM-ATM-013,World Trade Center,40.7116,-74.013,clear,None,135,50,26
2024-09-26,LM-ATM-014,Brookfield Place,40.7127,-74.0155,clear,None,116,39,20
2024-09-26,LM-ATM-015,Bowling Green,40.7047,-74.0141,clear,None,93,36,22
2024-09-26,LM-ATM-016,Staten Ferry Terminal,40.7013,-74.0132,clear,None,96,52,34
2024-09-26,LM-ATM-017,Essex Market,40.7193,-73.9874,clear,None,90,43,23
2024-09-26,LM-ATM-018,Houston Street,40.7282,-74.005,clear,None,84,48,29
2024-09-26,LM-ATM-019,Delancey Street,40.7188,-73.9885,clear,None,79,45,26
2024-09-26,LM-ATM-020,Pier 17,40.7058,-74.0027,clear,None,69,55,33
2024-09-27,LM-ATM-001,Battery Park,40.7033,-74.017,cloudy,None,69,37,24
2024-09-27,LM-ATM-002,Wall Street,40.7074,-74.0113,cloudy,None,136,28,15
2024-09-27,LM-ATM-003,Broad Street,40.7069,-74.0113,cloudy,None,139,32,19
2024-09-27,LM-ATM-004,Fulton Center,40.7103,-74.0076,cloudy,None,98,39,22
2024-09-27,LM-ATM-005,South Street Seaport,40.7069,-74.003,cloudy,None,88,57,36
2024-09-27,LM-ATM-006,Tribeca,40.7163,-74.0086,cloudy,None,62,26,12
2024-09-27,LM-ATM-007,City Hall,40.7128,-74.0059,cloudy,None,78,29,18
2024-09-27,LM-ATM-008,Chinatown,40.7158,-73.9973,cloudy,None,82,44,24
2024-09-27,LM-ATM-009,Little Italy,40.7191,-73.9973,cloudy,None,59,36,22
2024-09-27,LM-ATM-010,SoHo Broadway,40.7233,-74.002,cloudy,None,74,52,33
2024-09-27,LM-ATM-011,NoLiTa,40.7228,-73.9973,cloudy,None,57,31,20
2024-09-27,LM-ATM-012,Canal Street,40.719,-74.002,cloudy,None,83,40,29
2024-09-27,LM-ATM-013,World Trade Center,40.7116,-74.013,cloudy,None,121,48,23
2024-09-27,LM-ATM-014,Brookfield Place,40.7127,-74.0155,cloudy,None,116,42,25
2024-09-27,LM-ATM-015,Bowling Green,40.7047,-74.0141,cloudy,None,83,36,20
2024-09-27,LM-ATM-016,Staten Ferry Terminal,40.7013,-74.0132,cloudy,None,63,50,30
2024-09-27,LM-ATM-017,Essex Market,40.7193,-73.9874,cloudy,None,70,35,19
2024-09-27,LM-ATM-018,Houston Street,40.7282,-74.005,cloudy,None,80,43,24
2024-09-27,LM-ATM-019,Delancey Street,40.7188,-73.9885,cloudy,None,77,38,23
2024-09-27,LM-ATM-020,Pier 17,40.7058,-74.0027,cloudy,None,83,57,37
2024-09-28,LM-ATM-001,Battery Park,40.7033,-74.017,clear,None,86,49,32
2024-09-28,LM-ATM-002,Wall Street,40.7074,-74.0113,clear,None,97,35,14
2024-09-28,LM-ATM-003,Broad Street,40.7069,-74.0113,clear,None,108,34,18
2024-09-28,LM-ATM-004,Fulton Center,40.7103,-74.0076,clear,None,95,51,25
2024-09-28,LM-ATM-005,South Street Seaport,40.7069,-74.003,clear,None,70,52,32
2024-09-28,LM-ATM-006,Tribeca,40.7163,-74.0086,clear,None,85,41,19
2024-09-28,LM-ATM-007,City Hall,40.7128,-74.0059,clear,None,85,39,22
2024-09-28,LM-ATM-008,Chinatown,40.7158,-73.9973,clear,None,93,52,32
2024-09-28,LM-ATM-009,Little Italy,40.7191,-73.9973,clear,None,78,56,31
2024-09-28,LM-ATM-010,SoHo Broadway,40.7233,-74.002,clear,None,102,72,48
2024-09-28,LM-ATM-011,NoLiTa,40.7228,-73.9973,clear,None,65,49,28
2024-09-28,LM-ATM-012,Canal Street,40.719,-74.002,clear,None,80,54,29
2024-09-28,LM-ATM-013,World Trade Center,40.7116,-74.013,clear,None,113,39,22
2024-09-28,LM-ATM-014,Brookfield Place,40.7127,-74.0155,clear,None,92,39,18
2024-09-28,LM-ATM-015,Bowling Green,40.7047,-74.0141,clear,None,83,41,24
2024-09-28,LM-ATM-016,Staten Ferry Terminal,40.7013,-74.0132,clear,None,72,57,32
2024-09-28,LM-ATM-017,Essex Market,40.7193,-73.9874,clear,None,67,44,25
2024-09-28,LM-ATM-018,Houston Street,40.7282,-74.005,clear,None,92,57,36
2024-09-28,LM-ATM-019,Delancey Street,40.7188,-73.9885,clear,None,71,42,24
2024-09-28,LM-ATM-020,Pier 17,40.7058,-74.0027,clear,None,72,56,37
2024-09-29,LM-ATM-001,Battery Park,40.7033,-74.017,cloudy,None,70,44,25
2024-09-29,LM-ATM-002,Wall Street,40.7074,-74.0113,cloudy,None,104,23,15
2024-09-29,LM-ATM-003,Broad Street,40.7069,-74.0113,cloudy,None,91,31,13
2024-09-29,LM-ATM-004,Fulton Center,40.7103,-74.0076,cloudy,None,96,50,26
2024-09-29,LM-ATM-005,South Street Seaport,40.7069,-74.003,cloudy,None,81,56,38
2024-09-29,LM-ATM-006,Tribeca,40.7163,-74.0086,cloudy,None,79,40,17
2024-09-29,LM-ATM-007,City Hall,40.7128,-74.0059,cloudy,None,60,31,14
2024-09-29,LM-ATM-008,Chinatown,40.7158,-73.9973,cloudy,None,77,47,27
2024-09-29,LM-ATM-009,Little Italy,40.7191,-73.9973,cloudy,None,60,44,23
2024-09-29,LM-ATM-010,SoHo Broadway,40.7233,-74.002,cloudy,None,62,55,33
2024-09-29,LM-ATM-011,NoLiTa,40.7228,-73.9973,cloudy,None,62,47,25
2024-09-29,LM-ATM-012,Canal Street,40.719,-74.002,cloudy,None,85,49,32
2024-09-29,LM-ATM-013,World Trade Center,40.7116,-74.013,cloudy,None,98,39,22
2024-09-29,LM-ATM-014,Brookfield Place,40.7127,-74.0155,cloudy,None,92,41,20
2024-09-29,LM-ATM-015,Bowling Green,40.7047,-74.0141,cloudy,None,82,47,22
2024-09-29,LM-ATM-016,Staten Ferry Terminal,40.7013,-74.0132,cloudy,None,75,56,34
2024-09-29,LM-ATM-017,Essex Market,40.7193,-73.9874,cloudy,None,67,42,23
2024-09-29,LM-ATM-018,Houston Street,40.7282,-74.005,cloudy,None,75,50,28
2024-09-29,LM-ATM-019,Delancey Street,40.7188,-73.9885,cloudy,None,65,40,21
2024-09-29,LM-ATM-020,Pier 17,40.7058,-74.0027,cloudy,None,63,51,32
2024-09-30,LM-ATM-001,Battery Park,40.7033,-74.017,clear,None,62,39,26
2024-09-30,LM-ATM-002,Wall Street,40.7074,-74.0113,clear,None,136,32,15
2024-09-30,LM-ATM-003,Broad Street,40.7069,-74.0113,clear,None,108,31,12
2024-09-30,LM-ATM-004,Fulton Center,40.7103,-74.0076,clear,None,119,45,29
2024-09-30,LM-ATM-005,South Street Seaport,40.7069,-74.003,clear,None,91,54,36
2024-09-30,LM-ATM-006,Tribeca,40.7163,-74.0086,clear,None,93,32,19
2024-09-30,LM-ATM-007,City Hall,40.7128,-74.0059,clear,None,95,39,20
2024-09-30,LM-ATM-008,Chinatown,40.7158,-73.9973,clear,None,76,33,22
2024-09-30,LM-ATM-009,Little Italy,40.7191,-73.9973,clear,None,73,48,26
2024-09-30,LM-ATM-010,SoHo Broadway,40.7233,-74.002,clear,None,73,50,31
2024-09-30,LM-ATM-011,NoLiTa,40.7228,-73.9973,clear,None,83,48,29
2024-09-30,LM-ATM-012,Canal Street,40.719,-74.002,clear,None,106,55,29
2024-09-30,LM-ATM-013,World Trade Center,40.7116,-74.013,clear,None,149,50,30
2024-09-30,LM-ATM-014,Brookfield Place,40.7127,-74.0155,clear,None,121,43,25
2024-09-30,LM-ATM-015,Bowling Green,40.7047,-74.0141,clear,None,88,34,21
2024-09-30,LM-ATM-016,Staten Ferry Terminal,40.7013,-74.0132,clear,None,92,60,36
2024-09-30,LM-ATM-017,Essex Market,40.7193,-73.9874,clear,None,80,41,22
2024-09-30,LM-ATM-018,Houston Street,40.7282,-74.005,clear,None,69,42,23
2024-09-30,LM-ATM-019,Delancey Street,40.7188,-73.9885,clear,None,82,45,25
2024-09-30,LM-ATM-020,Pier 17,40.7058,-74.0027,clear,None,74,58,38
2024-10-01,LM-ATM-001,Battery Park,40.7033,-74.017,clear,None,75,39,26
2024-10-01,LM-ATM-002,Wall Street,40.7074,-74.0113,clear,None,162,36,17
2024-10-01,LM-ATM-003,Broad Street,40.7069,-74.0113,clear,None,118,34,16
2024-10-01,LM-ATM-004,Fulton Center,40.7103,-74.0076,clear,None,126,56,33
2024-10-01,LM-ATM-005,South Street Seaport,40.7069,-74.003,clear,None,88,62,37
2024-10-01,LM-ATM-006,Tribeca,40.7163,-74.0086,clear,None,73,29,14
2024-10-01,LM-ATM-007,City Hall,40.7128,-74.0059,clear,None,109,35,21
2024-10-01,LM-ATM-008,Chinatown,40.7158,-73.9973,clear,None,88,45,29
2024-10-01,LM-ATM-009,Little Italy,40.7191,-73.9973,clear,None,59,34,19
2024-10-01,LM-ATM-010,SoHo Broadway,40.7233,-74.002,clear,None,82,57,35
2024-10-01,LM-ATM-011,NoLiTa,40.7228,-73.9973,clear,None,69,42,27
2024-10-01,LM-ATM-012,Canal Street,40.719,-74.002,clear,None,91,46,32
2024-10-01,LM-ATM-013,World Trade Center,40.7116,-74.013,clear,None,152,48,32
2024-10-01,LM-ATM-014,Brookfield Place,40.7127,-74.0155,clear,None,131,48,29
2024-10-01,LM-ATM-015,Bowling Green,40.7047,-74.0141,clear,None,99,36,22
2024-10-01,LM-ATM-016,Staten Ferry Terminal,40.7013,-74.0132,clear,None,66,40,24
2024-10-01,LM-ATM-017,Essex Market,40.7193,-73.9874,clear,None,67,41,21
2024-10-01,LM-ATM-018,Houston Street,40.7282,-74.005,clear,None,76,40,24
2024-10-01,LM-ATM-019,Delancey Street,40.7188,-73.9885,clear,None,75,39,21
2024-10-01,LM-ATM-020,Pier 17,40.7058,-74.0027,clear,None,69,50,33
2024-10-02,LM-ATM-001,Battery Park,40.7033,-74.017,cloudy,None,79,58,28
2024-10-02,LM-ATM-002,Wall Street,40.7074,-74.0113,cloudy,None,144,33,20
2024-10-02,LM-ATM-003,Broad Street,40.7069,-74.0113,cloudy,None,148,38,16
2024-10-02,LM-ATM-004,Fulton Center,40.7103,-74.0076,cloudy,None,115,53,27
2024-10-02,LM-ATM-005,South Street Seaport,40.7069,-74.003,cloudy,None,89,67,40
2024-10-02,LM-ATM-006,Tribeca,40.7163,-74.0086,cloudy,None,75,32,14
2024-10-02,LM-ATM-007,City Hall,40.7128,-74.0059,cloudy,None,81,32,16
2024-10-02,LM-ATM-008,Chinatown,40.7158,-73.9973,cloudy,None,87,45,23
2024-10-02,LM-ATM-009,Little Italy,40.7191,-73.9973,cloudy,None,66,45,28
2024-10-02,LM-ATM-010,SoHo Broadway,40.7233,-74.002,cloudy,None,83,61,42
2024-10-02,LM-ATM-011,NoLiTa,40.7228,-73.9973,cloudy,None,56,34,21
2024-10-02,LM-ATM-012,Canal Street,40.719,-74.002,cloudy,None,95,45,31
2024-10-02,LM-ATM-013,World Trade Center,40.7116,-74.013,cloudy,None,113,40,27
2024-10-02,LM-ATM-014,Brookfield Place,40.7127,-74.0155,cloudy,None,124,46,26
2024-10-02,LM-ATM-015,Bowling Green,40.7047,-74.0141,cloudy,None,93,46,23
2024-10-02,LM-ATM-016,Staten Ferry Terminal,40.7013,-74.0132,cloudy,None,74,45,29
2024-10-02,LM-ATM-017,Essex Market,40.7193,-73.9874,cloudy,None,73,38,20
2024-10-02,LM-ATM-018,Houston Street,40.7282,-74.005,cloudy,None,89,48,30
2024-10-02,LM-ATM-019,Delancey Street,40.7188,-73.9885,cloudy,None,79,43,24
2024-10-02,LM-ATM-020,Pier 17,40.7058,-74.0027,cloudy,None,72,50,35
2024-10-03,LM-ATM-001,Battery Park,40.7033,-74.017,clear,None,97,52,31
2024-10-03,LM-ATM-002,Wall Street,40.7074,-74.0113,clear,None,100,31,14
2024-10-03,LM-ATM-003,Broad Street,40.7069,-74.0113,clear,None,127,29,21
2024-10-03,LM-ATM-004,Fulton Center,40.7103,-74.0076,clear,None,142,55,35
2024-10-03,LM-ATM-005,South Street Seaport,40.7069,-74.003,clear,None,87,58,36
2024-10-03,LM-ATM-006,Tribeca,40.7163,-74.0086,clear,None,91,30,17
2024-10-03,LM-ATM-007,City Hall,40.7128,-74.0059,clear,None,91,40,20
2024-10-03,LM-ATM-008,Chinatown,40.7158,-73.9973,clear,None,84,43,22
2024-10-03,LM-ATM-009,Little Italy,40.7191,-73.9973,clear,None,69,48,25
2024-10-03,LM-ATM-010,SoHo Broadway,40.7233,-74.002,clear,None,63,48,28
2024-10-03,LM-ATM-011,NoLiTa,40.7228,-73.9973,clear,None,68,40,25
2024-10-03,LM-ATM-012,Canal Street,40.719,-74.002,clear,None,84,47,32
2024-10-03,LM-ATM-013,World Trade Center,40.7116,-74.013,clear,None,138,47,29
2024-10-03,LM-ATM-014,Brookfield Place,40.7127,-74.0155,clear,None,109,41,25
2024-10-03,LM-ATM-015,Bowling Green,40.7047,-74.0141,clear,None,122,47,31
2024-10-03,LM-ATM-016,Staten Ferry Terminal,40.7013,-74.0132,clear,None,95,59,37
2024-10-03,LM-ATM-017,Essex Market,40.7193,-73.9874,clear,None,74,38,20
2024-10-03,LM-ATM-018,Houston Street,40.7282,-74.005,clear,None,79,42,24
2024-10-03,LM-ATM-019,Delancey Street,40.7188,-73.9885,clear,None,70,35,21
2024-10-03,LM-ATM-020,Pier 17,40.7058,-74.0027,clear,None,73,55,35
2024-10-04,LM-ATM-001,Battery Park,40.7033,-74.017,cloudy,None,60,39,21
2024-10-04,LM-ATM-002,Wall Street,40.7074,-74.0113,cloudy,None,118,28,13
2024-10-04,LM-ATM-003,Broad Street,40.7069,-74.0113,cloudy,None,115,30,15
2024-10-04,LM-ATM-004,Fulton Center,40.7103,-74.0076,cloudy,None,88,32,20
2024-10-04,LM-ATM-005,South Street Seaport,40.7069,-74.003,cloudy,None,69,46,26
2024-10-04,LM-ATM-006,Tribeca,40.7163,-74.0086,cloudy,None,81,30,17
2024-10-04,LM-ATM-007,City Hall,40.7128,-74.0059,cloudy,None,97,36,19
2024-10-04,LM-ATM-008,Chinatown,40.7158,-73.9973,cloudy,None,97,41,26
2024-10-04,LM-ATM-009,Little Italy,40.7191,-73.9973,cloudy,None,72,47,26
2024-10-04,LM-ATM-010,SoHo Broadway,40.7233,-74.002,cloudy,None,89,58,36
2024-10-04,LM-ATM-011,NoLiTa,40.7228,-73.9973,cloudy,None,59,32,22
2024-10-04,LM-ATM-012,Canal Street,40.719,-74.002,cloudy,None,83,44,31
2024-10-04,LM-ATM-013,World Trade Center,40.7116,-74.013,cloudy,None,106,40,24
2024-10-04,LM-ATM-014,Brookfield Place,40.7127,-74.0155,cloudy,None,133,46,20
2024-10-04,LM-ATM-015,Bowling Green,40.7047,-74.0141,cloudy,None,89,45,23
2024-10-04,LM-ATM-016,Staten Ferry Terminal,40.7013,-74.0132,cloudy,None,57,36,26
2024-10-04,LM-ATM-017,Essex Market,40.7193,-73.9874,cloudy,None,86,36,23
2024-10-04,LM-ATM-018,Houston Street,40.7282,-74.005,cloudy,None,71,41,24
2024-10-04,LM-ATM-019,Delancey Street,40.7188,-73.9885,cloudy,None,61,35,19
2024-10-04,LM-ATM-020,Pier 17,40.7058,-74.0027,cloudy,None,59,48,30
2024-10-05,LM-ATM-001,Battery Park,40.7033,-74.017,rain,None,61,43,26
2024-10-05,LM-ATM-002,Wall Street,40.7074,-74.0113,rain,None,90,30,14
2024-10-05,LM-ATM-003,Broad Street,40.7069,-74.0113,rain,None,90,29,12
2024-10-05,LM-ATM-004,Fulton Center,40.7103,-74.0076,rain,None,82,42,26
2024-10-05,LM-ATM-005,South Street Seaport,40.7069,-74.003,rain,None,53,37,22
2024-10-05,LM-ATM-006,Tribeca,40.7163,-74.0086,rain,None,67,37,16
2024-10-05,LM-ATM-007,City Hall,40.7128,-74.0059,rain,None,56,23,13
2024-10-05,LM-ATM-008,Chinatown,40.7158,-73.9973,rain,None,81,52,25
2024-10-05,LM-ATM-009,Little Italy,40.7191,-73.9973,rain,None,67,52,29
2024-10-05,LM-ATM-010,SoHo Broadway,40.7233,-74.002,rain,None,55,53,29
2024-10-05,LM-ATM-011,NoLiTa,40.7228,-73.9973,rain,None,43,29,16
2024-10-05,LM-ATM-012,Canal Street,40.719,-74.002,rain,None,72,46,26
2024-10-05,LM-ATM-013,World Trade Center,40.7116,-74.013,rain,None,79,30,16
2024-10-05,LM-ATM-014,Brookfield Place,40.7127,-74.0155,rain,None,75,29,16
2024-10-05,LM-ATM-015,Bowling Green,40.7047,-74.0141,rain,None,64,36,20
2024-10-05,LM-ATM-016,Staten Ferry Terminal,40.7013,-74.0132,rain,None,60,48,29
2024-10-05,LM-ATM-017,Essex Market,40.7193,-73.9874,rain,None,44,34,17
2024-10-05,LM-ATM-018,Houston Street,40.7282,-74.005,rain,None,60,41,22
2024-10-05,LM-ATM-019,Delancey Street,40.7188,-73.9885,rain,None,64,39,22
2024-10-05,LM-ATM-020,Pier 17,40.7058,-74.0027,rain,None,61,43,30
2024-10-06,LM-ATM-001,Battery Park,40.7033,-74.017,cloudy,None,66,53,27
2024-10-06,LM-ATM-002,Wall Street,40.7074,-74.0113,cloudy,None,98,27,11
2024-10-06,LM-ATM-003,Broad Street,40.7069,-74.0113,cloudy,None,82,30,12
2024-10-06,LM-ATM-004,Fulton Center,40.7103,-74.0076,cloudy,None,104,48,27
2024-10-06,LM-ATM-005,South Street Seaport,40.7069,-74.003,cloudy,None,63,50,28
2024-10-06,LM-ATM-006,Tribeca,40.7163,-74.0086,cloudy,None,86,43,21
2024-10-06,LM-ATM-007,City Hall,40.7128,-74.0059,cloudy,None,67,36,16
2024-10-06,LM-ATM-008,Chinatown,40.7158,-73.9973,cloudy,None,68,46,21
2024-10-06,LM-ATM-009,Little Italy,40.7191,-73.9973,cloudy,None,75,49,30
2024-10-06,LM-ATM-010,SoHo Broadway,40.7233,-74.002,cloudy,None,85,79,47
2024-10-06,LM-ATM-011,NoLiTa,40.7228,-73.9973,cloudy,None,71,52,29
2024-10-06,LM-ATM-012,Canal Street,40.719,-74.002,cloudy,None,74,45,26
2024-10-06,LM-ATM-013,World Trade Center,40.7116,-74.013,cloudy,None,88,41,19
2024-10-06,LM-ATM-014,Brookfield Place,40.7127,-74.0155,cloudy,None,89,41,19
2024-10-06,LM-ATM-015,Bowling Green,40.7047,-74.0141,cloudy,None,81,42,20
2024-10-06,LM-ATM-016,Staten Ferry Terminal,40.7013,-74.0132,cloudy,None,63,45,30
2024-10-06,LM-ATM-017,Essex Market,40.7193,-73.9874,cloudy,None,72,41,23
2024-10-06,LM-ATM-018,Houston Street,40.7282,-74.005,cloudy,None,73,50,28
2024-10-06,LM-ATM-019,Delancey Street,40.7188,-73.9885,cloudy,None,68,46,23
2024-10-06,LM-ATM-020,Pier 17,40.7058,-74.0027,cloudy,None,66,59,32
2024-10-07,LM-ATM-001,Battery Park,40.7033,-74.017,cloudy,None,64,36,24
2024-10-07,LM-ATM-002,Wall Street,40.7074,-74.0113,cloudy,None,107,25,13
2024-10-07,LM-ATM-003,Broad Street,40.7069,-74.0113,cloudy,None,142,30,17
2024-10-07,LM-ATM-004,Fulton Center,40.7103,-74.0076,cloudy,None,131,59,30
2024-10-07,LM-ATM-005,South Street Seaport,40.7069,-74.003,cloudy,None,92,60,40
2024-10-07,LM-ATM-006,Tribeca,40.7163,-74.0086,cloudy,None,91,37,18
2024-10-07,LM-ATM-007,City Hall,40.7128,-74.0059,cloudy,None,87,37,15
2024-10-07,LM-ATM-008,Chinatown,40.7158,-73.9973,cloudy,None,79,36,21
2024-10-07,LM-ATM-009,Little Italy,40.7191,-73.9973,cloudy,None,63,42,23
2024-10-07,LM-ATM-010,SoHo Broadway,40.7233,-74.002,cloudy,None,72,59,34
2024-10-07,LM-ATM-011,NoLiTa,40.7228,-73.9973,cloudy,None,74,47,28
2024-10-07,LM-ATM-012,Canal Street,40.719,-74.002,cloudy,None,86,49,27
2024-10-07,LM-ATM-013,World Trade Center,40.7116,-74.013,cloudy,None,122,44,23
2024-10-07,LM-ATM-014,Brookfield Place,40.7127,-74.0155,cloudy,None,134,42,28
2024-10-07,LM-ATM-015,Bowling Green,40.7047,-74.0141,cloudy,None,92,40,20
2024-10-07,LM-ATM-016,Staten Ferry Terminal,40.7013,-74.0132,cloudy,None,80,52,31
2024-10-07,LM-ATM-017,Essex Market,40.7193,-73.9874,cloudy,None,78,37,22
2024-10-07,LM-ATM-018,Houston Street,40.7282,-74.005,cloudy,None,77,44,25
2024-10-07,LM-ATM-019,Delancey Street,40.7188,-73.9885,cloudy,None,86,44,22
2024-10-07,LM-ATM-020,Pier 17,40.7058,-74.0027,cloudy,None,75,52,34
2024-10-08,LM-ATM-001,Battery Park,40.7033,-74.017,cloudy,None,59,29,20
2024-10-08,LM-ATM-002,Wall Street,40.7074,-74.0113,cloudy,None,124,29,14
2024-10-08,LM-ATM-003,Broad Street,40.7069,-74.0113,cloudy,None,126,26,15
2024-10-08,LM-ATM-004,Fulton Center,40.7103,-74.0076,cloudy,None,99,39,20
2024-10-08,LM-ATM-005,South Street Seaport,40.7069,-74.003,cloudy,None,64,42,27
2024-10-08,LM-ATM-006,Tribeca,40.7163,-74.0086,cloudy,None,74,27,12
2024-10-08,LM-ATM-007,City Hall,40.7128,-74.0059,cloudy,None,74,29,15
2024-10-08,LM-ATM-008,Chinatown,40.7158,-73.9973,cloudy,None,71,40,24
2024-10-08,LM-ATM-009,Little Italy,40.7191,-73.9973,cloudy,None,51,33,19
2024-10-08,LM-ATM-010,SoHo Broadway,40.7233,-74.002,cloudy,None,97,63,39
2024-10-08,LM-ATM-011,NoLiTa,40.7228,-73.9973,cloudy,None,54,33,20
2024-10-08,LM-ATM-012,Canal Street,40.719,-74.002,cloudy,None,90,44,26
2024-10-08,LM-ATM-013,World Trade Center,40.7116,-74.013,cloudy,None,95,31,17
2024-10-08,LM-ATM-014,Brookfield Place,40.7127,-74.0155,cloudy,None,131,39,25
2024-10-08,LM-ATM-015,Bowling Green,40.7047,-74.0141,cloudy,None,106,45,24
2024-10-08,LM-ATM-016,Staten Ferry Terminal,40.7013,-74.0132,cloudy,None,62,43,26
2024-10-08,LM-ATM-017,Essex Market,40.7193,-73.9874,cloudy,None,83,37,23
2024-10-08,LM-ATM-018,Houston Street,40.7282,-74.005,cloudy,None,62,35,21
2024-10-08,LM-ATM-019,Delancey Street,40.7188,-73.9885,cloudy,None,77,41,25
2024-10-08,LM-ATM-020,Pier 17,40.7058,-74.0027,cloudy,None,67,53,31
2024-10-09,LM-ATM-001,Battery Park,40.7033,-74.017,clear,None,62,37,23
2024-10-09,LM-ATM-002,Wall Street,40.7074,-74.0113,clear,None,138,34,19
2024-10-09,LM-ATM-003,Broad Street,40.7069,-74.0113,clear,None,121,34,15
2024-10-09,LM-ATM-004,Fulton Center,40.7103,-74.0076,clear,None,106,46,26
2024-10-09,LM-ATM-005,South Street Seaport,40.7069,-74.003,clear,None,89,59,39
2024-10-09,LM-ATM-006,Tribeca,40.7163,-74.0086,clear,None,90,34,16
2024-10-09,LM-ATM-007,City Hall,40.7128,-74.0059,clear,None,111,39,22
2024-10-09,LM-ATM-008,Chinatown,40.7158,-73.9973,clear,None,84,43,26
2024-10-09,LM-ATM-009,Little Italy,40.7191,-73.9973,clear,None,66,38,24
2024-10-09,LM-ATM-010,SoHo Broadway,40.7233,-74.002,clear,None,92,68,46
2024-10-09,LM-ATM-011,NoLiTa,40.7228,-73.9973,clear,None,66,44,27
2024-10-09,LM-ATM-012,Canal Street,40.719,-74.002,clear,None,79,45,28
2024-10-09,LM-ATM-013,World Trade Center,40.7116,-74.013,clear,None,112,34,23
2024-10-09,LM-ATM-014,Brookfield Place,40.7127,-74.0155,clear,None,154,43,34
2024-10-09,LM-ATM-015,Bowling Green,40.7047,-74.0141,clear,None,111,44,28
2024-10-09,LM-ATM-016,Staten Ferry Terminal,40.7013,-74.0132,clear,None,81,62,35
2024-10-09,LM-ATM-017,Essex Market,40.7193,-73.9874,clear,None,80,39,24
2024-10-09,LM-ATM-018,Houston Street,40.7282,-74.005,clear,None,77,42,24
2024-10-09,LM-ATM-019,Delancey Street,40.7188,-73.9885,clear,None,81,41,24
2024-10-09,LM-ATM-020,Pier 17,40.7058,-74.0027,clear,None,69,49,31
2024-10-10,LM-ATM-001,Battery Park,40.7033,-74.017,cloudy,None,66,41,26
2024-10-10,LM-ATM-002,Wall Street,40.7074,-74.0113,cloudy,None,132,30,14
2024-10-10,LM-ATM-003,Broad Street,40.7069,-74.0113,cloudy,None,135,38,17
2024-10-10,LM-ATM-004,Fulton Center,40.7103,-74.0076,cloudy,None,106,49,29
2024-10-10,LM-ATM-005,South Street Seaport,40.7069,-74.003,cloudy,None,82,58,34
2024-10-10,LM-ATM-006,Tribeca,40.7163,-74.0086,cloudy,None,77,38,15
2024-10-10,LM-ATM-007,City Hall,40.7128,-74.0059,cloudy,None,77,32,14
2024-10-10,LM-ATM-008,Chinatown,40.7158,-73.9973,cloudy,None,86,49,22
2024-10-10,LM-ATM-009,Little Italy,40.7191,-73.9973,cloudy,None,73,41,27
2024-10-10,LM-ATM-010,SoHo Broadway,40.7233,-74.002,cloudy,None,79,50,34
2024-10-10,LM-ATM-011,NoLiTa,40.7228,-73.9973,cloudy,None,56,34,20
2024-10-10,LM-ATM-012,Canal Street,40.719,-74.002,cloudy,None,89,42,27
2024-10-10,LM-ATM-013,World Trade Center,40.7116,-74.013,cloudy,None,125,57,23
2024-10-10,LM-ATM-014,Brookfield Place,40.7127,-74.0155,cloudy,None,116,45,25
2024-10-10,LM-ATM-015,Bowling Green,40.7047,-74.0141,cloudy,None,100,39,20
2024-10-10,LM-ATM-016,Staten Ferry Terminal,40.7013,-74.0132,cloudy,None,77,49,29
2024-10-10,LM-ATM-017,Essex Market,40.7193,-73.9874,cloudy,None,75,35,22
2024-10-10,LM-ATM-018,Houston Street,40.7282,-74.005,cloudy,None,83,52,29
2024-10-10,LM-ATM-019,Delancey Street,40.7188,-73.9885,cloudy,None,74,43,25
2024-10-10,LM-ATM-020,Pier 17,40.7058,-74.0027,cloudy,None,67,52,34
2024-10-11,LM-ATM-001,Battery Park,40.7033,-74.017,cloudy,None,77,52,30
2024-10-11,LM-ATM-002,Wall Street,40.7074,-74.0113,cloudy,None,146,35,15
2024-10-11,LM-ATM-003,Broad Street,40.7069,-74.0113,cloudy,None,117,37,18
2024-10-11,LM-ATM-004,Fulton Center,40.7103,-74.0076,cloudy,None,114,50,26
2024-10-11,LM-ATM-005,South Street Seaport,40.7069,-74.003,cloudy,None,62,45,25
2024-10-11,LM-ATM-006,Tribeca,40.7163,-74.0086,cloudy,None,90,36,18
2024-10-11,LM-ATM-007,City Hall,40.7128,-74.0059,cloudy,None,92,39,21
2024-10-11,LM-ATM-008,Chinatown,40.7158,-73.9973,cloudy,None,75,36,21
2024-10-11,LM-ATM-009,Little Italy,40.7191,-73.9973,cloudy,None,70,43,26
2024-10-11,LM-ATM-010,SoHo Broadway,40.7233,-74.002,cloudy,None,87,60,36
2024-10-11,LM-ATM-011,NoLiTa,40.7228,-73.9973,cloudy,None,58,37,22
2024-10-11,LM-ATM-012,Canal Street,40.719,-74.002,cloudy,None,87,47,29
2024-10-11,LM-ATM-013,World Trade Center,40.7116,-74.013,cloudy,None,126,46,27
2024-10-11,LM-ATM-014,Brookfield Place,40.7127,-74.0155,cloudy,None,123,45,25
2024-10-11,LM-ATM-015,Bowling Green,40.7047,-74.0141,cloudy,None,102,37,24
2024-10-11,LM-ATM-016,Staten Ferry Terminal,40.7013,-74.0132,cloudy,None,59,39,25
2024-10-11,LM-ATM-017,Essex Market,40.7193,-73.9874,cloudy,None,76,37,21
2024-10-11,LM-ATM-018,Houston Street,40.7282,-74.005,cloudy,None,59,34,17
2024-10-11,LM-ATM-019,Delancey Street,40.7188,-73.9885,cloudy,None,74,41,22
2024-10-11,LM-ATM-020,Pier 17,40.7058,-74.0027,cloudy,None,64,53,33
2024-10-12,LM-ATM-001,Battery Park,40.7033,-74.017,clear,None,67,52,27
2024-10-12,LM-ATM-002,Wall Street,40.7074,-74.0113,clear,None,106,29,18
2024-10-12,LM-ATM-003,Broad Street,40.7069,-74.0113,clear,None,113,33,16
2024-10-12,LM-ATM-004,Fulton Center,40.7103,-74.0076,clear,None,97,51,31
2024-10-12,LM-ATM-005,South Street Seaport,40.7069,-74.003,clear,None,84,66,39
2024-10-12,LM-ATM-006,Tribeca,40.7163,-74.0086,clear,None,77,36,18
2024-10-12,LM-ATM-007,City Hall,40.7128,-74.0059,clear,None,101,44,21
2024-10-12,LM-ATM-008,Chinatown,40.7158,-73.9973,clear,None,71,44,21
2024-10-12,LM-ATM-009,Little Italy,40.7191,-73.9973,clear,None,78,57,35
2024-10-12,LM-ATM-010,SoHo Broadway,40.7233,-74.002,clear,None,86,74,46
2024-10-12,LM-ATM-011,NoLiTa,40.7228,-73.9973,clear,None,55,42,24
2024-10-12,LM-ATM-012,Canal Street,40.719,-74.002,clear,None,82,47,26
2024-10-12,LM-ATM-013,World Trade Center,40.7116,-74.013,clear,None,117,49,29
2024-10-12,LM-ATM-014,Brookfield Place,40.7127,-74.0155,clear,None,96,41,21
2024-10-12,LM-ATM-015,Bowling Green,40.7047,-74.0141,clear,None,83,43,25
2024-10-12,LM-ATM-016,Staten Ferry Terminal,40.7013,-74.0132,clear,None,74,51,30
2024-10-12,LM-ATM-017,Essex Market,40.7193,-73.9874,clear,None,79,51,24
2024-10-12,LM-ATM-018,Houston Street,40.7282,-74.005,clear,None,60,42,21
2024-10-12,LM-ATM-019,Delancey Street,40.7188,-73.9885,clear,None,57,37,20
2024-10-12,LM-ATM-020,Pier 17,40.7058,-74.0027,clear,None,58,54,34
2024-10-13,LM-ATM-001,Battery Park,40.7033,-74.017,clear,None,78,59,32
2024-10-13,LM-ATM-002,Wall Street,40.7074,-74.0113,clear,None,104,38,17
2024-10-13,LM-ATM-003,Broad Street,40.7069,-74.0113,clear,None,103,33,16
2024-10-13,LM-ATM-004,Fulton Center,40.7103,-74.0076,clear,None,102,48,28
2024-10-13,LM-ATM-005,South Street Seaport,40.7069,-74.003,clear,None,90,73,47
2024-10-13,LM-ATM-006,Tribeca,40.7163,-74.0086,clear,None,70,37,19
2024-10-13,LM-ATM-007,City Hall,40.7128,-74.0059,clear,None,65,31,15
2024-10-13,LM-ATM-008,Chinatown,40.7158,-73.9973,clear,None,89,52,32
2024-10-13,LM-ATM-009,Little Italy,40.7191,-73.9973,clear,None,76,51,29
2024-10-13,LM-ATM-010,SoHo Broadway,40.7233,-74.002,clear,None,68,61,41
2024-10-13,LM-ATM-011,NoLiTa,40.7228,-73.9973,clear,None,57,40,21
2024-10-13,LM-ATM-012,Canal Street,40.719,-74.002,clear,None,86,50,29
2024-10-13,LM-ATM-013,World Trade Center,40.7116,-74.013,clear,None,117,41,25
2024-10-13,LM-ATM-014,Brookfield Place,40.7127,-74.0155,clear,None,111,52,31
2024-10-13,LM-ATM-015,Bowling Green,40.7047,-74.0141,clear,None,75,41,20
2024-10-13,LM-ATM-016,Staten Ferry Terminal,40.7013,-74.0132,clear,None,75,56,32
2024-10-13,LM-ATM-017,Essex Market,40.7193,-73.9874,clear,None,76,44,26
2024-10-13,LM-ATM-018,Houston Street,40.7282,-74.005,clear,None,78,57,34
2024-10-13,LM-ATM-019,Delancey Street,40.7188,-73.9885,clear,None,88,58,27
2024-10-13,LM-ATM-020,Pier 17,40.7058,-74.0027,clear,None,70,59,35
2024-10-14,LM-ATM-001,Battery Park,40.7033,-74.017,cloudy,None,74,39,27
2024-10-14,LM-ATM-002,Wall Street,40.7074,-74.0113,cloudy,None,129,34,17
2024-10-14,LM-ATM-003,Broad Street,40.7069,-74.0113,cloudy,None,129,37,17
2024-10-14,LM-ATM-004,Fulton Center,40.7103,-74.0076,cloudy,None,99,41,21
2024-10-14,LM-ATM-005,South Street Seaport,40.7069,-74.003,cloudy,None,87,60,37
2024-10-14,LM-ATM-006,Tribeca,40.7163,-74.0086,cloudy,None,87,33,18
2024-10-14,LM-ATM-007,City Hall,40.7128,-74.0059,cloudy,None,94,40,20
2024-10-14,LM-ATM-008,Chinatown,40.7158,-73.9973,cloudy,None,96,44,30
2024-10-14,LM-ATM-009,Little Italy,40.7191,-73.9973,cloudy,None,67,38,27
2024-10-14,LM-ATM-010,SoHo Broadway,40.7233,-74.002,cloudy,None,71,46,34
2024-10-14,LM-ATM-011,NoLiTa,40.7228,-73.9973,cloudy,None,68,43,23
2024-10-14,LM-ATM-012,Canal Street,40.719,-74.002,cloudy,None,84,43,30
2024-10-14,LM-ATM-013,World Trade Center,40.7116,-74.013,cloudy,None,118,38,23
2024-10-14,LM-ATM-014,Brookfield Place,40.7127,-74.0155,cloudy,None,117,43,25
2024-10-14,LM-ATM-015,Bowling Green,40.7047,-74.0141,cloudy,None,80,32,18
2024-10-14,LM-ATM-016,Staten Ferry Terminal,40.7013,-74.0132,cloudy,None,71,46,26
2024-10-14,LM-ATM-017,Essex Market,40.7193,-73.9874,cloudy,None,72,35,18
2024-10-14,LM-ATM-018,Houston Street,40.7282,-74.005,cloudy,None,79,43,29
2024-10-14,LM-ATM-019,Delancey Street,40.7188,-73.9885,cloudy,None,77,48,24
2024-10-14,LM-ATM-020,Pier 17,40.7058,-74.0027,cloudy,None,50,37,26
2024-10-15,LM-ATM-001,Battery Park,40.7033,-74.017,clear,None,64,43,24
2024-10-15,LM-ATM-002,Wall Street,40.7074,-74.0113,clear,None,144,29,17
2024-10-15,LM-ATM-003,Broad Street,40.7069,-74.0113,clear,None,119,33,17
2024-10-15,LM-ATM-004,Fulton Center,40.7103,-74.0076,clear,None,116,49,27
2024-10-15,LM-ATM-005,South Street Seaport,40.7069,-74.003,clear,None,71,49,30
2024-10-15,LM-ATM-006,Tribeca,40.7163,-74.0086,clear,None,85,32,17
2024-10-15,LM-ATM-007,City Hall,40.7128,-74.0059,clear,None,105,44,21
2024-10-15,LM-ATM-008,Chinatown,40.7158,-73.9973,clear,None,75,35,22
2024-10-15,LM-ATM-009,Little Italy,40.7191,-73.9973,clear,None,72,43,26
2024-10-15,LM-ATM-010,SoHo Broadway,40.7233,-74.002,clear,None,88,74,47
2024-10-15,LM-ATM-011,NoLiTa,40.7228,-73.9973,clear,None,61,34,21
2024-10-15,LM-ATM-012,Canal Street,40.719,-74.002,clear,None,79,46,26
2024-10-15,LM-ATM-013,World Trade Center,40.7116,-74.013,clear,None,147,54,27
2024-10-15,LM-ATM-014,Brookfield Place,40.7127,-74.0155,clear,None,134,47,23
2024-10-15,LM-ATM-015,Bowling Green,40.7047,-74.0141,clear,None,95,32,21
2024-10-15,LM-ATM-016,Staten Ferry Terminal,40.7013,-74.0132,clear,None,97,66,36
2024-10-15,LM-ATM-017,Essex Market,40.7193,-73.9874,clear,None,91,44,24
2024-10-15,LM-ATM-018,Houston Street,40.7282,-74.005,clear,None,72,45,27
2024-10-15,LM-ATM-019,Delancey Street,40.7188,-73.9885,clear,None,81,52,26
2024-10-15,LM-ATM-020,Pier 17,40.7058,-74.0027,clear,None,91,70,39
2024-10-16,LM-ATM-001,Battery Park,40.7033,-74.017,cloudy,None,53,32,18
2024-10-16,LM-ATM-002,Wall Street,40.7074,-74.0113,cloudy,None,124,33,12
2024-10-16,LM-ATM-003,Broad Street,40.7069,-74.0113,cloudy,None,128,40,15
2024-10-16,LM-ATM-004,Fulton Center,40.7103,-74.0076,cloudy,None,113,46,27
2024-10-16,LM-ATM-005,South Street Seaport,40.7069,-74.003,cloudy,None,69,45,28
2024-10-16,LM-ATM-006,Tribeca,40.7163,-74.0086,cloudy,None,71,30,14
2024-10-16,LM-ATM-007,City Hall,40.7128,-74.0059,cloudy,None,105,33,21
2024-10-16,LM-ATM-008,Chinatown,40.7158,-73.9973,cloudy,None,82,43,24
2024-10-16,LM-ATM-009,Little Italy,40.7191,-73.9973,cloudy,None,68,43,24
2024-10-16,LM-ATM-010,SoHo Broadway,40.7233,-74.002,cloudy,None,86,60,40
2024-10-16,LM-ATM-011,NoLiTa,40.7228,-73.9973,cloudy,None,60,37,24
2024-10-16,LM-ATM-012,Canal Street,40.719,-74.002,cloudy,None,91,51,31
2024-10-16,LM-ATM-013,World Trade Center,40.7116,-74.013,cloudy,None,108,36,20
2024-10-16,LM-ATM-014,Brookfield Place,40.7127,-74.0155,cloudy,None,114,39,21
2024-10-16,LM-ATM-015,Bowling Green,40.7047,-74.0141,cloudy,None,93,39,25
2024-10-16,LM-ATM-016,Staten Ferry Terminal,40.7013,-74.0132,cloudy,None,82,54,33
2024-10-16,LM-ATM-017,Essex Market,40.7193,-73.9874,cloudy,None,94,48,24
2024-10-16,LM-ATM-018,Houston Street,40.7282,-74.005,cloudy,None,82,50,31
2024-10-16,LM-ATM-019,Delancey Street,40.7188,-73.9885,cloudy,None,73,33,21
2024-10-16,LM-ATM-020,Pier 17,40.7058,-74.0027,cloudy,None,68,45,30
2024-10-17,LM-ATM-001,Battery Park,40.7033,-74.017,clear,None,82,54,30
2024-10-17,LM-ATM-002,Wall Street,40.7074,-74.0113,clear,None,141,31,17
2024-10-17,LM-ATM-003,Broad Street,40.7069,-74.0113,clear,None,129,40,17
2024-10-17,LM-ATM-004,Fulton Center,40.7103,-74.0076,clear,None,111,45,29
2024-10-17,LM-ATM-005,South Street Seaport,40.7069,-74.003,clear,None,73,47,29
2024-10-17,LM-ATM-006,Tribeca,40.7163,-74.0086,clear,None,80,32,14
2024-10-17,LM-ATM-007,City Hall,40.7128,-74.0059,clear,None,95,32,20
2024-10-17,LM-ATM-008,Chinatown,40.7158,-73.9973,clear,None,86,45,26
2024-10-17,LM-ATM-009,Little Italy,40.7191,-73.9973,clear,None,80,45,27
2024-10-17,LM-ATM-010,SoHo Broadway,40.7233,-74.002,clear,None,83,54,42
2024-10-17,LM-ATM-011,NoLiTa,40.7228,-73.9973,clear,None,60,40,23
2024-10-17,LM-ATM-012,Canal Street,40.719,-74.002,clear,None,80,48,23
2024-10-17,LM-ATM-013,World Trade Center,40.7116,-74.013,clear,None,134,47,25
2024-10-17,LM-ATM-014,Brookfield Place,40.7127,-74.0155,clear,None,122,44,23
2024-10-17,LM-ATM-015,Bowling Green,40.7047,-74.0141,clear,None,115,43,25
2024-10-17,LM-ATM-016,Staten Ferry Terminal,40.7013,-74.0132,clear,None,86,51,33
2024-10-17,LM-ATM-017,Essex Market,40.7193,-73.9874,clear,None,72,37,21
2024-10-17,LM-ATM-018,Houston Street,40.7282,-74.005,clear,None,76,42,24
2024-10-17,LM-ATM-019,Delancey Street,40.7188,-73.9885,clear,None,77,38,22
2024-10-17,LM-ATM-020,Pier 17,40.7058,-74.0027,clear,None,70,49,34
2024-10-18,LM-ATM-001,Battery Park,40.7033,-74.017,cloudy,None,67,41,26
2024-10-18,LM-ATM-002,Wall Street,40.7074,-74.0113,cloudy,None,121,34,12
2024-10-18,LM-ATM-003,Broad Street,40.7069,-74.0113,cloudy,None,133,38,17
2024-10-18,LM-ATM-004,Fulton Center,40.7103,-74.0076,cloudy,None,83,34,21
2024-10-18,LM-ATM-005,South Street Seaport,40.7069,-74.003,cloudy,None,71,52,35
2024-10-18,LM-ATM-006,Tribeca,40.7163,-74.0086,cloudy,None,87,36,17
2024-10-18,LM-ATM-007,City Hall,40.7128,-74.0059,cloudy,None,103,44,21
2024-10-18,LM-ATM-008,Chinatown,40.7158,-73.9973,cloudy,None,88,41,24
2024-10-18,LM-ATM-009,Little Italy,40.7191,-73.9973,cloudy,None,47,29,18
2024-10-18,LM-ATM-010,SoHo Broadway,40.7233,-74.002,cloudy,None,72,47,29
2024-10-18,LM-ATM-011,NoLiTa,40.7228,-73.9973,cloudy,None,60,36,22
2024-10-18,LM-ATM-012,Canal Street,40.719,-74.002,cloudy,None,66,36,22
2024-10-18,LM-ATM-013,World Trade Center,40.7116,-74.013,cloudy,None,99,35,19
2024-10-18,LM-ATM-014,Brookfield Place,40.7127,-74.0155,cloudy,None,128,42,22
2024-10-18,LM-ATM-015,Bowling Green,40.7047,-74.0141,cloudy,None,84,36,19
2024-10-18,LM-ATM-016,Staten Ferry Terminal,40.7013,-74.0132,cloudy,None,68,47,31
2024-10-18,LM-ATM-017,Essex Market,40.7193,-73.9874,cloudy,None,59,34,18
2024-10-18,LM-ATM-018,Houston Street,40.7282,-74.005,cloudy,None,73,37,23
2024-10-18,LM-ATM-019,Delancey Street,40.7188,-73.9885,cloudy,None,58,30,16
2024-10-18,LM-ATM-020,Pier 17,40.7058,-74.0027,cloudy,None,54,41,28
2024-10-19,LM-ATM-001,Battery Park,40.7033,-74.017,cloudy,None,63,45,24
2024-10-19,LM-ATM-002,Wall Street,40.7074,-74.0113,cloudy,None,110,32,16
2024-10-19,LM-ATM-003,Broad Street,40.7069,-74.0113,cloudy,None,106,35,17
2024-10-19,LM-ATM-004,Fulton Center,40.7103,-74.0076,cloudy,None,93,47,25
2024-10-19,LM-ATM-005,South Street Seaport,40.7069,-74.003,cloudy,None,67,48,31
2024-10-19,LM-ATM-006,Tribeca,40.7163,-74.0086,cloudy,None,53,28,12
2024-10-19,LM-ATM-007,City Hall,40.7128,-74.0059,cloudy,None,82,42,21
2024-10-19,LM-ATM-008,Chinatown,40.7158,-73.9973,cloudy,None,74,47,24
2024-10-19,LM-ATM-009,Little Italy,40.7191,-73.9973,cloudy,None,55,39,26
2024-10-19,LM-ATM-010,SoHo Broadway,40.7233,-74.002,cloudy,None,67,64,37
2024-10-19,LM-ATM-011,NoLiTa,40.7228,-73.9973,cloudy,None,60,41,26
2024-10-19,LM-ATM-012,Canal Street,40.719,-74.002,cloudy,None,80,52,27
2024-10-19,LM-ATM-013,World Trade Center,40.7116,-74.013,cloudy,None,103,46,24
2024-10-19,LM-ATM-014,Brookfield Place,40.7127,-74.0155,cloudy,None,108,48,24
2024-10-19,LM-ATM-015,Bowling Green,40.7047,-74.0141,cloudy,None,79,39,23
2024-10-19,LM-ATM-016,Staten Ferry Terminal,40.7013,-74.0132,cloudy,None,83,64,38
2024-10-19,LM-ATM-017,Essex Market,40.7193,-73.9874,cloudy,None,77,44,26
2024-10-19,LM-ATM-018,Houston Street,40.7282,-74.005,cloudy,None,54,41,22
2024-10-19,LM-ATM-019,Delancey Street,40.7188,-73.9885,cloudy,None,65,41,20
2024-10-19,LM-ATM-020,Pier 17,40.7058,-74.0027,cloudy,None,74,64,38
2024-10-20,LM-ATM-001,Battery Park,40.7033,-74.017,cloudy,None,63,50,22
2024-10-20,LM-ATM-002,Wall Street,40.7074,-74.0113,cloudy,None,89,22,11
2024-10-20,LM-ATM-003,Broad Street,40.7069,-74.0113,cloudy,None,88,29,12
2024-10-20,LM-ATM-004,Fulton Center,40.7103,-74.0076,cloudy,None,84,47,24
2024-10-20,LM-ATM-005,South Street Seaport,40.7069,-74.003,cloudy,None,77,62,41
2024-10-20,LM-ATM-006,Tribeca,40.7163,-74.0086,cloudy,None,71,31,16
2024-10-20,LM-ATM-007,City Hall,40.7128,-74.0059,cloudy,None,75,36,17
2024-10-20,LM-ATM-008,Chinatown,40.7158,-73.9973,cloudy,None,70,39,23
2024-10-20,LM-ATM-009,Little Italy,40.7191,-73.9973,cloudy,None,87,62,37
2024-10-20,LM-ATM-010,SoHo Broadway,40.7233,-74.002,cloudy,None,83,68,40
2024-10-20,LM-ATM-011,NoLiTa,40.7228,-73.9973,cloudy,None,52,39,23
2024-10-20,LM-ATM-012,Canal Street,40.719,-74.002,cloudy,None,78,49,28
2024-10-20,LM-ATM-013,World Trade Center,40.7116,-74.013,cloudy,None,97,38,21
2024-10-20,LM-ATM-014,Brookfield Place,40.7127,-74.0155,cloudy,None,77,30,16
2024-10-20,LM-ATM-015,Bowling Green,40.7047,-74.0141,cloudy,None,77,39,22
2024-10-20,LM-ATM-016,Staten Ferry Terminal,40.7013,-74.0132,cloudy,None,76,69,36
2024-10-20,LM-ATM-017,Essex Market,40.7193,-73.9874,cloudy,None,77,40,25
2024-10-20,LM-ATM-018,Houston Street,40.7282,-74.005,cloudy,None,72,50,27
2024-10-20,LM-ATM-019,Delancey Street,40.7188,-73.9885,cloudy,None,90,48,30
2024-10-20,LM-ATM-020,Pier 17,40.7058,-74.0027,cloudy,None,64,47,32
2024-10-21,LM-ATM-001,Battery Park,40.7033,-74.017,rain,None,58,36,19
2024-10-21,LM-ATM-002,Wall Street,40.7074,-74.0113,rain,None,106,24,12
2024-10-21,LM-ATM-003,Broad Street,40.7069,-74.0113,rain,None,81,26,12
2024-10-21,LM-ATM-004,Fulton Center,40.7103,-74.0076,rain,None,89,44,20
2024-10-21,LM-ATM-005,South Street Seaport,40.7069,-74.003,rain,None,54,35,25
2024-10-21,LM-ATM-006,Tribeca,40.7163,-74.0086,rain,None,53,18,10
2024-10-21,LM-ATM-007,City Hall,40.7128,-74.0059,rain,None,76,26,14
2024-10-21,LM-ATM-008,Chinatown,40.7158,-73.9973,rain,None,76,36,21
2024-10-21,LM-ATM-009,Little Italy,40.7191,-73.9973,rain,None,67,39,24
2024-10-21,LM-ATM-010,SoHo Broadway,40.7233,-74.002,rain,None,79,58,34
2024-10-21,LM-ATM-011,NoLiTa,40.7228,-73.9973,rain,None,56,32,20
2024-10-21,LM-ATM-012,Canal Street,40.719,-74.002,rain,None,72,42,24
2024-10-21,LM-ATM-013,World Trade Center,40.7116,-74.013,rain,None,114,39,20
2024-10-21,LM-ATM-014,Brookfield Place,40.7127,-74.0155,rain,None,102,35,22
2024-10-21,LM-ATM-015,Bowling Green,40.7047,-74.0141,rain,None,79,30,18
2024-10-21,LM-ATM-016,Staten Ferry Terminal,40.7013,-74.0132,rain,None,59,37,21
2024-10-21,LM-ATM-017,Essex Market,40.7193,-73.9874,rain,None,62,33,19
2024-10-21,LM-ATM-018,Houston Street,40.7282,-74.005,rain,None,48,27,18
2024-10-21,LM-ATM-019,Delancey Street,40.7188,-73.9885,rain,None,49,28,14
2024-10-21,LM-ATM-020,Pier 17,40.7058,-74.0027,rain,None,48,40,25
2024-10-22,LM-ATM-001,Battery Park,40.7033,-74.017,clear,None,83,49,26
2024-10-22,LM-ATM-002,Wall Street,40.7074,-74.0113,clear,None,110,30,16
2024-10-22,LM-ATM-003,Broad Street,40.7069,-74.0113,clear,None,131,33,15
2024-10-22,LM-ATM-004,Fulton Center,40.7103,-74.0076,clear,None,132,53,32
2024-10-22,LM-ATM-005,South Street Seaport,40.7069,-74.003,clear,None,68,49,31
2024-10-22,LM-ATM-006,Tribeca,40.7163,-74.0086,clear,None,78,31,14
2024-10-22,LM-ATM-007,City Hall,40.7128,-74.0059,clear,None,113,36,22
2024-10-22,LM-ATM-008,Chinatown,40.7158,-73.9973,clear,None,100,51,31
2024-10-22,LM-ATM-009,Little Italy,40.7191,-73.9973,clear,None,72,45,30
2024-10-22,LM-ATM-010,SoHo Broadway,40.7233,-74.002,clear,None,98,63,45
2024-10-22,LM-ATM-011,NoLiTa,40.7228,-73.9973,clear,None,68,44,27
2024-10-22,LM-ATM-012,Canal Street,40.719,-74.002,clear,None,78,41,27
2024-10-22,LM-ATM-013,World Trade Center,40.7116,-74.013,clear,None,120,47,23
2024-10-22,LM-ATM-014,Brookfield Place,40.7127,-74.0155,clear,None,132,43,27
2024-10-22,LM-ATM-015,Bowling Green,40.7047,-74.0141,clear,None,83,34,19
2024-10-22,LM-ATM-016,Staten Ferry Terminal,40.7013,-74.0132,clear,None,88,61,31
2024-10-22,LM-ATM-017,Essex Market,40.7193,-73.9874,clear,None,68,32,21
2024-10-22,LM-ATM-018,Houston Street,40.7282,-74.005,clear,None,68,43,25
2024-10-22,LM-ATM-019,Delancey Street,40.7188,-73.9885,clear,None,92,47,25
2024-10-22,LM-ATM-020,Pier 17,40.7058,-74.0027,clear,None,74,56,32
2024-10-23,LM-ATM-001,Battery Park,40.7033,-74.017,clear,None,67,40,25
2024-10-23,LM-ATM-002,Wall Street,40.7074,-74.0113,clear,None,180,39,17
2024-10-23,LM-ATM-003,Broad Street,40.7069,-74.0113,clear,None,102,31,14
2024-10-23,LM-ATM-004,Fulton Center,40.7103,-74.0076,clear,None,130,59,31
2024-10-23,LM-ATM-005,South Street Seaport,40.7069,-74.003,clear,None,85,53,34
2024-10-23,LM-ATM-006,Tribeca,40.7163,-74.0086,clear,None,84,32,20
2024-10-23,LM-ATM-007,City Hall,40.7128,-74.0059,clear,None,76,27,17
2024-10-23,LM-ATM-008,Chinatown,40.7158,-73.9973,clear,None,90,46,28
2024-10-23,LM-ATM-009,Little Italy,40.7191,-73.9973,clear,None,72,46,27
2024-10-23,LM-ATM-010,SoHo Broadway,40.7233,-74.002,clear,None,93,55,40
2024-10-23,LM-ATM-011,NoLiTa,40.7228,-73.9973,clear,None,74,45,30
2024-10-23,LM-ATM-012,Canal Street,40.719,-74.002,clear,None,106,54,34
2024-10-23,LM-ATM-013,World Trade Center,40.7116,-74.013,clear,None,140,51,31
2024-10-23,LM-ATM-014,Brookfield Place,40.7127,-74.0155,clear,None,124,40,27
2024-10-23,LM-ATM-015,Bowling Green,40.7047,-74.0141,clear,None,100,38,22
2024-10-23,LM-ATM-016,Staten Ferry Terminal,40.7013,-74.0132,clear,None,77,50,35
2024-10-23,LM-ATM-017,Essex Market,40.7193,-73.9874,clear,None,81,43,22
2024-10-23,LM-ATM-018,Houston Street,40.7282,-74.005,clear,None,82,50,30
2024-10-23,LM-ATM-019,Delancey Street,40.7188,-73.9885,clear,None,88,40,25
2024-10-23,LM-ATM-020,Pier 17,40.7058,-74.0027,clear,None,67,52,32
2024-10-24,LM-ATM-001,Battery Park,40.7033,-74.017,cloudy,None,74,40,26
2024-10-24,LM-ATM-002,Wall Street,40.7074,-74.0113,cloudy,None,139,34,17
2024-10-24,LM-ATM-003,Broad Street,40.7069,-74.0113,cloudy,None,120,35,12
2024-10-24,LM-ATM-004,Fulton Center,40.7103,-74.0076,cloudy,None,108,49,25
2024-10-24,LM-ATM-005,South Street Seaport,40.7069,-74.003,cloudy,None,83,55,35
2024-10-24,LM-ATM-006,Tribeca,40.7163,-74.0086,cloudy,None,86,36,16
2024-10-24,LM-ATM-007,City Hall,40.7128,-74.0059,cloudy,None,102,40,24
2024-10-24,LM-ATM-008,Chinatown,40.7158,-73.9973,cloudy,None,92,47,24
2024-10-24,LM-ATM-009,Little Italy,40.7191,-73.9973,cloudy,None,69,43,27
2024-10-24,LM-ATM-010,SoHo Broadway,40.7233,-74.002,cloudy,None,72,49,32
2024-10-24,LM-ATM-011,NoLiTa,40.7228,-73.9973,cloudy,None,57,32,21
2024-10-24,LM-ATM-012,Canal Street,40.719,-74.002,cloudy,None,90,52,26
2024-10-24,LM-ATM-013,World Trade Center,40.7116,-74.013,cloudy,None,112,48,24
2024-10-24,LM-ATM-014,Brookfield Place,40.7127,-74.0155,cloudy,None,106,36,25
2024-10-24,LM-ATM-015,Bowling Green,40.7047,-74.0141,cloudy,None,104,42,25
2024-10-24,LM-ATM-016,Staten Ferry Terminal,40.7013,-74.0132,cloudy,None,84,52,30
2024-10-24,LM-ATM-017,Essex Market,40.7193,-73.9874,cloudy,None,80,41,24
2024-10-24,LM-ATM-018,Houston Street,40.7282,-74.005,cloudy,None,68,45,23
2024-10-24,LM-ATM-019,Delancey Street,40.7188,-73.9885,cloudy,None,54,30,17
2024-10-24,LM-ATM-020,Pier 17,40.7058,-74.0027,cloudy,None,68,51,32
2024-10-25,LM-ATM-001,Battery Park,40.7033,-74.017,rain,None,64,40,23
2024-10-25,LM-ATM-002,Wall Street,40.7074,-74.0113,rain,None,121,33,13
2024-10-25,LM-ATM-003,Broad Street,40.7069,-74.0113,rain,None,106,32,13
2024-10-25,LM-ATM-004,Fulton Center,40.7103,-74.0076,rain,None,91,38,21
2024-10-25,LM-ATM-005,South Street Seaport,40.7069,-74.003,rain,None,58,38,24
2024-10-25,LM-ATM-006,Tribeca,40.7163,-74.0086,rain,None,74,29,14
2024-10-25,LM-ATM-007,City Hall,40.7128,-74.0059,rain,None,73,33,15
2024-10-25,LM-ATM-008,Chinatown,40.7158,-73.9973,rain,None,62,30,21
2024-10-25,LM-ATM-009,Little Italy,40.7191,-73.9973,rain,None,53,38,19
2024-10-25,LM-ATM-010,SoHo Broadway,40.7233,-74.002,rain,None,71,54,33
2024-10-25,LM-ATM-011,NoLiTa,40.7228,-73.9973,rain,None,68,40,24
2024-10-25,LM-ATM-012,Canal Street,40.719,-74.002,rain,None,61,40,19
2024-10-25,LM-ATM-013,World Trade Center,40.7116,-74.013,rain,None,114,41,22
2024-10-25,LM-ATM-014,Brookfield Place,40.7127,-74.0155,rain,None,92,33,21
2024-10-25,LM-ATM-015,Bowling Green,40.7047,-74.0141,rain,None,73,31,15
2024-10-25,LM-ATM-016,Staten Ferry Terminal,40.7013,-74.0132,rain,None,74,45,28
2024-10-25,LM-ATM-017,Essex Market,40.7193,-73.9874,rain,None,62,32,16
2024-10-25,LM-ATM-018,Houston Street,40.7282,-74.005,rain,None,66,37,25
2024-10-25,LM-ATM-019,Delancey Street,40.7188,-73.9885,rain,None,64,35,22
2024-10-25,LM-ATM-020,Pier 17,40.7058,-74.0027,rain,None,48,40,24
2024-10-26,LM-ATM-001,Battery Park,40.7033,-74.017,cloudy,None,59,51,24
2024-10-26,LM-ATM-002,Wall Street,40.7074,-74.0113,cloudy,None,58,19,9
2024-10-26,LM-ATM-003,Broad Street,40.7069,-74.0113,cloudy,None,98,33,12
2024-10-26,LM-ATM-004,Fulton Center,40.7103,-74.0076,cloudy,None,65,32,17
2024-10-26,LM-ATM-005,South Street Seaport,40.7069,-74.003,cloudy,None,65,43,29
2024-10-26,LM-ATM-006,Tribeca,40.7163,-74.0086,cloudy,None,74,35,15
2024-10-26,LM-ATM-007,City Hall,40.7128,-74.0059,cloudy,None,78,37,20
2024-10-26,LM-ATM-008,Chinatown,40.7158,-73.9973,cloudy,None,84,48,29
2024-10-26,LM-ATM-009,Little Italy,40.7191,-73.9973,cloudy,None,68,46,30
2024-10-26,LM-ATM-010,SoHo Broadway,40.7233,-74.002,cloudy,None,74,60,36
2024-10-26,LM-ATM-011,NoLiTa,40.7228,-73.9973,cloudy,None,56,43,25
2024-10-26,LM-ATM-012,Canal Street,40.719,-74.002,cloudy,None,88,52,28
2024-10-26,LM-ATM-013,World Trade Center,40.7116,-74.013,cloudy,None,92,38,18
2024-10-26,LM-ATM-014,Brookfield Place,40.7127,-74.0155,cloudy,None,100,42,21
2024-10-26,LM-ATM-015,Bowling Green,40.7047,-74.0141,cloudy,None,86,48,24
2024-10-26,LM-ATM-016,Staten Ferry Terminal,40.7013,-74.0132,cloudy,None,76,50,34
2024-10-26,LM-ATM-017,Essex Market,40.7193,-73.9874,cloudy,None,81,43,26
2024-10-26,LM-ATM-018,Houston Street,40.7282,-74.005,cloudy,None,60,39,23
2024-10-26,LM-ATM-019,Delancey Street,40.7188,-73.9885,cloudy,None,71,50,22
2024-10-26,LM-ATM-020,Pier 17,40.7058,-74.0027,cloudy,None,56,52,32
2024-10-27,LM-ATM-001,Battery Park,40.7033,-74.017,cloudy,None,57,44,26
2024-10-27,LM-ATM-002,Wall Street,40.7074,-74.0113,cloudy,None,89,30,12
2024-10-27,LM-ATM-003,Broad Street,40.7069,-74.0113,cloudy,None,93,33,13
2024-10-27,LM-ATM-004,Fulton Center,40.7103,-74.0076,cloudy,None,100,42,25
2024-10-27,LM-ATM-005,South Street Seaport,40.7069,-74.003,cloudy,None,74,59,34
2024-10-27,LM-ATM-006,Tribeca,40.7163,-74.0086,cloudy,None,64,32,14
2024-10-27,LM-ATM-007,City Hall,40.7128,-74.0059,cloudy,None,73,33,14
2024-10-27,LM-ATM-008,Chinatown,40.7158,-73.9973,cloudy,None,74,44,24
2024-10-27,LM-ATM-009,Little Italy,40.7191,-73.9973,cloudy,None,53,42,23
2024-10-27,LM-ATM-010,SoHo Broadway,40.7233,-74.002,cloudy,None,78,63,42
2024-10-27,LM-ATM-011,NoLiTa,40.7228,-73.9973,cloudy,None,72,48,31
2024-10-27,LM-ATM-012,Canal Street,40.719,-74.002,cloudy,None,93,53,31
2024-10-27,LM-ATM-013,World Trade Center,40.7116,-74.013,cloudy,None,107,44,25
2024-10-27,LM-ATM-014,Brookfield Place,40.7127,-74.0155,cloudy,None,99,39,24
2024-10-27,LM-ATM-015,Bowling Green,40.7047,-74.0141,cloudy,None,100,51,27
2024-10-27,LM-ATM-016,Staten Ferry Terminal,40.7013,-74.0132,cloudy,None,87,58,40
2024-10-27,LM-ATM-017,Essex Market,40.7193,-73.9874,cloudy,None,70,41,22
2024-10-27,LM-ATM-018,Houston Street,40.7282,-74.005,cloudy,None,55,39,21
2024-10-27,LM-ATM-019,Delancey Street,40.7188,-73.9885,cloudy,None,75,44,23
2024-10-27,LM-ATM-020,Pier 17,40.7058,-74.0027,cloudy,None,69,53,36
2024-10-28,LM-ATM-001,Battery Park,40.7033,-74.017,clear,None,81,49,29
2024-10-28,LM-ATM-002,Wall Street,40.7074,-74.0113,clear,None,128,28,14
2024-10-28,LM-ATM-003,Broad Street,40.7069,-74.0113,clear,None,134,27,15
2024-10-28,LM-ATM-004,Fulton Center,40.7103,-74.0076,clear,None,117,46,30
2024-10-28,LM-ATM-005,South Street Seaport,40.7069,-74.003,clear,None,79,60,34
2024-10-28,LM-ATM-006,Tribeca,40.7163,-74.0086,clear,None,76,35,16
2024-10-28,LM-ATM-007,City Hall,40.7128,-74.0059,clear,None,97,35,19
2024-10-28,LM-ATM-008,Chinatown,40.7158,-73.9973,clear,None,98,51,30
2024-10-28,LM-ATM-009,Little Italy,40.7191,-73.9973,clear,None,79,50,29
2024-10-28,LM-ATM-010,SoHo Broadway,40.7233,-74.002,clear,None,92,64,43
2024-10-28,LM-ATM-011,NoLiTa,40.7228,-73.9973,clear,None,74,54,30
2024-10-28,LM-ATM-012,Canal Street,40.719,-74.002,clear,None,62,37,21
2024-10-28,LM-ATM-013,World Trade Center,40.7116,-74.013,clear,None,132,52,28
2024-10-28,LM-ATM-014,Brookfield Place,40.7127,-74.0155,clear,None,109,39,20
2024-10-28,LM-ATM-015,Bowling Green,40.7047,-74.0141,clear,None,90,39,20
2024-10-28,LM-ATM-016,Staten Ferry Terminal,40.7013,-74.0132,clear,None,85,55,36
2024-10-28,LM-ATM-017,Essex Market,40.7193,-73.9874,clear,None,77,37,26
2024-10-28,LM-ATM-018,Houston Street,40.7282,-74.005,clear,None,82,44,24
2024-10-28,LM-ATM-019,Delancey Street,40.7188,-73.9885,clear,None,62,36,19
2024-10-28,LM-ATM-020,Pier 17,40.7058,-74.0027,clear,None,81,65,41
2024-10-29,LM-ATM-001,Battery Park,40.7033,-74.017,cloudy,None,65,36,23
2024-10-29,LM-ATM-002,Wall Street,40.7074,-74.0113,cloudy,None,143,38,16
2024-10-29,LM-ATM-003,Broad Street,40.7069,-74.0113,cloudy,None,118,34,13
2024-10-29,LM-ATM-004,Fulton Center,40.7103,-74.0076,cloudy,None,120,57,29
2024-10-29,LM-ATM-005,South Street Seaport,40.7069,-74.003,cloudy,None,68,45,33
2024-10-29,LM-ATM-006,Tribeca,40.7163,-74.0086,cloudy,None,97,34,17
2024-10-29,LM-ATM-007,City Hall,40.7128,-74.0059,cloudy,None,101,35,23
2024-10-29,LM-ATM-008,Chinatown,40.7158,-73.9973,cloudy,None,85,49,23
2024-10-29,LM-ATM-009,Little Italy,40.7191,-73.9973,cloudy,None,63,41,22
2024-10-29,LM-ATM-010,SoHo Broadway,40.7233,-74.002,cloudy,None,75,51,32
2024-10-29,LM-ATM-011,NoLiTa,40.7228,-73.9973,cloudy,None,60,36,21
2024-10-29,LM-ATM-012,Canal Street,40.719,-74.002,cloudy,None,88,54,27
2024-10-29,LM-ATM-013,World Trade Center,40.7116,-74.013,cloudy,None,110,35,23
2024-10-29,LM-ATM-014,Brookfield Place,40.7127,-74.0155,cloudy,None,106,43,21
2024-10-29,LM-ATM-015,Bowling Green,40.7047,-74.0141,cloudy,None,95,41,23
2024-10-29,LM-ATM-016,Staten Ferry Terminal,40.7013,-74.0132,cloudy,None,69,51,31
2024-10-29,LM-ATM-017,Essex Market,40.7193,-73.9874,cloudy,None,89,43,22
2024-10-29,LM-ATM-018,Houston Street,40.7282,-74.005,cloudy,None,93,47,31
2024-10-29,LM-ATM-019,Delancey Street,40.7188,-73.9885,cloudy,None,56,30,18
2024-10-29,LM-ATM-020,Pier 17,40.7058,-74.0027,cloudy,None,68,47,32
2024-10-30,LM-ATM-001,Battery Park,40.7033,-74.017,cloudy,None,65,38,23
2024-10-30,LM-ATM-002,Wall Street,40.7074,-74.0113,cloudy,None,129,36,19
2024-10-30,LM-ATM-003,Broad Street,40.7069,-74.0113,cloudy,None,132,28,15
2024-10-30,LM-ATM-004,Fulton Center,40.7103,-74.0076,cloudy,None,101,43,26
2024-10-30,LM-ATM-005,South Street Seaport,40.7069,-74.003,cloudy,None,80,55,32
2024-10-30,LM-ATM-006,Tribeca,40.7163,-74.0086,cloudy,None,64,22,11
2024-10-30,LM-ATM-007,City Hall,40.7128,-74.0059,cloudy,None,94,34,19
2024-10-30,LM-ATM-008,Chinatown,40.7158,-73.9973,cloudy,None,87,39,23
2024-10-30,LM-ATM-009,Little Italy,40.7191,-73.9973,cloudy,None,72,48,31
2024-10-30,LM-ATM-010,SoHo Broadway,40.7233,-74.002,cloudy,None,89,56,41
2024-10-30,LM-ATM-011,NoLiTa,40.7228,-73.9973,cloudy,None,50,28,17
2024-10-30,LM-ATM-012,Canal Street,40.719,-74.002,cloudy,None,86,38,26
2024-10-30,LM-ATM-013,World Trade Center,40.7116,-74.013,cloudy,None,109,36,21
2024-10-30,LM-ATM-014,Brookfield Place,40.7127,-74.0155,cloudy,None,126,47,26
2024-10-30,LM-ATM-015,Bowling Green,40.7047,-74.0141,cloudy,None,84,35,19
2024-10-30,LM-ATM-016,Staten Ferry Terminal,40.7013,-74.0132,cloudy,None,88,53,32
2024-10-30,LM-ATM-017,Essex Market,40.7193,-73.9874,cloudy,None,66,36,19
2024-10-30,LM-ATM-018,Houston Street,40.7282,-74.005,cloudy,None,81,49,29
2024-10-30,LM-ATM-019,Delancey Street,40.7188,-73.9885,cloudy,None,73,37,21
2024-10-30,LM-ATM-020,Pier 17,40.7058,-74.0027,cloudy,None,65,49,31
2024-10-31,LM-ATM-001,Battery Park,40.7033,-74.017,clear,Halloween,96,52,35
2024-10-31,LM-ATM-002,Wall Street,40.7074,-74.0113,clear,Halloween,163,37,20
2024-10-31,LM-ATM-003,Broad Street,40.7069,-74.0113,clear,Halloween,142,40,15
2024-10-31,LM-ATM-004,Fulton Center,40.7103,-74.0076,clear,Halloween,146,58,35
2024-10-31,LM-ATM-005,South Street Seaport,40.7069,-74.003,clear,Halloween,97,63,44
2024-10-31,LM-ATM-006,Tribeca,40.7163,-74.0086,clear,Halloween,113,45,20
2024-10-31,LM-ATM-007,City Hall,40.7128,-74.0059,clear,Halloween,114,47,22
2024-10-31,LM-ATM-008,Chinatown,40.7158,-73.9973,clear,Halloween,117,61,31
2024-10-31,LM-ATM-009,Little Italy,40.7191,-73.9973,clear,Halloween,85,47,28
2024-10-31,LM-ATM-010,SoHo Broadway,40.7233,-74.002,clear,Halloween,106,64,49
2024-10-31,LM-ATM-011,NoLiTa,40.7228,-73.9973,clear,Halloween,63,41,24
2024-10-31,LM-ATM-012,Canal Street,40.719,-74.002,clear,Halloween,88,41,26
2024-10-31,LM-ATM-013,World Trade Center,40.7116,-74.013,clear,Halloween,156,62,32
2024-10-31,LM-ATM-014,Brookfield Place,40.7127,-74.0155,clear,Halloween,158,55,28
2024-10-31,LM-ATM-015,Bowling Green,40.7047,-74.0141,clear,Halloween,139,56,30
2024-10-31,LM-ATM-016,Staten Ferry Terminal,40.7013,-74.0132,clear,Halloween,125,70,47
2024-10-31,LM-ATM-017,Essex Market,40.7193,-73.9874,clear,Halloween,94,47,27
2024-10-31,LM-ATM-018,Houston Street,40.7282,-74.005,clear,Halloween,110,54,33
2024-10-31,LM-ATM-019,Delancey Street,40.7188,-73.9885,clear,Halloween,94,52,28
2024-10-31,LM-ATM-020,Pier 17,40.7058,-74.0027,clear,Halloween,72,47,35
2024-11-01,LM-ATM-001,Battery Park,40.7033,-74.017,clear,None,79,43,29
2024-11-01,LM-ATM-002,Wall Street,40.7074,-74.0113,clear,None,126,31,14
2024-11-01,LM-ATM-003,Broad Street,40.7069,-74.0113,clear,None,115,32,17
2024-11-01,LM-ATM-004,Fulton Center,40.7103,-74.0076,clear,None,93,42,24
2024-11-01,LM-ATM-005,South Street Seaport,40.7069,-74.003,clear,None,74,46,31
2024-11-01,LM-ATM-006,Tribeca,40.7163,-74.0086,clear,None,79,29,16
2024-11-01,LM-ATM-007,City Hall,40.7128,-74.0059,clear,None,88,32,17
2024-11-01,LM-ATM-008,Chinatown,40.7158,-73.9973,clear,None,77,37,24
2024-11-01,LM-ATM-009,Little Italy,40.7191,-73.9973,clear,None,60,38,23
2024-11-01,LM-ATM-010,SoHo Broadway,40.7233,-74.002,clear,None,96,61,43
2024-11-01,LM-ATM-011,NoLiTa,40.7228,-73.9973,clear,None,60,38,22
2024-11-01,LM-ATM-012,Canal Street,40.719,-74.002,clear,None,85,44,26
2024-11-01,LM-ATM-013,World Trade Center,40.7116,-74.013,clear,None,121,41,24
2024-11-01,LM-ATM-014,Brookfield Place,40.7127,-74.0155,clear,None,113,40,21
2024-11-01,LM-ATM-015,Bowling Green,40.7047,-74.0141,clear,None,111,42,25
2024-11-01,LM-ATM-016,Staten Ferry Terminal,40.7013,-74.0132,clear,None,79,49,29
2024-11-01,LM-ATM-017,Essex Market,40.7193,-73.9874,clear,None,69,34,18
2024-11-01,LM-ATM-018,Houston Street,40.7282,-74.005,clear,None,74,41,25
2024-11-01,LM-ATM-019,Delancey Street,40.7188,-73.9885,clear,None,79,43,20
2024-11-01,LM-ATM-020,Pier 17,40.7058,-74.0027,clear,None,52,40,24
2024-11-02,LM-ATM-001,Battery Park,40.7033,-74.017,cloudy,None,61,47,24
2024-11-02,LM-ATM-002,Wall Street,40.7074,-74.0113,cloudy,None,83,27,12
2024-11-02,LM-ATM-003,Broad Street,40.7069,-74.0113,cloudy,None,90,26,14
2024-11-02,LM-ATM-004,Fulton Center,40.7103,-74.0076,cloudy,None,97,52,28
2024-11-02,LM-ATM-005,South Street Seaport,40.7069,-74.003,cloudy,None,83,68,42
2024-11-02,LM-ATM-006,Tribeca,40.7163,-74.0086,cloudy,None,74,37,19
2024-11-02,LM-ATM-007,City Hall,40.7128,-74.0059,cloudy,None,81,37,20
2024-11-02,LM-ATM-008,Chinatown,40.7158,-73.9973,cloudy,None,78,43,25
2024-11-02,LM-ATM-009,Little Italy,40.7191,-73.9973,cloudy,None,55,41,24
2024-11-02,LM-ATM-010,SoHo Broadway,40.7233,-74.002,cloudy,None,66,57,34
2024-11-02,LM-ATM-011,NoLiTa,40.7228,-73.9973,cloudy,None,61,42,23
2024-11-02,LM-ATM-012,Canal Street,40.719,-74.002,cloudy,None,68,38,21
2024-11-02,LM-ATM-013,World Trade Center,40.7116,-74.013,cloudy,None,90,41,20
2024-11-02,LM-ATM-014,Brookfield Place,40.7127,-74.0155,cloudy,None,86,38,26
2024-11-02,LM-ATM-015,Bowling Green,40.7047,-74.0141,cloudy,None,73,33,18
2024-11-02,LM-ATM-016,Staten Ferry Terminal,40.7013,-74.0132,cloudy,None,66,46,30
2024-11-02,LM-ATM-017,Essex Market,40.7193,-73.9874,cloudy,None,74,43,21
2024-11-02,LM-ATM-018,Houston Street,40.7282,-74.005,cloudy,None,70,38,24
2024-11-02,LM-ATM-019,Delancey Street,40.7188,-73.9885,cloudy,None,71,43,24
2024-11-02,LM-ATM-020,Pier 17,40.7058,-74.0027,cloudy,None,66,51,35
2024-11-03,LM-ATM-001,Battery Park,40.7033,-74.017,clear,NYC Marathon,72,56,37
2024-11-03,LM-ATM-002,Wall Street,40.7074,-74.0113,clear,NYC Marathon,114,32,15
2024-11-03,LM-ATM-003,Broad Street,40.7069,-74.0113,clear,NYC Marathon,120,36,16
2024-11-03,LM-ATM-004,Fulton Center,40.7103,-74.0076,clear,NYC Marathon,125,63,32
2024-11-03,LM-ATM-005,South Street Seaport,40.7069,-74.003,clear,NYC Marathon,75,59,36
2024-11-03,LM-ATM-006,Tribeca,40.7163,-74.0086,clear,NYC Marathon,97,43,25
2024-11-03,LM-ATM-007,City Hall,40.7128,-74.0059,clear,NYC Marathon,82,41,19
2024-11-03,LM-ATM-008,Chinatown,40.7158,-73.9973,clear,NYC Marathon,104,67,34
2024-11-03,LM-ATM-009,Little Italy,40.7191,-73.9973,clear,NYC Marathon,61,45,27
2024-11-03,LM-ATM-010,SoHo Broadway,40.7233,-74.002,clear,NYC Marathon,87,75,44
2024-11-03,LM-ATM-011,NoLiTa,40.7228,-73.9973,clear,NYC Marathon,83,70,34
2024-11-03,LM-ATM-012,Canal Street,40.719,-74.002,clear,NYC Marathon,108,67,34
2024-11-03,LM-ATM-013,World Trade Center,40.7116,-74.013,clear,NYC Marathon,120,47,28
2024-11-03,LM-ATM-014,Brookfield Place,40.7127,-74.0155,clear,NYC Marathon,104,42,23
2024-11-03,LM-ATM-015,Bowling Green,40.7047,-74.0141,clear,NYC Marathon,95,55,27
2024-11-03,LM-ATM-016,Staten Ferry Terminal,40.7013,-74.0132,clear,NYC Marathon,80,61,35
2024-11-03,LM-ATM-017,Essex Market,40.7193,-73.9874,clear,NYC Marathon,76,46,27
2024-11-03,LM-ATM-018,Houston Street,40.7282,-74.005,clear,NYC Marathon,79,59,30
2024-11-03,LM-ATM-019,Delancey Street,40.7188,-73.9885,clear,NYC Marathon,84,56,27
2024-11-03,LM-ATM-020,Pier 17,40.7058,-74.0027,clear,NYC Marathon,72,62,38
2024-11-04,LM-ATM-001,Battery Park,40.7033,-74.017,rain,None,45,27,16
2024-11-04,LM-ATM-002,Wall Street,40.7074,-74.0113,rain,None,108,29,13
2024-11-04,LM-ATM-003,Broad Street,40.7069,-74.0113,rain,None,82,24,12
2024-11-04,LM-ATM-004,Fulton Center,40.7103,-74.0076,rain,None,77,37,20
2024-11-04,LM-ATM-005,South Street Seaport,40.7069,-74.003,rain,None,59,44,23
2024-11-04,LM-ATM-006,Tribeca,40.7163,-74.0086,rain,None,63,25,13
2024-11-04,LM-ATM-007,City Hall,40.7128,-74.0059,rain,None,61,21,14
2024-11-04,LM-ATM-008,Chinatown,40.7158,-73.9973,rain,None,59,24,19
2024-11-04,LM-ATM-009,Little Italy,40.7191,-73.9973,rain,None,48,33,19
2024-11-04,LM-ATM-010,SoHo Broadway,40.7233,-74.002,rain,None,55,38,27
2024-11-04,LM-ATM-011,NoLiTa,40.7228,-73.9973,rain,None,47,32,16
2024-11-04,LM-ATM-012,Canal Street,40.719,-74.002,rain,None,64,31,20
2024-11-04,LM-ATM-013,World Trade Center,40.7116,-74.013,rain,None,88,31,19
2024-11-04,LM-ATM-014,Brookfield Place,40.7127,-74.0155,rain,None,77,27,16
2024-11-04,LM-ATM-015,Bowling Green,40.7047,-74.0141,rain,None,66,23,15
2024-11-04,LM-ATM-016,Staten Ferry Terminal,40.7013,-74.0132,rain,None,46,28,20
2024-11-04,LM-ATM-017,Essex Market,40.7193,-73.9874,rain,None,38,18,9
2024-11-04,LM-ATM-018,Houston Street,40.7282,-74.005,rain,None,52,32,17
2024-11-04,LM-ATM-019,Delancey Street,40.7188,-73.9885,rain,None,55,28,14
2024-11-04,LM-ATM-020,Pier 17,40.7058,-74.0027,rain,None,43,34,22
2024-11-05,LM-ATM-001,Battery Park,40.7033,-74.017,cloudy,None,67,40,22
2024-11-05,LM-ATM-002,Wall Street,40.7074,-74.0113,cloudy,None,134,28,15
2024-11-05,LM-ATM-003,Broad Street,40.7069,-74.0113,cloudy,None,104,29,16
2024-11-05,LM-ATM-004,Fulton Center,40.7103,-74.0076,cloudy,None,99,47,25
2024-11-05,LM-ATM-005,South Street Seaport,40.7069,-74.003,cloudy,None,77,50,30
2024-11-05,LM-ATM-006,Tribeca,40.7163,-74.0086,cloudy,None,85,34,16
2024-11-05,LM-ATM-007,City Hall,40.7128,-74.0059,cloudy,None,101,32,20
2024-11-05,LM-ATM-008,Chinatown,40.7158,-73.9973,cloudy,None,89,43,27
2024-11-05,LM-ATM-009,Little Italy,40.7191,-73.9973,cloudy,None,69,36,24
2024-11-05,LM-ATM-010,SoHo Broadway,40.7233,-74.002,cloudy,None,84,57,34
2024-11-05,LM-ATM-011,NoLiTa,40.7228,-73.9973,cloudy,None,68,39,23
2024-11-05,LM-ATM-012,Canal Street,40.719,-74.002,cloudy,None,79,41,24
2024-11-05,LM-ATM-013,World Trade Center,40.7116,-74.013,cloudy,None,136,44,22
2024-11-05,LM-ATM-014,Brookfield Place,40.7127,-74.0155,cloudy,None,125,43,26
2024-11-05,LM-ATM-015,Bowling Green,40.7047,-74.0141,cloudy,None,68,30,14
2024-11-05,LM-ATM-016,Staten Ferry Terminal,40.7013,-74.0132,cloudy,None,77,48,28
2024-11-05,LM-ATM-017,Essex Market,40.7193,-73.9874,cloudy,None,83,45,22
2024-11-05,LM-ATM-018,Houston Street,40.7282,-74.005,cloudy,None,67,36,22
2024-11-05,LM-ATM-019,Delancey Street,40.7188,-73.9885,cloudy,None,68,37,19
2024-11-05,LM-ATM-020,Pier 17,40.7058,-74.0027,cloudy,None,61,41,31
2024-11-06,LM-ATM-001,Battery Park,40.7033,-74.017,cloudy,None,53,35,20
2024-11-06,LM-ATM-002,Wall Street,40.7074,-74.0113,cloudy,None,145,29,16
2024-11-06,LM-ATM-003,Broad Street,40.7069,-74.0113,cloudy,None,107,28,14
2024-11-06,LM-ATM-004,Fulton Center,40.7103,-74.0076,cloudy,None,117,43,25
2024-11-06,LM-ATM-005,South Street Seaport,40.7069,-74.003,cloudy,None,84,65,37
2024-11-06,LM-ATM-006,Tribeca,40.7163,-74.0086,cloudy,None,81,32,18
2024-11-06,LM-ATM-007,City Hall,40.7128,-74.0059,cloudy,None,95,37,21
2024-11-06,LM-ATM-008,Chinatown,40.7158,-73.9973,cloudy,None,67,37,22
2024-11-06,LM-ATM-009,Little Italy,40.7191,-73.9973,cloudy,None,65,39,26
2024-11-06,LM-ATM-010,SoHo Broadway,40.7233,-74.002,cloudy,None,70,48,35
2024-11-06,LM-ATM-011,NoLiTa,40.7228,-73.9973,cloudy,None,58,35,22
2024-11-06,LM-ATM-012,Canal Street,40.719,-74.002,cloudy,None,81,41,24
2024-11-06,LM-ATM-013,World Trade Center,40.7116,-74.013,cloudy,None,122,43,26
2024-11-06,LM-ATM-014,Brookfield Place,40.7127,-74.0155,cloudy,None,107,36,21
2024-11-06,LM-ATM-015,Bowling Green,40.7047,-74.0141,cloudy,None,83,38,18
2024-11-06,LM-ATM-016,Staten Ferry Terminal,40.7013,-74.0132,cloudy,None,52,32,21
2024-11-06,LM-ATM-017,Essex Market,40.7193,-73.9874,cloudy,None,66,32,17
2024-11-06,LM-ATM-018,Houston Street,40.7282,-74.005,cloudy,None,69,42,23
2024-11-06,LM-ATM-019,Delancey Street,40.7188,-73.9885,cloudy,None,66,32,21
2024-11-06,LM-ATM-020,Pier 17,40.7058,-74.0027,cloudy,None,51,37,23
2024-11-07,LM-ATM-001,Battery Park,40.7033,-74.017,rain,None,49,31,18
2024-11-07,LM-ATM-002,Wall Street,40.7074,-74.0113,rain,None,94,22,8
2024-11-07,LM-ATM-003,Broad Street,40.7069,-74.0113,rain,None,118,27,13
2024-11-07,LM-ATM-004,Fulton Center,40.7103,-74.0076,rain,None,69,26,15
2024-11-07,LM-ATM-005,South Street Seaport,40.7069,-74.003,rain,None,52,35,21
2024-11-07,LM-ATM-006,Tribeca,40.7163,-74.0086,rain,None,77,27,15
2024-11-07,LM-ATM-007,City Hall,40.7128,-74.0059,rain,None,65,24,14
2024-11-07,LM-ATM-008,Chinatown,40.7158,-73.9973,rain,None,70,38,21
2024-11-07,LM-ATM-009,Little Italy,40.7191,-73.9973,rain,None,65,39,24
2024-11-07,LM-ATM-010,SoHo Broadway,40.7233,-74.002,rain,None,59,40,28
2024-11-07,LM-ATM-011,NoLiTa,40.7228,-73.9973,rain,None,48,32,19
2024-11-07,LM-ATM-012,Canal Street,40.719,-74.002,rain,None,77,40,24
2024-11-07,LM-ATM-013,World Trade Center,40.7116,-74.013,rain,None,87,32,18
2024-11-07,LM-ATM-014,Brookfield Place,40.7127,-74.0155,rain,None,106,31,20
2024-11-07,LM-ATM-015,Bowling Green,40.7047,-74.0141,rain,None,52,21,11
2024-11-07,LM-ATM-016,Staten Ferry Terminal,40.7013,-74.0132,rain,None,51,36,20
2024-11-07,LM-ATM-017,Essex Market,40.7193,-73.9874,rain,None,59,28,15
2024-11-07,LM-ATM-018,Houston Street,40.7282,-74.005,rain,None,59,32,19
2024-11-07,LM-ATM-019,Delancey Street,40.7188,-73.9885,rain,None,56,30,18
2024-11-07,LM-ATM-020,Pier 17,40.7058,-74.0027,rain,None,56,44,28
2024-11-08,LM-ATM-001,Battery Park,40.7033,-74.017,cloudy,None,68,41,23
2024-11-08,LM-ATM-002,Wall Street,40.7074,-74.0113,cloudy,None,132,32,16
2024-11-08,LM-ATM-003,Broad Street,40.7069,-74.0113,cloudy,None,112,28,17
2024-11-08,LM-ATM-004,Fulton Center,40.7103,-74.0076,cloudy,None,92,36,22
2024-11-08,LM-ATM-005,South Street Seaport,40.7069,-74.003,cloudy,None,69,44,25
2024-11-08,LM-ATM-006,Tribeca,40.7163,-74.0086,cloudy,None,78,32,15
2024-11-08,LM-ATM-007,City Hall,40.7128,-74.0059,cloudy,None,95,41,19
2024-11-08,LM-ATM-008,Chinatown,40.7158,-73.9973,cloudy,None,96,35,24
2024-11-08,LM-ATM-009,Little Italy,40.7191,-73.9973,cloudy,None,67,44,24
2024-11-08,LM-ATM-010,SoHo Broadway,40.7233,-74.002,cloudy,None,90,65,40
2024-11-08,LM-ATM-011,NoLiTa,40.7228,-73.9973,cloudy,None,64,37,23
2024-11-08,LM-ATM-012,Canal Street,40.719,-74.002,cloudy,None,72,31,21
2024-11-08,LM-ATM-013,World Trade Center,40.7116,-74.013,cloudy,None,115,39,23
2024-11-08,LM-ATM-014,Brookfield Place,40.7127,-74.0155,cloudy,None,98,34,20
2024-11-08,LM-ATM-015,Bowling Green,40.7047,-74.0141,cloudy,None,87,35,19
2024-11-08,LM-ATM-016,Staten Ferry Terminal,40.7013,-74.0132,cloudy,None,72,42,30
2024-11-08,LM-ATM-017,Essex Market,40.7193,-73.9874,cloudy,None,74,36,19
2024-11-08,LM-ATM-018,Houston Street,40.7282,-74.005,cloudy,None,65,40,21
2024-11-08,LM-ATM-019,Delancey Street,40.7188,-73.9885,cloudy,None,57,30,16
2024-11-08,LM-ATM-020,Pier 17,40.7058,-74.0027,cloudy,None,70,53,33
2024-11-09,LM-ATM-001,Battery Park,40.7033,-74.017,cloudy,None,72,48,27
2024-11-09,LM-ATM-002,Wall Street,40.7074,-74.0113,cloudy,None,90,25,11
2024-11-09,LM-ATM-003,Broad Street,40.7069,-74.0113,cloudy,None,83,33,12
2024-11-09,LM-ATM-004,Fulton Center,40.7103,-74.0076,cloudy,None,80,44,21
2024-11-09,LM-ATM-005,South Street Seaport,40.7069,-74.003,cloudy,None,69,52,30
2024-11-09,LM-ATM-006,Tribeca,40.7163,-74.0086,cloudy,None,77,35,17
2024-11-09,LM-ATM-007,City Hall,40.7128,-74.0059,cloudy,None,81,38,17
2024-11-09,LM-ATM-008,Chinatown,40.7158,-73.9973,cloudy,None,61,36,19
2024-11-09,LM-ATM-009,Little Italy,40.7191,-73.9973,cloudy,None,64,46,25
2024-11-09,LM-ATM-010,SoHo Broadway,40.7233,-74.002,cloudy,None,71,69,35
2024-11-09,LM-ATM-011,NoLiTa,40.7228,-73.9973,cloudy,None,47,35,21
2024-11-09,LM-ATM-012,Canal Street,40.719,-74.002,cloudy,None,95,59,32
2024-11-09,LM-ATM-013,World Trade Center,40.7116,-74.013,cloudy,None,97,37,22
2024-11-09,LM-ATM-014,Brookfield Place,40.7127,-74.0155,cloudy,None,105,39,22
2024-11-09,LM-ATM-015,Bowling Green,40.7047,-74.0141,cloudy,None,53,28,15
2024-11-09,LM-ATM-016,Staten Ferry Terminal,40.7013,-74.0132,cloudy,None,62,55,31
2024-11-09,LM-ATM-017,Essex Market,40.7193,-73.9874,cloudy,None,68,40,24
2024-11-09,LM-ATM-018,Houston Street,40.7282,-74.005,cloudy,None,71,45,26
2024-11-09,LM-ATM-019,Delancey Street,40.7188,-73.9885,cloudy,None,67,34,19
2024-11-09,LM-ATM-020,Pier 17,40.7058,-74.0027,cloudy,None,54,48,31
2024-11-10,LM-ATM-001,Battery Park,40.7033,-74.017,clear,None,72,49,29
2024-11-10,LM-ATM-002,Wall Street,40.7074,-74.0113,clear,None,104,36,13
2024-11-10,LM-ATM-003,Broad Street,40.7069,-74.0113,clear,None,85,28,13
2024-11-10,LM-ATM-004,Fulton Center,40.7103,-74.0076,clear,None,95,50,27
2024-11-10,LM-ATM-005,South Street Seaport,40.7069,-74.003,clear,None,67,52,30
2024-11-10,LM-ATM-006,Tribeca,40.7163,-74.0086,clear,None,83,39,17
2024-11-10,LM-ATM-007,City Hall,40.7128,-74.0059,clear,None,81,31,17
2024-11-10,LM-ATM-008,Chinatown,40.7158,-73.9973,clear,None,80,49,26
2024-11-10,LM-ATM-009,Little Italy,40.7191,-73.9973,clear,None,67,48,26
2024-11-10,LM-ATM-010,SoHo Broadway,40.7233,-74.002,clear,None,86,69,44
2024-11-10,LM-ATM-011,NoLiTa,40.7228,-73.9973,clear,None,61,50,25
2024-11-10,LM-ATM-012,Canal Street,40.719,-74.002,clear,None,75,50,27
2024-11-10,LM-ATM-013,World Trade Center,40.7116,-74.013,clear,None,82,34,20
2024-11-10,LM-ATM-014,Brookfield Place,40.7127,-74.0155,clear,None,108,44,24
2024-11-10,LM-ATM-015,Bowling Green,40.7047,-74.0141,clear,None,67,33,20
2024-11-10,LM-ATM-016,Staten Ferry Terminal,40.7013,-74.0132,clear,None,76,55,33
2024-11-10,LM-ATM-017,Essex Market,40.7193,-73.9874,clear,None,65,37,21
2024-11-10,LM-ATM-018,Houston Street,40.7282,-74.005,clear,None,84,58,33
2024-11-10,LM-ATM-019,Delancey Street,40.7188,-73.9885,clear,None,62,41,23
2024-11-10,LM-ATM-020,Pier 17,40.7058,-74.0027,clear,None,62,52,32
2024-11-11,LM-ATM-001,Battery Park,40.7033,-74.017,cloudy,None,71,46,24
2024-11-11,LM-ATM-002,Wall Street,40.7074,-74.0113,cloudy,None,107,27,11
2024-11-11,LM-ATM-003,Broad Street,40.7069,-74.0113,cloudy,None,107,31,14
2024-11-11,LM-ATM-004,Fulton Center,40.7103,-74.0076,cloudy,None,84,34,21
2024-11-11,LM-ATM-005,South Street Seaport,40.7069,-74.003,cloudy,None,83,59,37
2024-11-11,LM-ATM-006,Tribeca,40.7163,-74.0086,cloudy,None,63,24,13
2024-11-11,LM-ATM-007,City Hall,40.7128,-74.0059,cloudy,None,82,31,15
2024-11-11,LM-ATM-008,Chinatown,40.7158,-73.9973,cloudy,None,82,39,22
2024-11-11,LM-ATM-009,Little Italy,40.7191,-73.9973,cloudy,None,76,45,29
2024-11-11,LM-ATM-010,SoHo Broadway,40.7233,-74.002,cloudy,None,72,50,34
2024-11-11,LM-ATM-011,NoLiTa,40.7228,-73.9973,cloudy,None,68,42,23
2024-11-11,LM-ATM-012,Canal Street,40.719,-74.002,cloudy,None,97,52,28
2024-11-11,LM-ATM-013,World Trade Center,40.7116,-74.013,cloudy,None,100,31,23
2024-11-11,LM-ATM-014,Brookfield Place,40.7127,-74.0155,cloudy,None,102,37,21
2024-11-11,LM-ATM-015,Bowling Green,40.7047,-74.0141,cloudy,None,106,42,23
2024-11-11,LM-ATM-016,Staten Ferry Terminal,40.7013,-74.0132,cloudy,None,53,36,21
2024-11-11,LM-ATM-017,Essex Market,40.7193,-73.9874,cloudy,None,61,29,15
2024-11-11,LM-ATM-018,Houston Street,40.7282,-74.005,cloudy,None,58,34,21
2024-11-11,LM-ATM-019,Delancey Street,40.7188,-73.9885,cloudy,None,54,30,16
2024-11-11,LM-ATM-020,Pier 17,40.7058,-74.0027,cloudy,None,56,39,25
2024-11-12,LM-ATM-001,Battery Park,40.7033,-74.017,cloudy,None,54,30,23
2024-11-12,LM-ATM-002,Wall Street,40.7074,-74.0113,cloudy,None,120,32,18
2024-11-12,LM-ATM-003,Broad Street,40.7069,-74.0113,cloudy,None,106,28,14
2024-11-12,LM-ATM-004,Fulton Center,40.7103,-74.0076,cloudy,None,93,42,23
2024-11-12,LM-ATM-005,South Street Seaport,40.7069,-74.003,cloudy,None,54,33,20
2024-11-12,LM-ATM-006,Tribeca,40.7163,-74.0086,cloudy,None,73,28,13
2024-11-12,LM-ATM-007,City Hall,40.7128,-74.0059,cloudy,None,87,32,20
2024-11-12,LM-ATM-008,Chinatown,40.7158,-73.9973,cloudy,None,66,34,16
2024-11-12,LM-ATM-009,Little Italy,40.7191,-73.9973,cloudy,None,58,38,22
2024-11-12,LM-ATM-010,SoHo Broadway,40.7233,-74.002,cloudy,None,68,42,31
2024-11-12,LM-ATM-011,NoLiTa,40.7228,-73.9973,cloudy,None,54,31,19
2024-11-12,LM-ATM-012,Canal Street,40.719,-74.002,cloudy,None,66,37,22
2024-11-12,LM-ATM-013,World Trade Center,40.7116,-74.013,cloudy,None,124,46,28
2024-11-12,LM-ATM-014,Brookfield Place,40.7127,-74.0155,cloudy,None,106,36,19
2024-11-12,LM-ATM-015,Bowling Green,40.7047,-74.0141,cloudy,None,101,42,22
2024-11-12,LM-ATM-016,Staten Ferry Terminal,40.7013,-74.0132,cloudy,None,50,30,21
2024-11-12,LM-ATM-017,Essex Market,40.7193,-73.9874,cloudy,None,67,39,19
2024-11-12,LM-ATM-018,Houston Street,40.7282,-74.005,cloudy,None,73,44,22
2024-11-12,LM-ATM-019,Delancey Street,40.7188,-73.9885,cloudy,None,60,30,20
2024-11-12,LM-ATM-020,Pier 17,40.7058,-74.0027,cloudy,None,74,57,36
2024-11-13,LM-ATM-001,Battery Park,40.7033,-74.017,cloudy,None,66,37,25
2024-11-13,LM-ATM-002,Wall Street,40.7074,-74.0113,cloudy,None,114,30,13
2024-11-13,LM-ATM-003,Broad Street,40.7069,-74.0113,cloudy,None,107,28,16
2024-11-13,LM-ATM-004,Fulton Center,40.7103,-74.0076,cloudy,None,109,45,28
2024-11-13,LM-ATM-005,South Street Seaport,40.7069,-74.003,cloudy,None,69,49,30
2024-11-13,LM-ATM-006,Tribeca,40.7163,-74.0086,cloudy,None,77,30,16
2024-11-13,LM-ATM-007,City Hall,40.7128,-74.0059,cloudy,None,89,36,18
2024-11-13,LM-ATM-008,Chinatown,40.7158,-73.9973,cloudy,None,86,42,23
2024-11-13,LM-ATM-009,Little Italy,40.7191,-73.9973,cloudy,None,59,34,23
2024-11-13,LM-ATM-010,SoHo Broadway,40.7233,-74.002,cloudy,None,68,49,34
2024-11-13,LM-ATM-011,NoLiTa,40.7228,-73.9973,cloudy,None,58,37,23
2024-11-13,LM-ATM-012,Canal Street,40.719,-74.002,cloudy,None,87,48,30
2024-11-13,LM-ATM-013,World Trade Center,40.7116,-74.013,cloudy,None,128,46,27
2024-11-13,LM-ATM-014,Brookfield Place,40.7127,-74.0155,cloudy,None,118,35,23
2024-11-13,LM-ATM-015,Bowling Green,40.7047,-74.0141,cloudy,None,83,33,18
2024-11-13,LM-ATM-016,Staten Ferry Terminal,40.7013,-74.0132,cloudy,None,63,36,23
2024-11-13,LM-ATM-017,Essex Market,40.7193,-73.9874,cloudy,None,76,40,23
2024-11-13,LM-ATM-018,Houston Street,40.7282,-74.005,cloudy,None,66,41,27
2024-11-13,LM-ATM-019,Delancey Street,40.7188,-73.9885,cloudy,None,64,36,19
2024-11-13,LM-ATM-020,Pier 17,40.7058,-74.0027,cloudy,None,64,42,29
2024-11-14,LM-ATM-001,Battery Park,40.7033,-74.017,clear,None,80,52,28
2024-11-14,LM-ATM-002,Wall Street,40.7074,-74.0113,clear,None,132,38,15
2024-11-14,LM-ATM-003,Broad Street,40.7069,-74.0113,clear,None,98,28,12
2024-11-14,LM-ATM-004,Fulton Center,40.7103,-74.0076,clear,None,114,45,27
2024-11-14,LM-ATM-005,South Street Seaport,40.7069,-74.003,clear,None,90,58,33
2024-11-14,LM-ATM-006,Tribeca,40.7163,-74.0086,clear,None,80,29,16
2024-11-14,LM-ATM-007,City Hall,40.7128,-74.0059,clear,None,87,38,20
2024-11-14,LM-ATM-008,Chinatown,40.7158,-73.9973,clear,None,58,30,18
2024-11-14,LM-ATM-009,Little Italy,40.7191,-73.9973,clear,None,59,42,24
2024-11-14,LM-ATM-010,SoHo Broadway,40.7233,-74.002,clear,None,77,47,36
2024-11-14,LM-ATM-011,NoLiTa,40.7228,-73.9973,clear,None,55,36,20
2024-11-14,LM-ATM-012,Canal Street,40.719,-74.002,clear,None,95,43,28
2024-11-14,LM-ATM-013,World Trade Center,40.7116,-74.013,clear,None,132,44,27
2024-11-14,LM-ATM-014,Brookfield Place,40.7127,-74.0155,clear,None,121,38,23
2024-11-14,LM-ATM-015,Bowling Green,40.7047,-74.0141,clear,None,90,39,22
2024-11-14,LM-ATM-016,Staten Ferry Terminal,40.7013,-74.0132,clear,None,84,47,31
2024-11-14,LM-ATM-017,Essex Market,40.7193,-73.9874,clear,None,74,41,22
2024-11-14,LM-ATM-018,Houston Street,40.7282,-74.005,clear,None,61,32,20
2024-11-14,LM-ATM-019,Delancey Street,40.7188,-73.9885,clear,None,57,29,17
2024-11-14,LM-ATM-020,Pier 17,40.7058,-74.0027,clear,None,60,51,29
2024-11-15,LM-ATM-001,Battery Park,40.7033,-74.017,clear,None,71,40,25
2024-11-15,LM-ATM-002,Wall Street,40.7074,-74.0113,clear,None,105,27,13
2024-11-15,LM-ATM-003,Broad Street,40.7069,-74.0113,clear,None,115,35,17
2024-11-15,LM-ATM-004,Fulton Center,40.7103,-74.0076,clear,None,110,43,28
2024-11-15,LM-ATM-005,South Street Seaport,40.7069,-74.003,clear,None,65,48,30
2024-11-15,LM-ATM-006,Tribeca,40.7163,-74.0086,clear,None,60,25,12
2024-11-15,LM-ATM-007,City Hall,40.7128,-74.0059,clear,None,98,38,21
2024-11-15,LM-ATM-008,Chinatown,40.7158,-73.9973,clear,None,79,39,24
2024-11-15,LM-ATM-009,Little Italy,40.7191,-73.9973,clear,None,63,46,25
2024-11-15,LM-ATM-010,SoHo Broadway,40.7233,-74.002,clear,None,73,51,35
2024-11-15,LM-ATM-011,NoLiTa,40.7228,-73.9973,clear,None,55,34,20
2024-11-15,LM-ATM-012,Canal Street,40.719,-74.002,clear,None,87,39,21
2024-11-15,LM-ATM-013,World Trade Center,40.7116,-74.013,clear,None,101,30,21
2024-11-15,LM-ATM-014,Brookfield Place,40.7127,-74.0155,clear,None,103,34,17
2024-11-15,LM-ATM-015,Bowling Green,40.7047,-74.0141,clear,None,71,25,14
2024-11-15,LM-ATM-016,Staten Ferry Terminal,40.7013,-74.0132,clear,None,82,49,35
2024-11-15,LM-ATM-017,Essex Market,40.7193,-73.9874,clear,None,70,35,21
2024-11-15,LM-ATM-018,Houston Street,40.7282,-74.005,clear,None,73,38,27
2024-11-15,LM-ATM-019,Delancey Street,40.7188,-73.9885,clear,None,83,44,25
2024-11-15,LM-ATM-020,Pier 17,40.7058,-74.0027,clear,None,57,46,27
2024-11-16,LM-ATM-001,Battery Park,40.7033,-74.017,cloudy,None,56,42,26
2024-11-16,LM-ATM-002,Wall Street,40.7074,-74.0113,cloudy,None,98,30,14
2024-11-16,LM-ATM-003,Broad Street,40.7069,-74.0113,cloudy,None,84,27,12
2024-11-16,LM-ATM-004,Fulton Center,40.7103,-74.0076,cloudy,None,95,45,24
2024-11-16,LM-ATM-005,South Street Seaport,40.7069,-74.003,cloudy,None,57,45,25
2024-11-16,LM-ATM-006,Tribeca,40.7163,-74.0086,cloudy,None,63,31,14
2024-11-16,LM-ATM-007,City Hall,40.7128,-74.0059,cloudy,None,59,28,15
2024-11-16,LM-ATM-008,Chinatown,40.7158,-73.9973,cloudy,None,67,40,23
2024-11-16,LM-ATM-009,Little Italy,40.7191,-73.9973,cloudy,None,54,47,24
2024-11-16,LM-ATM-010,SoHo Broadway,40.7233,-74.002,cloudy,None,58,53,32
2024-11-16,LM-ATM-011,NoLiTa,40.7228,-73.9973,cloudy,None,62,46,30
2024-11-16,LM-ATM-012,Canal Street,40.719,-74.002,cloudy,None,80,47,28
2024-11-16,LM-ATM-013,World Trade Center,40.7116,-74.013,cloudy,None,107,43,25
2024-11-16,LM-ATM-014,Brookfield Place,40.7127,-74.0155,cloudy,None,101,38,23
2024-11-16,LM-ATM-015,Bowling Green,40.7047,-74.0141,cloudy,None,54,24,13
2024-11-16,LM-ATM-016,Staten Ferry Terminal,40.7013,-74.0132,cloudy,None,73,61,30
2024-11-16,LM-ATM-017,Essex Market,40.7193,-73.9874,cloudy,None,72,41,24
2024-11-16,LM-ATM-018,Houston Street,40.7282,-74.005,cloudy,None,63,40,24
2024-11-16,LM-ATM-019,Delancey Street,40.7188,-73.9885,cloudy,None,63,37,21
2024-11-16,LM-ATM-020,Pier 17,40.7058,-74.0027,cloudy,None,71,50,35
2024-11-17,LM-ATM-001,Battery Park,40.7033,-74.017,clear,None,70,52,28
2024-11-17,LM-ATM-002,Wall Street,40.7074,-74.0113,clear,None,99,31,13
2024-11-17,LM-ATM-003,Broad Street,40.7069,-74.0113,clear,None,83,28,12
2024-11-17,LM-ATM-004,Fulton Center,40.7103,-74.0076,clear,None,106,51,27
2024-11-17,LM-ATM-005,South Street Seaport,40.7069,-74.003,clear,None,57,57,31
2024-11-17,LM-ATM-006,Tribeca,40.7163,-74.0086,clear,None,75,34,17
2024-11-17,LM-ATM-007,City Hall,40.7128,-74.0059,clear,None,63,32,15
2024-11-17,LM-ATM-008,Chinatown,40.7158,-73.9973,clear,None,88,53,29
2024-11-17,LM-ATM-009,Little Italy,40.7191,-73.9973,clear,None,65,47,29
2024-11-17,LM-ATM-010,SoHo Broadway,40.7233,-74.002,clear,None,72,65,39
2024-11-17,LM-ATM-011,NoLiTa,40.7228,-73.9973,clear,None,48,38,23
2024-11-17,LM-ATM-012,Canal Street,40.719,-74.002,clear,None,70,53,28
2024-11-17,LM-ATM-013,World Trade Center,40.7116,-74.013,clear,None,100,38,20
2024-11-17,LM-ATM-014,Brookfield Place,40.7127,-74.0155,clear,None,102,46,24
2024-11-17,LM-ATM-015,Bowling Green,40.7047,-74.0141,clear,None,86,38,25
2024-11-17,LM-ATM-016,Staten Ferry Terminal,40.7013,-74.0132,clear,None,77,56,33
2024-11-17,LM-ATM-017,Essex Market,40.7193,-73.9874,clear,None,70,41,21
2024-11-17,LM-ATM-018,Houston Street,40.7282,-74.005,clear,None,65,42,24
2024-11-17,LM-ATM-019,Delancey Street,40.7188,-73.9885,clear,None,73,44,28
2024-11-17,LM-ATM-020,Pier 17,40.7058,-74.0027,clear,None,55,51,34
2024-11-18,LM-ATM-001,Battery Park,40.7033,-74.017,cloudy,None,69,39,22
2024-11-18,LM-ATM-002,Wall Street,40.7074,-74.0113,cloudy,None,172,47,17
2024-11-18,LM-ATM-003,Broad Street,40.7069,-74.0113,cloudy,None,114,32,11
2024-11-18,LM-ATM-004,Fulton Center,40.7103,-74.0076,cloudy,None,110,40,26
2024-11-18,LM-ATM-005,South Street Seaport,40.7069,-74.003,cloudy,None,86,57,38
2024-11-18,LM-ATM-006,Tribeca,40.7163,-74.0086,cloudy,None,77,29,14
2024-11-18,LM-ATM-007,City Hall,40.7128,-74.0059,cloudy,None,70,28,16
2024-11-18,LM-ATM-008,Chinatown,40.7158,-73.9973,cloudy,None,75,33,21
2024-11-18,LM-ATM-009,Little Italy,40.7191,-73.9973,cloudy,None,72,46,27
2024-11-18,LM-ATM-010,SoHo Broadway,40.7233,-74.002,cloudy,None,67,47,33
2024-11-18,LM-ATM-011,NoLiTa,40.7228,-73.9973,cloudy,None,70,41,22
2024-11-18,LM-ATM-012,Canal Street,40.719,-74.002,cloudy,None,82,46,25
2024-11-18,LM-ATM-013,World Trade Center,40.7116,-74.013,cloudy,None,105,34,22
2024-11-18,LM-ATM-014,Brookfield Place,40.7127,-74.0155,cloudy,None,103,36,20
2024-11-18,LM-ATM-015,Bowling Green,40.7047,-74.0141,cloudy,None,89,36,18
2024-11-18,LM-ATM-016,Staten Ferry Terminal,40.7013,-74.0132,cloudy,None,87,51,29
2024-11-18,LM-ATM-017,Essex Market,40.7193,-73.9874,cloudy,None,71,35,21
2024-11-18,LM-ATM-018,Houston Street,40.7282,-74.005,cloudy,None,69,40,23
2024-11-18,LM-ATM-019,Delancey Street,40.7188,-73.9885,cloudy,None,68,36,22
2024-11-18,LM-ATM-020,Pier 17,40.7058,-74.0027,cloudy,None,57,44,27
2024-11-19,LM-ATM-001,Battery Park,40.7033,-74.017,clear,None,82,54,29
2024-11-19,LM-ATM-002,Wall Street,40.7074,-74.0113,clear,None,142,32,14
2024-11-19,LM-ATM-003,Broad Street,40.7069,-74.0113,clear,None,120,29,14
2024-11-19,LM-ATM-004,Fulton Center,40.7103,-74.0076,clear,None,126,50,31
2024-11-19,LM-ATM-005,South Street Seaport,40.7069,-74.003,clear,None,74,53,31
2024-11-19,LM-ATM-006,Tribeca,40.7163,-74.0086,clear,None,92,33,17
2024-11-19,LM-ATM-007,City Hall,40.7128,-74.0059,clear,None,74,27,15
2024-11-19,LM-ATM-008,Chinatown,40.7158,-73.9973,clear,None,83,39,23
2024-11-19,LM-ATM-009,Little Italy,40.7191,-73.9973,clear,None,67,40,23
2024-11-19,LM-ATM-010,SoHo Broadway,40.7233,-74.002,clear,None,88,59,38
2024-11-19,LM-ATM-011,NoLiTa,40.7228,-73.9973,clear,None,70,40,25
2024-11-19,LM-ATM-012,Canal Street,40.719,-74.002,clear,None,90,43,27
2024-11-19,LM-ATM-013,World Trade Center,40.7116,-74.013,clear,None,121,46,24
2024-11-19,LM-ATM-014,Brookfield Place,40.7127,-74.0155,clear,None,109,47,24
2024-11-19,LM-ATM-015,Bowling Green,40.7047,-74.0141,clear,None,82,35,18
2024-11-19,LM-ATM-016,Staten Ferry Terminal,40.7013,-74.0132,clear,None,64,45,25
2024-11-19,LM-ATM-017,Essex Market,40.7193,-73.9874,clear,None,77,37,20
2024-11-19,LM-ATM-018,Houston Street,40.7282,-74.005,clear,None,69,44,24
2024-11-19,LM-ATM-019,Delancey Street,40.7188,-73.9885,clear,None,75,39,21
2024-11-19,LM-ATM-020,Pier 17,40.7058,-74.0027,clear,None,69,47,32
2024-11-20,LM-ATM-001,Battery Park,40.7033,-74.017,clear,None,70,41,25
2024-11-20,LM-ATM-002,Wall Street,40.7074,-74.0113,clear,None,123,27,13
2024-11-20,LM-ATM-003,Broad Street,40.7069,-74.0113,clear,None,134,30,14
2024-11-20,LM-ATM-004,Fulton Center,40.7103,-74.0076,clear,None,139,66,34
2024-11-20,LM-ATM-005,South Street Seaport,40.7069,-74.003,clear,None,68,54,31
2024-11-20,LM-ATM-006,Tribeca,40.7163,-74.0086,clear,None,88,36,16
2024-11-20,LM-ATM-007,City Hall,40.7128,-74.0059,clear,None,81,35,18
2024-11-20,LM-ATM-008,Chinatown,40.7158,-73.9973,clear,None,82,35,26
2024-11-20,LM-ATM-009,Little Italy,40.7191,-73.9973,clear,None,74,48,28
2024-11-20,LM-ATM-010,SoHo Broadway,40.7233,-74.002,clear,None,75,53,39
2024-11-20,LM-ATM-011,NoLiTa,40.7228,-73.9973,clear,None,70,42,25
2024-11-20,LM-ATM-012,Canal Street,40.719,-74.002,clear,None,75,43,28
2024-11-20,LM-ATM-013,World Trade Center,40.7116,-74.013,clear,None,100,37,22
2024-11-20,LM-ATM-014,Brookfield Place,40.7127,-74.0155,clear,None,117,44,23
2024-11-20,LM-ATM-015,Bowling Green,40.7047,-74.0141,clear,None,83,34,21
2024-11-20,LM-ATM-016,Staten Ferry Terminal,40.7013,-74.0132,clear,None,64,45,26
2024-11-20,LM-ATM-017,Essex Market,40.7193,-73.9874,clear,None,77,39,22
2024-11-20,LM-ATM-018,Houston Street,40.7282,-74.005,clear,None,83,41,26
2024-11-20,LM-ATM-019,Delancey Street,40.7188,-73.9885,clear,None,74,40,25
2024-11-20,LM-ATM-020,Pier 17,40.7058,-74.0027,clear,None,65,48,28
2024-11-21,LM-ATM-001,Battery Park,40.7033,-74.017,clear,None,60,41,22
2024-11-21,LM-ATM-002,Wall Street,40.7074,-74.0113,clear,None,131,27,15
2024-11-21,LM-ATM-003,Broad Street,40.7069,-74.0113,clear,None,121,33,15
2024-11-21,LM-ATM-004,Fulton Center,40.7103,-74.0076,clear,None,103,46,25
2024-11-21,LM-ATM-005,South Street Seaport,40.7069,-74.003,clear,None,70,43,28
2024-11-21,LM-ATM-006,Tribeca,40.7163,-74.0086,clear,None,75,27,14
2024-11-21,LM-ATM-007,City Hall,40.7128,-74.0059,clear,None,79,29,15
2024-11-21,LM-ATM-008,Chinatown,40.7158,-73.9973,clear,None,73,39,20
2024-11-21,LM-ATM-009,Little Italy,40.7191,-73.9973,clear,None,66,43,26
2024-11-21,LM-ATM-010,SoHo Broadway,40.7233,-74.002,clear,None,94,63,40
2024-11-21,LM-ATM-011,NoLiTa,40.7228,-73.9973,clear,None,62,37,20
2024-11-21,LM-ATM-012,Canal Street,40.719,-74.002,clear,None,88,47,25
2024-11-21,LM-ATM-013,World Trade Center,40.7116,-74.013,clear,None,126,49,22
2024-11-21,LM-ATM-014,Brookfield Place,40.7127,-74.0155,clear,None,123,41,25
2024-11-21,LM-ATM-015,Bowling Green,40.7047,-74.0141,clear,None,92,40,21
2024-11-21,LM-ATM-016,Staten Ferry Terminal,40.7013,-74.0132,clear,None,72,49,30
2024-11-21,LM-ATM-017,Essex Market,40.7193,-73.9874,clear,None,88,45,22
2024-11-21,LM-ATM-018,Houston Street,40.7282,-74.005,clear,None,80,47,28
2024-11-21,LM-ATM-019,Delancey Street,40.7188,-73.9885,clear,None,77,39,26
2024-11-21,LM-ATM-020,Pier 17,40.7058,-74.0027,clear,None,69,48,33
2024-11-22,LM-ATM-001,Battery Park,40.7033,-74.017,clear,None,77,36,23
2024-11-22,LM-ATM-002,Wall Street,40.7074,-74.0113,clear,None,127,23,15
2024-11-22,LM-ATM-003,Broad Street,40.7069,-74.0113,clear,None,127,30,14
2024-11-22,LM-ATM-004,Fulton Center,40.7103,-74.0076,clear,None,95,39,24
2024-11-22,LM-ATM-005,South Street Seaport,40.7069,-74.003,clear,None,75,50,38
2024-11-22,LM-ATM-006,Tribeca,40.7163,-74.0086,clear,None,72,25,15
2024-11-22,LM-ATM-007,City Hall,40.7128,-74.0059,clear,None,101,38,24
2024-11-22,LM-ATM-008,Chinatown,40.7158,-73.9973,clear,None,78,41,22
2024-11-22,LM-ATM-009,Little Italy,40.7191,-73.9973,clear,None,76,45,27
2024-11-22,LM-ATM-010,SoHo Broadway,40.7233,-74.002,clear,None,75,50,36
2024-11-22,LM-ATM-011,NoLiTa,40.7228,-73.9973,clear,None,57,38,22
2024-11-22,LM-ATM-012,Canal Street,40.719,-74.002,clear,None,81,38,25
2024-11-22,LM-ATM-013,World Trade Center,40.7116,-74.013,clear,None,123,41,26
2024-11-22,LM-ATM-014,Brookfield Place,40.7127,-74.0155,clear,None,136,45,26
2024-11-22,LM-ATM-015,Bowling Green,40.7047,-74.0141,clear,None,96,41,21
2024-11-22,LM-ATM-016,Staten Ferry Terminal,40.7013,-74.0132,clear,None,80,53,29
2024-11-22,LM-ATM-017,Essex Market,40.7193,-73.9874,clear,None,62,27,18
2024-11-22,LM-ATM-018,Houston Street,40.7282,-74.005,clear,None,72,38,25
2024-11-22,LM-ATM-019,Delancey Street,40.7188,-73.9885,clear,None,67,38,20
2024-11-22,LM-ATM-020,Pier 17,40.7058,-74.0027,clear,None,62,49,32
2024-11-23,LM-ATM-001,Battery Park,40.7033,-74.017,clear,None,61,47,25
2024-11-23,LM-ATM-002,Wall Street,40.7074,-74.0113,clear,None,102,35,15
2024-11-23,LM-ATM-003,Broad Street,40.7069,-74.0113,clear,None,65,19,10
2024-11-23,LM-ATM-004,Fulton Center,40.7103,-74.0076,clear,None,91,43,23
2024-11-23,LM-ATM-005,South Street Seaport,40.7069,-74.003,clear,None,85,67,40
2024-11-23,LM-ATM-006,Tribeca,40.7163,-74.0086,clear,None,87,42,21
2024-11-23,LM-ATM-007,City Hall,40.7128,-74.0059,clear,None,77,36,18
2024-11-23,LM-ATM-008,Chinatown,40.7158,-73.9973,clear,None,75,44,25
2024-11-23,LM-ATM-009,Little Italy,40.7191,-73.9973,clear,None,72,47,30
2024-11-23,LM-ATM-010,SoHo Broadway,40.7233,-74.002,clear,None,90,67,47
2024-11-23,LM-ATM-011,NoLiTa,40.7228,-73.9973,clear,None,71,48,28
2024-11-23,LM-ATM-012,Canal Street,40.719,-74.002,clear,None,66,38,23
2024-11-23,LM-ATM-013,World Trade Center,40.7116,-74.013,clear,None,98,48,24
2024-11-23,LM-ATM-014,Brookfield Place,40.7127,-74.0155,clear,None,88,41,23
2024-11-23,LM-ATM-015,Bowling Green,40.7047,-74.0141,clear,None,80,45,23
2024-11-23,LM-ATM-016,Staten Ferry Terminal,40.7013,-74.0132,clear,None,74,56,36
2024-11-23,LM-ATM-017,Essex Market,40.7193,-73.9874,clear,None,67,44,23
2024-11-23,LM-ATM-018,Houston Street,40.7282,-74.005,clear,None,79,47,27
2024-11-23,LM-ATM-019,Delancey Street,40.7188,-73.9885,clear,None,68,42,21
2024-11-23,LM-ATM-020,Pier 17,40.7058,-74.0027,clear,None,64,65,36
2024-11-24,LM-ATM-001,Battery Park,40.7033,-74.017,cloudy,None,64,46,26
2024-11-24,LM-ATM-002,Wall Street,40.7074,-74.0113,cloudy,None,83,27,13
2024-11-24,LM-ATM-003,Broad Street,40.7069,-74.0113,cloudy,None,83,26,13
2024-11-24,LM-ATM-004,Fulton Center,40.7103,-74.0076,cloudy,None,88,48,24
2024-11-24,LM-ATM-005,South Street Seaport,40.7069,-74.003,cloudy,None,61,45,27
2024-11-24,LM-ATM-006,Tribeca,40.7163,-74.0086,cloudy,None,67,29,13
2024-11-24,LM-ATM-007,City Hall,40.7128,-74.0059,cloudy,None,73,36,18
2024-11-24,LM-ATM-008,Chinatown,40.7158,-73.9973,cloudy,None,83,45,26
2024-11-24,LM-ATM-009,Little Italy,40.7191,-73.9973,cloudy,None,56,44,25
2024-11-24,LM-ATM-010,SoHo Broadway,40.7233,-74.002,cloudy,None,66,51,38
2024-11-24,LM-ATM-011,NoLiTa,40.7228,-73.9973,cloudy,None,46,32,19
2024-11-24,LM-ATM-012,Canal Street,40.719,-74.002,cloudy,None,67,44,22
2024-11-24,LM-ATM-013,World Trade Center,40.7116,-74.013,cloudy,None,91,35,19
2024-11-24,LM-ATM-014,Brookfield Place,40.7127,-74.0155,cloudy,None,79,40,21
2024-11-24,LM-ATM-015,Bowling Green,40.7047,-74.0141,cloudy,None,81,40,22
2024-11-24,LM-ATM-016,Staten Ferry Terminal,40.7013,-74.0132,cloudy,None,61,45,30
2024-11-24,LM-ATM-017,Essex Market,40.7193,-73.9874,cloudy,None,66,40,21
2024-11-24,LM-ATM-018,Houston Street,40.7282,-74.005,cloudy,None,66,47,27
2024-11-24,LM-ATM-019,Delancey Street,40.7188,-73.9885,cloudy,None,62,41,21
2024-11-24,LM-ATM-020,Pier 17,40.7058,-74.0027,cloudy,None,64,55,32
2024-11-25,LM-ATM-001,Battery Park,40.7033,-74.017,cloudy,None,57,37,20
2024-11-25,LM-ATM-002,Wall Street,40.7074,-74.0113,cloudy,None,120,29,13
2024-11-25,LM-ATM-003,Broad Street,40.7069,-74.0113,cloudy,None,93,24,12
2024-11-25,LM-ATM-004,Fulton Center,40.7103,-74.0076,cloudy,None,83,34,20
2024-11-25,LM-ATM-005,South Street Seaport,40.7069,-74.003,cloudy,None,70,52,29
2024-11-25,LM-ATM-006,Tribeca,40.7163,-74.0086,cloudy,None,70,23,14
2024-11-25,LM-ATM-007,City Hall,40.7128,-74.0059,cloudy,None,74,32,17
2024-11-25,LM-ATM-008,Chinatown,40.7158,-73.9973,cloudy,None,75,40,22
2024-11-25,LM-ATM-009,Little Italy,40.7191,-73.9973,cloudy,None,63,38,23
2024-11-25,LM-ATM-010,SoHo Broadway,40.7233,-74.002,cloudy,None,74,52,35
2024-11-25,LM-ATM-011,NoLiTa,40.7228,-73.9973,cloudy,None,69,44,27
2024-11-25,LM-ATM-012,Canal Street,40.719,-74.002,cloudy,None,86,47,30
2024-11-25,LM-ATM-013,World Trade Center,40.7116,-74.013,cloudy,None,93,34,21
2024-11-25,LM-ATM-014,Brookfield Place,40.7127,-74.0155,cloudy,None,104,39,22
2024-11-25,LM-ATM-015,Bowling Green,40.7047,-74.0141,cloudy,None,89,38,23
2024-11-25,LM-ATM-016,Staten Ferry Terminal,40.7013,-74.0132,cloudy,None,60,38,23
2024-11-25,LM-ATM-017,Essex Market,40.7193,-73.9874,cloudy,None,68,30,16
2024-11-25,LM-ATM-018,Houston Street,40.7282,-74.005,cloudy,None,76,41,22
2024-11-25,LM-ATM-019,Delancey Street,40.7188,-73.9885,cloudy,None,60,37,23
2024-11-25,LM-ATM-020,Pier 17,40.7058,-74.0027,cloudy,None,67,53,33
2024-11-26,LM-ATM-001,Battery Park,40.7033,-74.017,rain,None,61,35,19
2024-11-26,LM-ATM-002,Wall Street,40.7074,-74.0113,rain,None,109,25,12
2024-11-26,LM-ATM-003,Broad Street,40.7069,-74.0113,rain,None,91,27,12
2024-11-26,LM-ATM-004,Fulton Center,40.7103,-74.0076,rain,None,86,34,20
2024-11-26,LM-ATM-005,South Street Seaport,40.7069,-74.003,rain,None,51,34,23
2024-11-26,LM-ATM-006,Tribeca,40.7163,-74.0086,rain,None,66,20,12
2024-11-26,LM-ATM-007,City Hall,40.7128,-74.0059,rain,None,97,38,23
2024-11-26,LM-ATM-008,Chinatown,40.7158,-73.9973,rain,None,62,29,15
2024-11-26,LM-ATM-009,Little Italy,40.7191,-73.9973,rain,None,55,36,20
2024-11-26,LM-ATM-010,SoHo Broadway,40.7233,-74.002,rain,None,76,51,35
2024-11-26,LM-ATM-011,NoLiTa,40.7228,-73.9973,rain,None,56,32,21
2024-11-26,LM-ATM-012,Canal Street,40.719,-74.002,rain,None,77,36,24
2024-11-26,LM-ATM-013,World Trade Center,40.7116,-74.013,rain,None,111,41,24
2024-11-26,LM-ATM-014,Brookfield Place,40.7127,-74.0155,rain,None,110,38,21
2024-11-26,LM-ATM-015,Bowling Green,40.7047,-74.0141,rain,None,101,35,20
2024-11-26,LM-ATM-016,Staten Ferry Terminal,40.7013,-74.0132,rain,None,51,31,20
2024-11-26,LM-ATM-017,Essex Market,40.7193,-73.9874,rain,None,83,38,19
2024-11-26,LM-ATM-018,Houston Street,40.7282,-74.005,rain,None,48,29,17
2024-11-26,LM-ATM-019,Delancey Street,40.7188,-73.9885,rain,None,64,39,20
2024-11-26,LM-ATM-020,Pier 17,40.7058,-74.0027,rain,None,49,37,23
2024-11-27,LM-ATM-001,Battery Park,40.7033,-74.017,cloudy,None,65,38,20
2024-11-27,LM-ATM-002,Wall Street,40.7074,-74.0113,cloudy,None,127,28,15
2024-11-27,LM-ATM-003,Broad Street,40.7069,-74.0113,cloudy,None,109,37,16
2024-11-27,LM-ATM-004,Fulton Center,40.7103,-74.0076,cloudy,None,97,41,22
2024-11-27,LM-ATM-005,South Street Seaport,40.7069,-74.003,cloudy,None,65,52,27
2024-11-27,LM-ATM-006,Tribeca,40.7163,-74.0086,cloudy,None,84,32,18
2024-11-27,LM-ATM-007,City Hall,40.7128,-74.0059,cloudy,None,62,22,15
2024-11-27,LM-ATM-008,Chinatown,40.7158,-73.9973,cloudy,None,84,44,26
2024-11-27,LM-ATM-009,Little Italy,40.7191,-73.9973,cloudy,None,51,33,19
2024-11-27,LM-ATM-010,SoHo Broadway,40.7233,-74.002,cloudy,None,85,47,34
2024-11-27,LM-ATM-011,NoLiTa,40.7228,-73.9973,cloudy,None,60,32,21
2024-11-27,LM-ATM-012,Canal Street,40.719,-74.002,cloudy,None,96,54,32
2024-11-27,LM-ATM-013,World Trade Center,40.7116,-74.013,cloudy,None,109,41,25
2024-11-27,LM-ATM-014,Brookfield Place,40.7127,-74.0155,cloudy,None,109,42,24
2024-11-27,LM-ATM-015,Bowling Green,40.7047,-74.0141,cloudy,None,90,30,19
2024-11-27,LM-ATM-016,Staten Ferry Terminal,40.7013,-74.0132,cloudy,None,79,48,32
2024-11-27,LM-ATM-017,Essex Market,40.7193,-73.9874,cloudy,None,54,28,16
2024-11-27,LM-ATM-018,Houston Street,40.7282,-74.005,cloudy,None,73,48,27
2024-11-27,LM-ATM-019,Delancey Street,40.7188,-73.9885,cloudy,None,61,32,19
2024-11-27,LM-ATM-020,Pier 17,40.7058,-74.0027,cloudy,None,63,46,30
2024-11-28,LM-ATM-001,Battery Park,40.7033,-74.017,cloudy,Thanksgiving,45,25,14
2024-11-28,LM-ATM-002,Wall Street,40.7074,-74.0113,cloudy,Thanksgiving,104,29,9
2024-11-28,LM-ATM-003,Broad Street,40.7069,-74.0113,cloudy,Thanksgiving,81,22,11
2024-11-28,LM-ATM-004,Fulton Center,40.7103,-74.0076,cloudy,Thanksgiving,94,43,21
2024-11-28,LM-ATM-005,South Street Seaport,40.7069,-74.003,cloudy,Thanksgiving,61,41,24
2024-11-28,LM-ATM-006,Tribeca,40.7163,-74.0086,cloudy,Thanksgiving,52,19,9
2024-11-28,LM-ATM-007,City Hall,40.7128,-74.0059,cloudy,Thanksgiving,58,21,14
2024-11-28,LM-ATM-008,Chinatown,40.7158,-73.9973,cloudy,Thanksgiving,55,30,17
2024-11-28,LM-ATM-009,Little Italy,40.7191,-73.9973,cloudy,Thanksgiving,53,36,21
2024-11-28,LM-ATM-010,SoHo Broadway,40.7233,-74.002,cloudy,Thanksgiving,49,30,23
2024-11-28,LM-ATM-011,NoLiTa,40.7228,-73.9973,cloudy,Thanksgiving,43,28,16
2024-11-28,LM-ATM-012,Canal Street,40.719,-74.002,cloudy,Thanksgiving,52,28,15
2024-11-28,LM-ATM-013,World Trade Center,40.7116,-74.013,cloudy,Thanksgiving,90,30,17
2024-11-28,LM-ATM-014,Brookfield Place,40.7127,-74.0155,cloudy,Thanksgiving,87,32,18
2024-11-28,LM-ATM-015,Bowling Green,40.7047,-74.0141,cloudy,Thanksgiving,60,26,13
2024-11-28,LM-ATM-016,Staten Ferry Terminal,40.7013,-74.0132,cloudy,Thanksgiving,59,39,24
2024-11-28,LM-ATM-017,Essex Market,40.7193,-73.9874,cloudy,Thanksgiving,58,29,15
2024-11-28,LM-ATM-018,Houston Street,40.7282,-74.005,cloudy,Thanksgiving,63,34,19
2024-11-28,LM-ATM-019,Delancey Street,40.7188,-73.9885,cloudy,Thanksgiving,48,25,15
2024-11-28,LM-ATM-020,Pier 17,40.7058,-74.0027,cloudy,Thanksgiving,41,32,21
2024-11-29,LM-ATM-001,Battery Park,40.7033,-74.017,clear,Black Friday,75,49,36
2024-11-29,LM-ATM-002,Wall Street,40.7074,-74.0113,clear,Black Friday,138,47,23
2024-11-29,LM-ATM-003,Broad Street,40.7069,-74.0113,clear,Black Friday,152,46,32
2024-11-29,LM-ATM-004,Fulton Center,40.7103,-74.0076,clear,Black Friday,126,73,39
2024-11-29,LM-ATM-005,South Street Seaport,40.7069,-74.003,clear,Black Friday,87,64,44
2024-11-29,LM-ATM-006,Tribeca,40.7163,-74.0086,clear,Black Friday,79,43,22
2024-11-29,LM-ATM-007,City Hall,40.7128,-74.0059,clear,Black Friday,134,68,38
2024-11-29,LM-ATM-008,Chinatown,40.7158,-73.9973,clear,Black Friday,108,63,41
2024-11-29,LM-ATM-009,Little Italy,40.7191,-73.9973,clear,Black Friday,81,63,41
2024-11-29,LM-ATM-010,SoHo Broadway,40.7233,-74.002,clear,Black Friday,92,78,56
2024-11-29,LM-ATM-011,NoLiTa,40.7228,-73.9973,clear,Black Friday,70,54,34
2024-11-29,LM-ATM-012,Canal Street,40.719,-74.002,clear,Black Friday,98,57,38
2024-11-29,LM-ATM-013,World Trade Center,40.7116,-74.013,clear,Black Friday,144,64,38
2024-11-29,LM-ATM-014,Brookfield Place,40.7127,-74.0155,clear,Black Friday,144,68,43
2024-11-29,LM-ATM-015,Bowling Green,40.7047,-74.0141,clear,Black Friday,89,50,31
2024-11-29,LM-ATM-016,Staten Ferry Terminal,40.7013,-74.0132,clear,Black Friday,75,53,40
2024-11-29,LM-ATM-017,Essex Market,40.7193,-73.9874,clear,Black Friday,79,49,33
2024-11-29,LM-ATM-018,Houston Street,40.7282,-74.005,clear,Black Friday,66,49,30
2024-11-29,LM-ATM-019,Delancey Street,40.7188,-73.9885,clear,Black Friday,80,57,34
2024-11-29,LM-ATM-020,Pier 17,40.7058,-74.0027,clear,Black Friday,71,65,46
2024-11-30,LM-ATM-001,Battery Park,40.7033,-74.017,rain,None,66,48,26
2024-11-30,LM-ATM-002,Wall Street,40.7074,-74.0113,rain,None,60,19,8
2024-11-30,LM-ATM-003,Broad Street,40.7069,-74.0113,rain,None,78,26,11
2024-11-30,LM-ATM-004,Fulton Center,40.7103,-74.0076,rain,None,79,39,24
2024-11-30,LM-ATM-005,South Street Seaport,40.7069,-74.003,rain,None,59,44,24
2024-11-30,LM-ATM-006,Tribeca,40.7163,-74.0086,rain,None,58,26,12
2024-11-30,LM-ATM-007,City Hall,40.7128,-74.0059,rain,None,84,36,17
2024-11-30,LM-ATM-008,Chinatown,40.7158,-73.9973,rain,None,55,35,18
2024-11-30,LM-ATM-009,Little Italy,40.7191,-73.9973,rain,None,49,36,23
2024-11-30,LM-ATM-010,SoHo Broadway,40.7233,-74.002,rain,None,57,44,28
2024-11-30,LM-ATM-011,NoLiTa,40.7228,-73.9973,rain,None,44,32,19
2024-11-30,LM-ATM-012,Canal Street,40.719,-74.002,rain,None,57,36,22
2024-11-30,LM-ATM-013,World Trade Center,40.7116,-74.013,rain,None,68,28,16
2024-11-30,LM-ATM-014,Brookfield Place,40.7127,-74.0155,rain,None,74,36,18
2024-11-30,LM-ATM-015,Bowling Green,40.7047,-74.0141,rain,None,62,30,16
2024-11-30,LM-ATM-016,Staten Ferry Terminal,40.7013,-74.0132,rain,None,55,45,25
2024-11-30,LM-ATM-017,Essex Market,40.7193,-73.9874,rain,None,58,39,21
2024-11-30,LM-ATM-018,Houston Street,40.7282,-74.005,rain,None,58,35,21
2024-11-30,LM-ATM-019,Delancey Street,40.7188,-73.9885,rain,None,56,35,18
2024-11-30,LM-ATM-020,Pier 17,40.7058,-74.0027,rain,None,50,41,25
2024-12-01,LM-ATM-001,Battery Park,40.7033,-74.017,cloudy,None,76,47,31
2024-12-01,LM-ATM-002,Wall Street,40.7074,-74.0113,cloudy,None,102,28,15
2024-12-01,LM-ATM-003,Broad Street,40.7069,-74.0113,cloudy,None,83,23,9
2024-12-01,LM-ATM-004,Fulton Center,40.7103,-74.0076,cloudy,None,100,49,24
2024-12-01,LM-ATM-005,South Street Seaport,40.7069,-74.003,cloudy,None,81,56,36
2024-12-01,LM-ATM-006,Tribeca,40.7163,-74.0086,cloudy,None,84,37,17
2024-12-01,LM-ATM-007,City Hall,40.7128,-74.0059,cloudy,None,82,36,20
2024-12-01,LM-ATM-008,Chinatown,40.7158,-73.9973,cloudy,None,86,51,25
2024-12-01,LM-ATM-009,Little Italy,40.7191,-73.9973,cloudy,None,63,46,28
2024-12-01,LM-ATM-010,SoHo Broadway,40.7233,-74.002,cloudy,None,101,86,56
2024-12-01,LM-ATM-011,NoLiTa,40.7228,-73.9973,cloudy,None,71,52,31
2024-12-01,LM-ATM-012,Canal Street,40.719,-74.002,cloudy,None,81,44,30
2024-12-01,LM-ATM-013,World Trade Center,40.7116,-74.013,cloudy,None,129,58,30
2024-12-01,LM-ATM-014,Brookfield Place,40.7127,-74.0155,cloudy,None,127,47,30
2024-12-01,LM-ATM-015,Bowling Green,40.7047,-74.0141,cloudy,None,102,50,28
2024-12-01,LM-ATM-016,Staten Ferry Terminal,40.7013,-74.0132,cloudy,None,75,57,34
2024-12-01,LM-ATM-017,Essex Market,40.7193,-73.9874,cloudy,None,84,53,24
2024-12-01,LM-ATM-018,Houston Street,40.7282,-74.005,cloudy,None,74,51,29
2024-12-01,LM-ATM-019,Delancey Street,40.7188,-73.9885,cloudy,None,61,43,21
2024-12-01,LM-ATM-020,Pier 17,40.7058,-74.0027,cloudy,None,72,56,38
2024-12-02,LM-ATM-001,Battery Park,40.7033,-74.017,clear,None,99,62,35
2024-12-02,LM-ATM-002,Wall Street,40.7074,-74.0113,clear,None,138,27,15
2024-12-02,LM-ATM-003,Broad Street,40.7069,-74.0113,clear,None,120,32,13
2024-12-02,LM-ATM-004,Fulton Center,40.7103,-74.0076,clear,None,129,56,28
2024-12-02,LM-ATM-005,South Street Seaport,40.7069,-74.003,clear,None,91,64,35
2024-12-02,LM-ATM-006,Tribeca,40.7163,-74.0086,clear,None,85,30,18
2024-12-02,LM-ATM-007,City Hall,40.7128,-74.0059,clear,None,110,42,22
2024-12-02,LM-ATM-008,Chinatown,40.7158,-73.9973,clear,None,89,39,25
2024-12-02,LM-ATM-009,Little Italy,40.7191,-73.9973,clear,None,63,44,28
2024-12-02,LM-ATM-010,SoHo Broadway,40.7233,-74.002,clear,None,108,70,47
2024-12-02,LM-ATM-011,NoLiTa,40.7228,-73.9973,clear,None,79,51,29
2024-12-02,LM-ATM-012,Canal Street,40.719,-74.002,clear,None,105,55,33
2024-12-02,LM-ATM-013,World Trade Center,40.7116,-74.013,clear,None,126,47,25
2024-12-02,LM-ATM-014,Brookfield Place,40.7127,-74.0155,clear,None,148,52,29
2024-12-02,LM-ATM-015,Bowling Green,40.7047,-74.0141,clear,None,110,46,24
2024-12-02,LM-ATM-016,Staten Ferry Terminal,40.7013,-74.0132,clear,None,98,54,38
2024-12-02,LM-ATM-017,Essex Market,40.7193,-73.9874,clear,None,87,47,26
2024-12-02,LM-ATM-018,Houston Street,40.7282,-74.005,clear,None,99,48,31
2024-12-02,LM-ATM-019,Delancey Street,40.7188,-73.9885,clear,None,100,55,31
2024-12-02,LM-ATM-020,Pier 17,40.7058,-74.0027,clear,None,81,60,37
2024-12-03,LM-ATM-001,Battery Park,40.7033,-74.017,cloudy,None,91,43,30
2024-12-03,LM-ATM-002,Wall Street,40.7074,-74.0113,cloudy,None,128,31,15
2024-12-03,LM-ATM-003,Broad Street,40.7069,-74.0113,cloudy,None,114,22,15
2024-12-03,LM-ATM-004,Fulton Center,40.7103,-74.0076,cloudy,None,119,47,27
2024-12-03,LM-ATM-005,South Street Seaport,40.7069,-74.003,cloudy,None,87,54,36
2024-12-03,LM-ATM-006,Tribeca,40.7163,-74.0086,cloudy,None,86,32,18
2024-12-03,LM-ATM-007,City Hall,40.7128,-74.0059,cloudy,None,100,39,22
2024-12-03,LM-ATM-008,Chinatown,40.7158,-73.9973,cloudy,None,86,46,25
2024-12-03,LM-ATM-009,Little Italy,40.7191,-73.9973,cloudy,None,66,38,26
2024-12-03,LM-ATM-010,SoHo Broadway,40.7233,-74.002,cloudy,None,87,54,38
2024-12-03,LM-ATM-011,NoLiTa,40.7228,-73.9973,cloudy,None,86,42,27
2024-12-03,LM-ATM-012,Canal Street,40.719,-74.002,cloudy,None,83,49,29
2024-12-03,LM-ATM-013,World Trade Center,40.7116,-74.013,cloudy,None,139,51,30
2024-12-03,LM-ATM-014,Brookfield Place,40.7127,-74.0155,cloudy,None,106,33,17
2024-12-03,LM-ATM-015,Bowling Green,40.7047,-74.0141,cloudy,None,90,44,22
2024-12-03,LM-ATM-016,Staten Ferry Terminal,40.7013,-74.0132,cloudy,None,87,57,34
2024-12-03,LM-ATM-017,Essex Market,40.7193,-73.9874,cloudy,None,77,44,25
2024-12-03,LM-ATM-018,Houston Street,40.7282,-74.005,cloudy,None,71,36,26
2024-12-03,LM-ATM-019,Delancey Street,40.7188,-73.9885,cloudy,None,91,40,22
2024-12-03,LM-ATM-020,Pier 17,40.7058,-74.0027,cloudy,None,65,47,34
2024-12-04,LM-ATM-001,Battery Park,40.7033,-74.017,clear,None,89,51,33
2024-12-04,LM-ATM-002,Wall Street,40.7074,-74.0113,clear,None,172,30,21
2024-12-04,LM-ATM-003,Broad Street,40.7069,-74.0113,clear,None,155,39,17
2024-12-04,LM-ATM-004,Fulton Center,40.7103,-74.0076,clear,None,142,54,33
2024-12-04,LM-ATM-005,South Street Seaport,40.7069,-74.003,clear,None,103,66,42
2024-12-04,LM-ATM-006,Tribeca,40.7163,-74.0086,clear,None,113,42,20
2024-12-04,LM-ATM-007,City Hall,40.7128,-74.0059,clear,None,98,32,16
2024-12-04,LM-ATM-008,Chinatown,40.7158,-73.9973,clear,None,91,43,27
2024-12-04,LM-ATM-009,Little Italy,40.7191,-73.9973,clear,None,86,51,34
2024-12-04,LM-ATM-010,SoHo Broadway,40.7233,-74.002,clear,None,89,65,39
2024-12-04,LM-ATM-011,NoLiTa,40.7228,-73.9973,clear,None,63,39,22
2024-12-04,LM-ATM-012,Canal Street,40.719,-74.002,clear,None,87,42,27
2024-12-04,LM-ATM-013,World Trade Center,40.7116,-74.013,clear,None,145,56,34
2024-12-04,LM-ATM-014,Brookfield Place,40.7127,-74.0155,clear,None,122,46,26
2024-12-04,LM-ATM-015,Bowling Green,40.7047,-74.0141,clear,None,75,28,17
2024-12-04,LM-ATM-016,Staten Ferry Terminal,40.7013,-74.0132,clear,None,98,61,39
2024-12-04,LM-ATM-017,Essex Market,40.7193,-73.9874,clear,None,76,32,23
2024-12-04,LM-ATM-018,Houston Street,40.7282,-74.005,clear,None,75,43,25
2024-12-04,LM-ATM-019,Delancey Street,40.7188,-73.9885,clear,None,80,44,21
2024-12-04,LM-ATM-020,Pier 17,40.7058,-74.0027,clear,None,79,59,43
2024-12-05,LM-ATM-001,Battery Park,40.7033,-74.017,rain,None,65,41,26
2024-12-05,LM-ATM-002,Wall Street,40.7074,-74.0113,rain,None,117,27,14
2024-12-05,LM-ATM-003,Broad Street,40.7069,-74.0113,rain,None,124,31,17
2024-12-05,LM-ATM-004,Fulton Center,40.7103,-74.0076,rain,None,106,47,27
2024-12-05,LM-ATM-005,South Street Seaport,40.7069,-74.003,rain,None,64,44,27
2024-12-05,LM-ATM-006,Tribeca,40.7163,-74.0086,rain,None,80,34,17
2024-12-05,LM-ATM-007,City Hall,40.7128,-74.0059,rain,None,77,32,18
2024-12-05,LM-ATM-008,Chinatown,40.7158,-73.9973,rain,None,65,39,19
2024-12-05,LM-ATM-009,Little Italy,40.7191,-73.9973,rain,None,67,41,28
2024-12-05,LM-ATM-010,SoHo Broadway,40.7233,-74.002,rain,None,63,51,31
2024-12-05,LM-ATM-011,NoLiTa,40.7228,-73.9973,rain,None,76,44,27
2024-12-05,LM-ATM-012,Canal Street,40.719,-74.002,rain,None,80,46,29
2024-12-05,LM-ATM-013,World Trade Center,40.7116,-74.013,rain,None,123,43,25
2024-12-05,LM-ATM-014,Brookfield Place,40.7127,-74.0155,rain,None,117,40,23
2024-12-05,LM-ATM-015,Bowling Green,40.7047,-74.0141,rain,None,81,34,20
2024-12-05,LM-ATM-016,Staten Ferry Terminal,40.7013,-74.0132,rain,None,54,38,20
2024-12-05,LM-ATM-017,Essex Market,40.7193,-73.9874,rain,None,63,35,18
2024-12-05,LM-ATM-018,Houston Street,40.7282,-74.005,rain,None,71,43,27
2024-12-05,LM-ATM-019,Delancey Street,40.7188,-73.9885,rain,None,64,38,22
2024-12-05,LM-ATM-020,Pier 17,40.7058,-74.0027,rain,None,57,48,29
2024-12-06,LM-ATM-001,Battery Park,40.7033,-74.017,cloudy,None,72,41,25
2024-12-06,LM-ATM-002,Wall Street,40.7074,-74.0113,cloudy,None,124,33,13
2024-12-06,LM-ATM-003,Broad Street,40.7069,-74.0113,cloudy,None,120,30,16
2024-12-06,LM-ATM-004,Fulton Center,40.7103,-74.0076,cloudy,None,125,51,31
2024-12-06,LM-ATM-005,South Street Seaport,40.7069,-74.003,cloudy,None,89,55,35
2024-12-06,LM-ATM-006,Tribeca,40.7163,-74.0086,cloudy,None,87,35,14
2024-12-06,LM-ATM-007,City Hall,40.7128,-74.0059,cloudy,None,81,31,15
2024-12-06,LM-ATM-008,Chinatown,40.7158,-73.9973,cloudy,None,85,41,23
2024-12-06,LM-ATM-009,Little Italy,40.7191,-73.9973,cloudy,None,86,51,28
2024-12-06,LM-ATM-010,SoHo Broadway,40.7233,-74.002,cloudy,None,97,62,44
2024-12-06,LM-ATM-011,NoLiTa,40.7228,-73.9973,cloudy,None,69,41,26
2024-12-06,LM-ATM-012,Canal Street,40.719,-74.002,cloudy,None,84,46,25
2024-12-06,LM-ATM-013,World Trade Center,40.7116,-74.013,cloudy,None,102,40,22
2024-12-06,LM-ATM-014,Brookfield Place,40.7127,-74.0155,cloudy,None,122,40,27
2024-12-06,LM-ATM-015,Bowling Green,40.7047,-74.0141,cloudy,None,99,36,21
2024-12-06,LM-ATM-016,Staten Ferry Terminal,40.7013,-74.0132,cloudy,None,71,43,30
2024-12-06,LM-ATM-017,Essex Market,40.7193,-73.9874,cloudy,None,91,49,27
2024-12-06,LM-ATM-018,Houston Street,40.7282,-74.005,cloudy,None,70,37,22
2024-12-06,LM-ATM-019,Delancey Street,40.7188,-73.9885,cloudy,None,77,38,21
2024-12-06,LM-ATM-020,Pier 17,40.7058,-74.0027,cloudy,None,72,56,33
2024-12-07,LM-ATM-001,Battery Park,40.7033,-74.017,rain,None,65,43,26
2024-12-07,LM-ATM-002,Wall Street,40.7074,-74.0113,rain,None,74,21,9
2024-12-07,LM-ATM-003,Broad Street,40.7069,-74.0113,rain,None,80,29,13
2024-12-07,LM-ATM-004,Fulton Center,40.7103,-74.0076,rain,None,89,48,24
2024-12-07,LM-ATM-005,South Street Seaport,40.7069,-74.003,rain,None,66,50,31
2024-12-07,LM-ATM-006,Tribeca,40.7163,-74.0086,rain,None,79,37,18
2024-12-07,LM-ATM-007,City Hall,40.7128,-74.0059,rain,None,74,29,15
2024-12-07,LM-ATM-008,Chinatown,40.7158,-73.9973,rain,None,55,34,18
2024-12-07,LM-ATM-009,Little Italy,40.7191,-73.9973,rain,None,70,45,25
2024-12-07,LM-ATM-010,SoHo Broadway,40.7233,-74.002,rain,None,75,62,42
2024-12-07,LM-ATM-011,NoLiTa,40.7228,-73.9973,rain,None,62,44,26
2024-12-07,LM-ATM-012,Canal Street,40.719,-74.002,rain,None,79,46,27
2024-12-07,LM-ATM-013,World Trade Center,40.7116,-74.013,rain,None,99,43,21
2024-12-07,LM-ATM-014,Brookfield Place,40.7127,-74.0155,rain,None,77,34,18
2024-12-07,LM-ATM-015,Bowling Green,40.7047,-74.0141,rain,None,64,35,18
2024-12-07,LM-ATM-016,Staten Ferry Terminal,40.7013,-74.0132,rain,None,73,53,30
2024-12-07,LM-ATM-017,Essex Market,40.7193,-73.9874,rain,None,67,43,20
2024-12-07,LM-ATM-018,Houston Street,40.7282,-74.005,rain,None,79,50,30
2024-12-07,LM-ATM-019,Delancey Street,40.7188,-73.9885,rain,None,58,33,19
2024-12-07,LM-ATM-020,Pier 17,40.7058,-74.0027,rain,None,67,52,34
2024-12-08,LM-ATM-001,Battery Park,40.7033,-74.017,clear,None,87,54,34
2024-12-08,LM-ATM-002,Wall Street,40.7074,-74.0113,clear,None,122,39,18
2024-12-08,LM-ATM-003,Broad Street,40.7069,-74.0113,clear,None,101,34,16
2024-12-08,LM-ATM-004,Fulton Center,40.7103,-74.0076,clear,None,88,44,23
2024-12-08,LM-ATM-005,South Street Seaport,40.7069,-74.003,clear,None,83,55,38
2024-12-08,LM-ATM-006,Tribeca,40.7163,-74.0086,clear,None,76,37,19
2024-12-08,LM-ATM-007,City Hall,40.7128,-74.0059,clear,None,86,42,23
2024-12-08,LM-ATM-008,Chinatown,40.7158,-73.9973,clear,None,94,56,29
2024-12-08,LM-ATM-009,Little Italy,40.7191,-73.9973,clear,None,80,59,33
2024-12-08,LM-ATM-010,SoHo Broadway,40.7233,-74.002,clear,None,78,66,41
2024-12-08,LM-ATM-011,NoLiTa,40.7228,-73.9973,clear,None,74,44,33
2024-12-08,LM-ATM-012,Canal Street,40.719,-74.002,clear,None,88,56,29
2024-12-08,LM-ATM-013,World Trade Center,40.7116,-74.013,clear,None,121,50,25
2024-12-08,LM-ATM-014,Brookfield Place,40.7127,-74.0155,clear,None,106,42,24
2024-12-08,LM-ATM-015,Bowling Green,40.7047,-74.0141,clear,None,73,31,19
2024-12-08,LM-ATM-016,Staten Ferry Terminal,40.7013,-74.0132,clear,None,92,60,37
2024-12-08,LM-ATM-017,Essex Market,40.7193,-73.9874,clear,None,78,51,28
2024-12-08,LM-ATM-018,Houston Street,40.7282,-74.005,clear,None,78,47,31
2024-12-08,LM-ATM-019,Delancey Street,40.7188,-73.9885,clear,None,68,40,22
2024-12-08,LM-ATM-020,Pier 17,40.7058,-74.0027,clear,None,65,63,38
2024-12-09,LM-ATM-001,Battery Park,40.7033,-74.017,clear,None,75,48,29
2024-12-09,LM-ATM-002,Wall Street,40.7074,-74.0113,clear,None,135,31,16
2024-12-09,LM-ATM-003,Broad Street,40.7069,-74.0113,clear,None,132,39,15
2024-12-09,LM-ATM-004,Fulton Center,40.7103,-74.0076,clear,None,142,64,35
2024-12-09,LM-ATM-005,South Street Seaport,40.7069,-74.003,clear,None,79,56,33
2024-12-09,LM-ATM-006,Tribeca,40.7163,-74.0086,clear,None,116,44,24
2024-12-09,LM-ATM-007,City Hall,40.7128,-74.0059,clear,None,112,45,22
2024-12-09,LM-ATM-008,Chinatown,40.7158,-73.9973,clear,None,93,50,27
2024-12-09,LM-ATM-009,Little Italy,40.7191,-73.9973,clear,None,74,42,29
2024-12-09,LM-ATM-010,SoHo Broadway,40.7233,-74.002,clear,None,87,65,45
2024-12-09,LM-ATM-011,NoLiTa,40.7228,-73.9973,clear,None,61,44,25
2024-12-09,LM-ATM-012,Canal Street,40.719,-74.002,clear,None,78,46,25
2024-12-09,LM-ATM-013,World Trade Center,40.7116,-74.013,clear,None,151,50,28
2024-12-09,LM-ATM-014,Brookfield Place,40.7127,-74.0155,clear,None,108,36,21
2024-12-09,LM-ATM-015,Bowling Green,40.7047,-74.0141,clear,None,111,47,24
2024-12-09,LM-ATM-016,Staten Ferry Terminal,40.7013,-74.0132,clear,None,67,46,27
2024-12-09,LM-ATM-017,Essex Market,40.7193,-73.9874,clear,None,86,42,21
2024-12-09,LM-ATM-018,Houston Street,40.7282,-74.005,clear,None,77,44,27
2024-12-09,LM-ATM-019,Delancey Street,40.7188,-73.9885,clear,None,88,40,26
2024-12-09,LM-ATM-020,Pier 17,40.7058,-74.0027,clear,None,79,54,33
2024-12-10,LM-ATM-001,Battery Park,40.7033,-74.017,clear,None,84,50,31
2024-12-10,LM-ATM-002,Wall Street,40.7074,-74.0113,clear,None,128,23,12
2024-12-10,LM-ATM-003,Broad Street,40.7069,-74.0113,clear,None,137,43,20
2024-12-10,LM-ATM-004,Fulton Center,40.7103,-74.0076,clear,None,127,54,31
2024-12-10,LM-ATM-005,South Street Seaport,40.7069,-74.003,clear,None,71,50,29
2024-12-10,LM-ATM-006,Tribeca,40.7163,-74.0086,clear,None,89,30,14
2024-12-10,LM-ATM-007,City Hall,40.7128,-74.0059,clear,None,82,30,17
2024-12-10,LM-ATM-008,Chinatown,40.7158,-73.9973,clear,None,96,48,27
2024-12-10,LM-ATM-009,Little Italy,40.7191,-73.9973,clear,None,76,48,28
2024-12-10,LM-ATM-010,SoHo Broadway,40.7233,-74.002,clear,None,76,53,35
2024-12-10,LM-ATM-011,NoLiTa,40.7228,-73.9973,clear,None,71,47,26
2024-12-10,LM-ATM-012,Canal Street,40.719,-74.002,clear,None,75,40,25
2024-12-10,LM-ATM-013,World Trade Center,40.7116,-74.013,clear,None,134,38,28
2024-12-10,LM-ATM-014,Brookfield Place,40.7127,-74.0155,clear,None,113,37,24
2024-12-10,LM-ATM-015,Bowling Green,40.7047,-74.0141,clear,None,97,41,21
2024-12-10,LM-ATM-016,Staten Ferry Terminal,40.7013,-74.0132,clear,None,89,59,39
2024-12-10,LM-ATM-017,Essex Market,40.7193,-73.9874,clear,None,63,36,20
2024-12-10,LM-ATM-018,Houston Street,40.7282,-74.005,clear,None,76,46,26
2024-12-10,LM-ATM-019,Delancey Street,40.7188,-73.9885,clear,None,78,51,26
2024-12-10,LM-ATM-020,Pier 17,40.7058,-74.0027,clear,None,66,44,29
2024-12-11,LM-ATM-001,Battery Park,40.7033,-74.017,cloudy,None,78,44,25
2024-12-11,LM-ATM-002,Wall Street,40.7074,-74.0113,cloudy,None,161,37,17
2024-12-11,LM-ATM-003,Broad Street,40.7069,-74.0113,cloudy,None,129,38,17
2024-12-11,LM-ATM-004,Fulton Center,40.7103,-74.0076,cloudy,None,118,45,30
2024-12-11,LM-ATM-005,South Street Seaport,40.7069,-74.003,cloudy,None,76,51,32
2024-12-11,LM-ATM-006,Tribeca,40.7163,-74.0086,cloudy,None,81,31,16
2024-12-11,LM-ATM-007,City Hall,40.7128,-74.0059,cloudy,None,100,36,21
2024-12-11,LM-ATM-008,Chinatown,40.7158,-73.9973,cloudy,None,73,44,23
2024-12-11,LM-ATM-009,Little Italy,40.7191,-73.9973,cloudy,None,81,42,28
2024-12-11,LM-ATM-010,SoHo Broadway,40.7233,-74.002,cloudy,None,102,79,49
2024-12-11,LM-ATM-011,NoLiTa,40.7228,-73.9973,cloudy,None,54,35,21
2024-12-11,LM-ATM-012,Canal Street,40.719,-74.002,cloudy,None,88,51,25
2024-12-11,LM-ATM-013,World Trade Center,40.7116,-74.013,cloudy,None,119,37,22
2024-12-11,LM-ATM-014,Brookfield Place,40.7127,-74.0155,cloudy,None,124,39,23
2024-12-11,LM-ATM-015,Bowling Green,40.7047,-74.0141,cloudy,None,91,37,22
2024-12-11,LM-ATM-016,Staten Ferry Terminal,40.7013,-74.0132,cloudy,None,90,56,38
2024-12-11,LM-ATM-017,Essex Market,40.7193,-73.9874,cloudy,None,74,40,23
2024-12-11,LM-ATM-018,Houston Street,40.7282,-74.005,cloudy,None,88,48,29
2024-12-11,LM-ATM-019,Delancey Street,40.7188,-73.9885,cloudy,None,80,39,22
2024-12-11,LM-ATM-020,Pier 17,40.7058,-74.0027,cloudy,None,68,48,30
2024-12-12,LM-ATM-001,Battery Park,40.7033,-74.017,rain,None,52,34,21
2024-12-12,LM-ATM-002,Wall Street,40.7074,-74.0113,rain,None,125,26,15
2024-12-12,LM-ATM-003,Broad Street,40.7069,-74.0113,rain,None,94,27,11
2024-12-12,LM-ATM-004,Fulton Center,40.7103,-74.0076,rain,None,120,48,28
2024-12-12,LM-ATM-005,South Street Seaport,40.7069,-74.003,rain,None,85,48,35
2024-12-12,LM-ATM-006,Tribeca,40.7163,-74.0086,rain,None,82,29,19
2024-12-12,LM-ATM-007,City Hall,40.7128,-74.0059,rain,None,77,27,17
2024-12-12,LM-ATM-008,Chinatown,40.7158,-73.9973,rain,None,84,44,24
2024-12-12,LM-ATM-009,Little Italy,40.7191,-73.9973,rain,None,63,39,22
2024-12-12,LM-ATM-010,SoHo Broadway,40.7233,-74.002,rain,None,64,48,28
2024-12-12,LM-ATM-011,NoLiTa,40.7228,-73.9973,rain,None,53,36,21
2024-12-12,LM-ATM-012,Canal Street,40.719,-74.002,rain,None,78,46,26
2024-12-12,LM-ATM-013,World Trade Center,40.7116,-74.013,rain,None,108,36,20
2024-12-12,LM-ATM-014,Brookfield Place,40.7127,-74.0155,rain,None,111,32,20
2024-12-12,LM-ATM-015,Bowling Green,40.7047,-74.0141,rain,None,67,30,16
2024-12-12,LM-ATM-016,Staten Ferry Terminal,40.7013,-74.0132,rain,None,58,39,26
2024-12-12,LM-ATM-017,Essex Market,40.7193,-73.9874,rain,None,69,39,21
2024-12-12,LM-ATM-018,Houston Street,40.7282,-74.005,rain,None,70,38,22
2024-12-12,LM-ATM-019,Delancey Street,40.7188,-73.9885,rain,None,65,34,21
2024-12-12,LM-ATM-020,Pier 17,40.7058,-74.0027,rain,None,58,42,26
2024-12-13,LM-ATM-001,Battery Park,40.7033,-74.017,rain,None,58,39,20
2024-12-13,LM-ATM-002,Wall Street,40.7074,-74.0113,rain,None,109,31,13
2024-12-13,LM-ATM-003,Broad Street,40.7069,-74.0113,rain,None,112,29,15
2024-12-13,LM-ATM-004,Fulton Center,40.7103,-74.0076,rain,None,111,37,23
2024-12-13,LM-ATM-005,South Street Seaport,40.7069,-74.003,rain,None,79,47,27
2024-12-13,LM-ATM-006,Tribeca,40.7163,-74.0086,rain,None,95,43,21
2024-12-13,LM-ATM-007,City Hall,40.7128,-74.0059,rain,None,92,35,20
2024-12-13,LM-ATM-008,Chinatown,40.7158,-73.9973,rain,None,69,34,20
2024-12-13,LM-ATM-009,Little Italy,40.7191,-73.9973,rain,None,57,35,19
2024-12-13,LM-ATM-010,SoHo Broadway,40.7233,-74.002,rain,None,91,63,44
2024-12-13,LM-ATM-011,NoLiTa,40.7228,-73.9973,rain,None,60,39,23
2024-12-13,LM-ATM-012,Canal Street,40.719,-74.002,rain,None,99,56,30
2024-12-13,LM-ATM-013,World Trade Center,40.7116,-74.013,rain,None,127,46,25
2024-12-13,LM-ATM-014,Brookfield Place,40.7127,-74.0155,rain,None,111,43,22
2024-12-13,LM-ATM-015,Bowling Green,40.7047,-74.0141,rain,None,87,33,19
2024-12-13,LM-ATM-016,Staten Ferry Terminal,40.7013,-74.0132,rain,None,80,55,33
2024-12-13,LM-ATM-017,Essex Market,40.7193,-73.9874,rain,None,76,39,18
2024-12-13,LM-ATM-018,Houston Street,40.7282,-74.005,rain,None,80,44,27
2024-12-13,LM-ATM-019,Delancey Street,40.7188,-73.9885,rain,None,66,34,18
2024-12-13,LM-ATM-020,Pier 17,40.7058,-74.0027,rain,None,57,39,26
2024-12-14,LM-ATM-001,Battery Park,40.7033,-74.017,cloudy,None,68,55,32
2024-12-14,LM-ATM-002,Wall Street,40.7074,-74.0113,cloudy,None,112,32,12
2024-12-14,LM-ATM-003,Broad Street,40.7069,-74.0113,cloudy,None,105,32,14
2024-12-14,LM-ATM-004,Fulton Center,40.7103,-74.0076,cloudy,None,91,44,24
2024-12-14,LM-ATM-005,South Street Seaport,40.7069,-74.003,cloudy,None,74,56,41
2024-12-14,LM-ATM-006,Tribeca,40.7163,-74.0086,cloudy,None,92,45,20
2024-12-14,LM-ATM-007,City Hall,40.7128,-74.0059,cloudy,None,78,38,22
2024-12-14,LM-ATM-008,Chinatown,40.7158,-73.9973,cloudy,None,84,48,27
2024-12-14,LM-ATM-009,Little Italy,40.7191,-73.9973,cloudy,None,66,52,31
2024-12-14,LM-ATM-010,SoHo Broadway,40.7233,-74.002,cloudy,None,88,68,41
2024-12-14,LM-ATM-011,NoLiTa,40.7228,-73.9973,cloudy,None,57,50,25
2024-12-14,LM-ATM-012,Canal Street,40.719,-74.002,cloudy,None,97,54,31
2024-12-14,LM-ATM-013,World Trade Center,40.7116,-74.013,cloudy,None,100,44,27
2024-12-14,LM-ATM-014,Brookfield Place,40.7127,-74.0155,cloudy,None,120,43,26
2024-12-14,LM-ATM-015,Bowling Green,40.7047,-74.0141,cloudy,None,83,39,22
2024-12-14,LM-ATM-016,Staten Ferry Terminal,40.7013,-74.0132,cloudy,None,62,47,27
2024-12-14,LM-ATM-017,Essex Market,40.7193,-73.9874,cloudy,None,67,40,22
2024-12-14,LM-ATM-018,Houston Street,40.7282,-74.005,cloudy,None,60,36,23
2024-12-14,LM-ATM-019,Delancey Street,40.7188,-73.9885,cloudy,None,71,44,25
2024-12-14,LM-ATM-020,Pier 17,40.7058,-74.0027,cloudy,None,60,52,31
2024-12-15,LM-ATM-001,Battery Park,40.7033,-74.017,cloudy,None,60,42,22
2024-12-15,LM-ATM-002,Wall Street,40.7074,-74.0113,cloudy,None,104,36,17
2024-12-15,LM-ATM-003,Broad Street,40.7069,-74.0113,cloudy,None,104,35,14
2024-12-15,LM-ATM-004,Fulton Center,40.7103,-74.0076,cloudy,None,92,47,27
2024-12-15,LM-ATM-005,South Street Seaport,40.7069,-74.003,cloudy,None,82,58,41
2024-12-15,LM-ATM-006,Tribeca,40.7163,-74.0086,cloudy,None,62,32,14
2024-12-15,LM-ATM-007,City Hall,40.7128,-74.0059,cloudy,None,90,35,16
2024-12-15,LM-ATM-008,Chinatown,40.7158,-73.9973,cloudy,None,78,49,29
2024-12-15,LM-ATM-009,Little Italy,40.7191,-73.9973,cloudy,None,63,44,27
2024-12-15,LM-ATM-010,SoHo Broadway,40.7233,-74.002,cloudy,None,85,59,44
2024-12-15,LM-ATM-011,NoLiTa,40.7228,-73.9973,cloudy,None,66,47,25
2024-12-15,LM-ATM-012,Canal Street,40.719,-74.002,cloudy,None,77,48,25
2024-12-15,LM-ATM-013,World Trade Center,40.7116,-74.013,cloudy,None,97,37,21
2024-12-15,LM-ATM-014,Brookfield Place,40.7127,-74.0155,cloudy,None,92,41,24
2024-12-15,LM-ATM-015,Bowling Green,40.7047,-74.0141,cloudy,None,76,39,19
2024-12-15,LM-ATM-016,Staten Ferry Terminal,40.7013,-74.0132,cloudy,None,57,55,31
2024-12-15,LM-ATM-017,Essex Market,40.7193,-73.9874,cloudy,None,74,46,22
2024-12-15,LM-ATM-018,Houston Street,40.7282,-74.005,cloudy,None,72,44,27
2024-12-15,LM-ATM-019,Delancey Street,40.7188,-73.9885,cloudy,None,77,44,24
2024-12-15,LM-ATM-020,Pier 17,40.7058,-74.0027,cloudy,None,76,61,36
2024-12-16,LM-ATM-001,Battery Park,40.7033,-74.017,clear,None,88,46,33
2024-12-16,LM-ATM-002,Wall Street,40.7074,-74.0113,clear,None,140,32,17
2024-12-16,LM-ATM-003,Broad Street,40.7069,-74.0113,clear,None,151,40,15
2024-12-16,LM-ATM-004,Fulton Center,40.7103,-74.0076,clear,None,122,49,25
2024-12-16,LM-ATM-005,South Street Seaport,40.7069,-74.003,clear,None,102,63,40
2024-12-16,LM-ATM-006,Tribeca,40.7163,-74.0086,clear,None,99,38,16
2024-12-16,LM-ATM-007,City Hall,40.7128,-74.0059,clear,None,138,61,31
2024-12-16,LM-ATM-008,Chinatown,40.7158,-73.9973,clear,None,84,50,25
2024-12-16,LM-ATM-009,Little Italy,40.7191,-73.9973,clear,None,69,42,25
2024-12-16,LM-ATM-010,SoHo Broadway,40.7233,-74.002,clear,None,99,66,47
2024-12-16,LM-ATM-011,NoLiTa,40.7228,-73.9973,clear,None,64,33,21
2024-12-16,LM-ATM-012,Canal Street,40.719,-74.002,clear,None,101,49,32
2024-12-16,LM-ATM-013,World Trade Center,40.7116,-74.013,clear,None,138,39,29
2024-12-16,LM-ATM-014,Brookfield Place,40.7127,-74.0155,clear,None,134,56,29
2024-12-16,LM-ATM-015,Bowling Green,40.7047,-74.0141,clear,None,105,43,24
2024-12-16,LM-ATM-016,Staten Ferry Terminal,40.7013,-74.0132,clear,None,83,52,31
2024-12-16,LM-ATM-017,Essex Market,40.7193,-73.9874,clear,None,70,31,20
2024-12-16,LM-ATM-018,Houston Street,40.7282,-74.005,clear,None,73,49,24
2024-12-16,LM-ATM-019,Delancey Street,40.7188,-73.9885,clear,None,87,52,28
2024-12-16,LM-ATM-020,Pier 17,40.7058,-74.0027,clear,None,71,55,33
2024-12-17,LM-ATM-001,Battery Park,40.7033,-74.017,rain,None,50,30,19
2024-12-17,LM-ATM-002,Wall Street,40.7074,-74.0113,rain,None,123,27,15
2024-12-17,LM-ATM-003,Broad Street,40.7069,-74.0113,rain,None,93,27,13
2024-12-17,LM-ATM-004,Fulton Center,40.7103,-74.0076,rain,None,94,38,20
2024-12-17,LM-ATM-005,South Street Seaport,40.7069,-74.003,rain,None,65,41,28
2024-12-17,LM-ATM-006,Tribeca,40.7163,-74.0086,rain,None,109,38,19
2024-12-17,LM-ATM-007,City Hall,40.7128,-74.0059,rain,None,81,31,17
2024-12-17,LM-ATM-008,Chinatown,40.7158,-73.9973,rain,None,76,35,24
2024-12-17,LM-ATM-009,Little Italy,40.7191,-73.9973,rain,None,55,35,24
2024-12-17,LM-ATM-010,SoHo Broadway,40.7233,-74.002,rain,None,67,42,28
2024-12-17,LM-ATM-011,NoLiTa,40.7228,-73.9973,rain,None,58,36,23
2024-12-17,LM-ATM-012,Canal Street,40.719,-74.002,rain,None,79,34,21
2024-12-17,LM-ATM-013,World Trade Center,40.7116,-74.013,rain,None,107,37,23
2024-12-17,LM-ATM-014,Brookfield Place,40.7127,-74.0155,rain,None,88,30,18
2024-12-17,LM-ATM-015,Bowling Green,40.7047,-74.0141,rain,None,93,39,24
2024-12-17,LM-ATM-016,Staten Ferry Terminal,40.7013,-74.0132,rain,None,70,46,26
2024-12-17,LM-ATM-017,Essex Market,40.7193,-73.9874,rain,None,69,33,20
2024-12-17,LM-ATM-018,Houston Street,40.7282,-74.005,rain,None,66,39,21
2024-12-17,LM-ATM-019,Delancey Street,40.7188,-73.9885,rain,None,70,32,22
2024-12-17,LM-ATM-020,Pier 17,40.7058,-74.0027,rain,None,71,49,30
2024-12-18,LM-ATM-001,Battery Park,40.7033,-74.017,rain,None,65,34,20
2024-12-18,LM-ATM-002,Wall Street,40.7074,-74.0113,rain,None,120,29,15
2024-12-18,LM-ATM-003,Broad Street,40.7069,-74.0113,rain,None,106,27,12
2024-12-18,LM-ATM-004,Fulton Center,40.7103,-74.0076,rain,None,122,54,32
2024-12-18,LM-ATM-005,South Street Seaport,40.7069,-74.003,rain,None,70,45,28
2024-12-18,LM-ATM-006,Tribeca,40.7163,-74.0086,rain,None,93,34,20
2024-12-18,LM-ATM-007,City Hall,40.7128,-74.0059,rain,None,90,26,14
2024-12-18,LM-ATM-008,Chinatown,40.7158,-73.9973,rain,None,68,37,16
2024-12-18,LM-ATM-009,Little Italy,40.7191,-73.9973,rain,None,57,39,23
2024-12-18,LM-ATM-010,SoHo Broadway,40.7233,-74.002,rain,None,77,59,37
2024-12-18,LM-ATM-011,NoLiTa,40.7228,-73.9973,rain,None,72,47,27
2024-12-18,LM-ATM-012,Canal Street,40.719,-74.002,rain,None,81,41,27
2024-12-18,LM-ATM-013,World Trade Center,40.7116,-74.013,rain,None,151,48,32
2024-12-18,LM-ATM-014,Brookfield Place,40.7127,-74.0155,rain,None,118,37,25
2024-12-18,LM-ATM-015,Bowling Green,40.7047,-74.0141,rain,None,89,35,20
2024-12-18,LM-ATM-016,Staten Ferry Terminal,40.7013,-74.0132,rain,None,71,53,31
2024-12-18,LM-ATM-017,Essex Market,40.7193,-73.9874,rain,None,72,39,20
2024-12-18,LM-ATM-018,Houston Street,40.7282,-74.005,rain,None,62,38,21
2024-12-18,LM-ATM-019,Delancey Street,40.7188,-73.9885,rain,None,74,38,25
2024-12-18,LM-ATM-020,Pier 17,40.7058,-74.0027,rain,None,65,41,27
2024-12-19,LM-ATM-001,Battery Park,40.7033,-74.017,cloudy,None,83,51,27
2024-12-19,LM-ATM-002,Wall Street,40.7074,-74.0113,cloudy,None,162,33,17
2024-12-19,LM-ATM-003,Broad Street,40.7069,-74.0113,cloudy,None,116,31,11
2024-12-19,LM-ATM-004,Fulton Center,40.7103,-74.0076,cloudy,None,98,39,23
2024-12-19,LM-ATM-005,South Street Seaport,40.7069,-74.003,cloudy,None,93,62,38
2024-12-19,LM-ATM-006,Tribeca,40.7163,-74.0086,cloudy,None,99,41,20
2024-12-19,LM-ATM-007,City Hall,40.7128,-74.0059,cloudy,None,99,42,21
2024-12-19,LM-ATM-008,Chinatown,40.7158,-73.9973,cloudy,None,94,43,27
2024-12-19,LM-ATM-009,Little Italy,40.7191,-73.9973,cloudy,None,63,36,23
2024-12-19,LM-ATM-010,SoHo Broadway,40.7233,-74.002,cloudy,None,85,65,40
2024-12-19,LM-ATM-011,NoLiTa,40.7228,-73.9973,cloudy,None,85,44,30
2024-12-19,LM-ATM-012,Canal Street,40.719,-74.002,cloudy,None,113,50,34
2024-12-19,LM-ATM-013,World Trade Center,40.7116,-74.013,cloudy,None,138,55,31
2024-12-19,LM-ATM-014,Brookfield Place,40.7127,-74.0155,cloudy,None,129,54,22
2024-12-19,LM-ATM-015,Bowling Green,40.7047,-74.0141,cloudy,None,101,44,23
2024-12-19,LM-ATM-016,Staten Ferry Terminal,40.7013,-74.0132,cloudy,None,94,61,34
2024-12-19,LM-ATM-017,Essex Market,40.7193,-73.9874,cloudy,None,76,38,22
2024-12-19,LM-ATM-018,Houston Street,40.7282,-74.005,cloudy,None,85,52,27
2024-12-19,LM-ATM-019,Delancey Street,40.7188,-73.9885,cloudy,None,78,37,24
2024-12-19,LM-ATM-020,Pier 17,40.7058,-74.0027,cloudy,None,94,65,43
2024-12-20,LM-ATM-001,Battery Park,40.7033,-74.017,clear,None,90,56,33
2024-12-20,LM-ATM-002,Wall Street,40.7074,-74.0113,clear,None,163,30,16
2024-12-20,LM-ATM-003,Broad Street,40.7069,-74.0113,clear,None,157,43,21
2024-12-20,LM-ATM-004,Fulton Center,40.7103,-74.0076,clear,None,117,43,22
2024-12-20,LM-ATM-005,South Street Seaport,40.7069,-74.003,clear,None,97,61,43
2024-12-20,LM-ATM-006,Tribeca,40.7163,-74.0086,clear,None,109,39,22
2024-12-20,LM-ATM-007,City Hall,40.7128,-74.0059,clear,None,116,42,20
2024-12-20,LM-ATM-008,Chinatown,40.7158,-73.9973,clear,None,104,50,29
2024-12-20,LM-ATM-009,Little Italy,40.7191,-73.9973,clear,None,83,48,29
2024-12-20,LM-ATM-010,SoHo Broadway,40.7233,-74.002,clear,None,109,69,46
2024-12-20,LM-ATM-011,NoLiTa,40.7228,-73.9973,clear,None,83,47,28
2024-12-20,LM-ATM-012,Canal Street,40.719,-74.002,clear,None,109,57,35
2024-12-20,LM-ATM-013,World Trade Center,40.7116,-74.013,clear,None,164,57,39
2024-12-20,LM-ATM-014,Brookfield Place,40.7127,-74.0155,clear,None,143,51,25
2024-12-20,LM-ATM-015,Bowling Green,40.7047,-74.0141,clear,None,120,53,25
2024-12-20,LM-ATM-016,Staten Ferry Terminal,40.7013,-74.0132,clear,None,89,54,34
2024-12-20,LM-ATM-017,Essex Market,40.7193,-73.9874,clear,None,93,44,31
2024-12-20,LM-ATM-018,Houston Street,40.7282,-74.005,clear,None,77,46,27
2024-12-20,LM-ATM-019,Delancey Street,40.7188,-73.9885,clear,None,64,35,19
2024-12-20,LM-ATM-020,Pier 17,40.7058,-74.0027,clear,None,73,48,35
2024-12-21,LM-ATM-001,Battery Park,40.7033,-74.017,clear,None,60,44,28
2024-12-21,LM-ATM-002,Wall Street,40.7074,-74.0113,clear,None,120,38,14
2024-12-21,LM-ATM-003,Broad Street,40.7069,-74.0113,clear,None,107,33,20
2024-12-21,LM-ATM-004,Fulton Center,40.7103,-74.0076,clear,None,103,52,28
2024-12-21,LM-ATM-005,South Street Seaport,40.7069,-74.003,clear,None,67,61,32
2024-12-21,LM-ATM-006,Tribeca,40.7163,-74.0086,clear,None,97,43,22
2024-12-21,LM-ATM-007,City Hall,40.7128,-74.0059,clear,None,122,51,25
2024-12-21,LM-ATM-008,Chinatown,40.7158,-73.9973,clear,None,80,46,26
2024-12-21,LM-ATM-009,Little Italy,40.7191,-73.9973,clear,None,96,63,39
2024-12-21,LM-ATM-010,SoHo Broadway,40.7233,-74.002,clear,None,86,70,50
2024-12-21,LM-ATM-011,NoLiTa,40.7228,-73.9973,clear,None,88,56,36
2024-12-21,LM-ATM-012,Canal Street,40.719,-74.002,clear,None,109,66,35
2024-12-21,LM-ATM-013,World Trade Center,40.7116,-74.013,clear,None,143,48,33
2024-12-21,LM-ATM-014,Brookfield Place,40.7127,-74.0155,clear,None,104,48,21
2024-12-21,LM-ATM-015,Bowling Green,40.7047,-74.0141,clear,None,100,49,28
2024-12-21,LM-ATM-016,Staten Ferry Terminal,40.7013,-74.0132,clear,None,80,67,39
2024-12-21,LM-ATM-017,Essex Market,40.7193,-73.9874,clear,None,92,52,29
2024-12-21,LM-ATM-018,Houston Street,40.7282,-74.005,clear,None,112,72,44
2024-12-21,LM-ATM-019,Delancey Street,40.7188,-73.9885,clear,None,94,57,30
2024-12-21,LM-ATM-020,Pier 17,40.7058,-74.0027,clear,None,74,67,40
2024-12-22,LM-ATM-001,Battery Park,40.7033,-74.017,clear,None,67,48,23
2024-12-22,LM-ATM-002,Wall Street,40.7074,-74.0113,clear,None,108,31,16
2024-12-22,LM-ATM-003,Broad Street,40.7069,-74.0113,clear,None,119,38,19
2024-12-22,LM-ATM-004,Fulton Center,40.7103,-74.0076,clear,None,108,55,30
2024-12-22,LM-ATM-005,South Street Seaport,40.7069,-74.003,clear,None,90,71,40
2024-12-22,LM-ATM-006,Tribeca,40.7163,-74.0086,clear,None,81,43,18
2024-12-22,LM-ATM-007,City Hall,40.7128,-74.0059,clear,None,94,46,23
2024-12-22,LM-ATM-008,Chinatown,40.7158,-73.9973,clear,None,97,46,30
2024-12-22,LM-ATM-009,Little Italy,40.7191,-73.9973,clear,None,97,68,41
2024-12-22,LM-ATM-010,SoHo Broadway,40.7233,-74.002,clear,None,95,80,54
2024-12-22,LM-ATM-011,NoLiTa,40.7228,-73.9973,clear,None,67,45,27
2024-12-22,LM-ATM-012,Canal Street,40.719,-74.002,clear,None,100,59,36
2024-12-22,LM-ATM-013,World Trade Center,40.7116,-74.013,clear,None,114,45,23
2024-12-22,LM-ATM-014,Brookfield Place,40.7127,-74.0155,clear,None,106,43,24
2024-12-22,LM-ATM-015,Bowling Green,40.7047,-74.0141,clear,None,92,53,28
2024-12-22,LM-ATM-016,Staten Ferry Terminal,40.7013,-74.0132,clear,None,81,63,38
2024-12-22,LM-ATM-017,Essex Market,40.7193,-73.9874,clear,None,92,56,28
2024-12-22,LM-ATM-018,Houston Street,40.7282,-74.005,clear,None,107,61,39
2024-12-22,LM-ATM-019,Delancey Street,40.7188,-73.9885,clear,None,69,56,26
2024-12-22,LM-ATM-020,Pier 17,40.7058,-74.0027,clear,None,71,67,37
2024-12-23,LM-ATM-001,Battery Park,40.7033,-74.017,cloudy,None,87,52,30
2024-12-23,LM-ATM-002,Wall Street,40.7074,-74.0113,cloudy,None,154,36,19
2024-12-23,LM-ATM-003,Broad Street,40.7069,-74.0113,cloudy,None,133,34,14
2024-12-23,LM-ATM-004,Fulton Center,40.7103,-74.0076,cloudy,None,159,66,42
2024-12-23,LM-ATM-005,South Street Seaport,40.7069,-74.003,cloudy,None,78,55,33
2024-12-23,LM-ATM-006,Tribeca,40.7163,-74.0086,cloudy,None,112,40,19
2024-12-23,LM-ATM-007,City Hall,40.7128,-74.0059,cloudy,None,111,48,24
2024-12-23,LM-ATM-008,Chinatown,40.7158,-73.9973,cloudy,None,78,44,25
2024-12-23,LM-ATM-009,Little Italy,40.7191,-73.9973,cloudy,None,80,48,31
2024-12-23,LM-ATM-010,SoHo Broadway,40.7233,-74.002,cloudy,None,93,61,42
2024-12-23,LM-ATM-011,NoLiTa,40.7228,-73.9973,cloudy,None,61,38,21
2024-12-23,LM-ATM-012,Canal Street,40.719,-74.002,cloudy,None,107,57,30
2024-12-23,LM-ATM-013,World Trade Center,40.7116,-74.013,cloudy,None,114,40,24
2024-12-23,LM-ATM-014,Brookfield Place,40.7127,-74.0155,cloudy,None,127,45,28
2024-12-23,LM-ATM-015,Bowling Green,40.7047,-74.0141,cloudy,None,101,33,23
2024-12-23,LM-ATM-016,Staten Ferry Terminal,40.7013,-74.0132,cloudy,None,85,55,34
2024-12-23,LM-ATM-017,Essex Market,40.7193,-73.9874,cloudy,None,104,52,28
2024-12-23,LM-ATM-018,Houston Street,40.7282,-74.005,cloudy,None,70,44,23
2024-12-23,LM-ATM-019,Delancey Street,40.7188,-73.9885,cloudy,None,92,45,28
2024-12-23,LM-ATM-020,Pier 17,40.7058,-74.0027,cloudy,None,64,52,30
2024-12-24,LM-ATM-001,Battery Park,40.7033,-74.017,rain,Christmas Eve,63,41,24
2024-12-24,LM-ATM-002,Wall Street,40.7074,-74.0113,rain,Christmas Eve,129,34,15
2024-12-24,LM-ATM-003,Broad Street,40.7069,-74.0113,rain,Christmas Eve,135,28,18
2024-12-24,LM-ATM-004,Fulton Center,40.7103,-74.0076,rain,Christmas Eve,114,48,30
2024-12-24,LM-ATM-005,South Street Seaport,40.7069,-74.003,rain,Christmas Eve,94,64,38
2024-12-24,LM-ATM-006,Tribeca,40.7163,-74.0086,rain,Christmas Eve,109,34,15
2024-12-24,LM-ATM-007,City Hall,40.7128,-74.0059,rain,Christmas Eve,106,39,17
2024-12-24,LM-ATM-008,Chinatown,40.7158,-73.9973,rain,Christmas Eve,82,38,24
2024-12-24,LM-ATM-009,Little Italy,40.7191,-73.9973,rain,Christmas Eve,59,33,22
2024-12-24,LM-ATM-010,SoHo Broadway,40.7233,-74.002,rain,Christmas Eve,89,64,40
2024-12-24,LM-ATM-011,NoLiTa,40.7228,-73.9973,rain,Christmas Eve,44,27,19
2024-12-24,LM-ATM-012,Canal Street,40.719,-74.002,rain,Christmas Eve,90,49,27
2024-12-24,LM-ATM-013,World Trade Center,40.7116,-74.013,rain,Christmas Eve,116,45,25
2024-12-24,LM-ATM-014,Brookfield Place,40.7127,-74.0155,rain,Christmas Eve,117,40,22
2024-12-24,LM-ATM-015,Bowling Green,40.7047,-74.0141,rain,Christmas Eve,88,39,19
2024-12-24,LM-ATM-016,Staten Ferry Terminal,40.7013,-74.0132,rain,Christmas Eve,71,40,27
2024-12-24,LM-ATM-017,Essex Market,40.7193,-73.9874,rain,Christmas Eve,78,38,22
2024-12-24,LM-ATM-018,Houston Street,40.7282,-74.005,rain,Christmas Eve,85,44,26
2024-12-24,LM-ATM-019,Delancey Street,40.7188,-73.9885,rain,Christmas Eve,65,35,19
2024-12-24,LM-ATM-020,Pier 17,40.7058,-74.0027,rain,Christmas Eve,67,45,29
2024-12-25,LM-ATM-001,Battery Park,40.7033,-74.017,clear,Christmas,46,26,15
2024-12-25,LM-ATM-002,Wall Street,40.7074,-74.0113,clear,Christmas,95,24,12
2024-12-25,LM-ATM-003,Broad Street,40.7069,-74.0113,clear,Christmas,70,15,10
2024-12-25,LM-ATM-004,Fulton Center,40.7103,-74.0076,clear,Christmas,81,32,17
2024-12-25,LM-ATM-005,South Street Seaport,40.7069,-74.003,clear,Christmas,44,27,18
2024-12-25,LM-ATM-006,Tribeca,40.7163,-74.0086,clear,Christmas,62,24,12
2024-12-25,LM-ATM-007,City Hall,40.7128,-74.0059,clear,Christmas,65,28,15
2024-12-25,LM-ATM-008,Chinatown,40.7158,-73.9973,clear,Christmas,63,33,17
2024-12-25,LM-ATM-009,Little Italy,40.7191,-73.9973,clear,Christmas,45,25,17
2024-12-25,LM-ATM-010,SoHo Broadway,40.7233,-74.002,clear,Christmas,47,36,23
2024-12-25,LM-ATM-011,NoLiTa,40.7228,-73.9973,clear,Christmas,40,24,15
2024-12-25,LM-ATM-012,Canal Street,40.719,-74.002,clear,Christmas,68,37,23
2024-12-25,LM-ATM-013,World Trade Center,40.7116,-74.013,clear,Christmas,84,28,15
2024-12-25,LM-ATM-014,Brookfield Place,40.7127,-74.0155,clear,Christmas,94,31,20
2024-12-25,LM-ATM-015,Bowling Green,40.7047,-74.0141,clear,Christmas,78,28,16
2024-12-25,LM-ATM-016,Staten Ferry Terminal,40.7013,-74.0132,clear,Christmas,50,32,19
2024-12-25,LM-ATM-017,Essex Market,40.7193,-73.9874,clear,Christmas,46,22,13
2024-12-25,LM-ATM-018,Houston Street,40.7282,-74.005,clear,Christmas,73,36,22
2024-12-25,LM-ATM-019,Delancey Street,40.7188,-73.9885,clear,Christmas,43,22,13
2024-12-25,LM-ATM-020,Pier 17,40.7058,-74.0027,clear,Christmas,52,38,23
2024-12-26,LM-ATM-001,Battery Park,40.7033,-74.017,clear,None,77,51,26
2024-12-26,LM-ATM-002,Wall Street,40.7074,-74.0113,clear,None,120,30,13
2024-12-26,LM-ATM-003,Broad Street,40.7069,-74.0113,clear,None,138,33,18
2024-12-26,LM-ATM-004,Fulton Center,40.7103,-74.0076,clear,None,152,61,36
2024-12-26,LM-ATM-005,South Street Seaport,40.7069,-74.003,clear,None,96,63,39
2024-12-26,LM-ATM-006,Tribeca,40.7163,-74.0086,clear,None,94,37,19
2024-12-26,LM-ATM-007,City Hall,40.7128,-74.0059,clear,None,110,37,23
2024-12-26,LM-ATM-008,Chinatown,40.7158,-73.9973,clear,None,74,32,21
2024-12-26,LM-ATM-009,Little Italy,40.7191,-73.9973,clear,None,83,48,34
2024-12-26,LM-ATM-010,SoHo Broadway,40.7233,-74.002,clear,None,103,75,50
2024-12-26,LM-ATM-011,NoLiTa,40.7228,-73.9973,clear,None,76,48,30
2024-12-26,LM-ATM-012,Canal Street,40.719,-74.002,clear,None,76,44,25
2024-12-26,LM-ATM-013,World Trade Center,40.7116,-74.013,clear,None,116,35,22
2024-12-26,LM-ATM-014,Brookfield Place,40.7127,-74.0155,clear,None,148,54,27
2024-12-26,LM-ATM-015,Bowling Green,40.7047,-74.0141,clear,None,99,42,25
2024-12-26,LM-ATM-016,Staten Ferry Terminal,40.7013,-74.0132,clear,None,111,66,39
2024-12-26,LM-ATM-017,Essex Market,40.7193,-73.9874,clear,None,88,48,26
2024-12-26,LM-ATM-018,Houston Street,40.7282,-74.005,clear,None,106,59,40
2024-12-26,LM-ATM-019,Delancey Street,40.7188,-73.9885,clear,None,83,42,24
2024-12-26,LM-ATM-020,Pier 17,40.7058,-74.0027,clear,None,79,54,38
2024-12-27,LM-ATM-001,Battery Park,40.7033,-74.017,rain,None,65,35,21
2024-12-27,LM-ATM-002,Wall Street,40.7074,-74.0113,rain,None,125,29,15
2024-12-27,LM-ATM-003,Broad Street,40.7069,-74.0113,rain,None,100,29,12
2024-12-27,LM-ATM-004,Fulton Center,40.7103,-74.0076,rain,None,114,45,29
2024-12-27,LM-ATM-005,South Street Seaport,40.7069,-74.003,rain,None,66,43,29
2024-12-27,LM-ATM-006,Tribeca,40.7163,-74.0086,rain,None,97,42,18
2024-12-27,LM-ATM-007,City Hall,40.7128,-74.0059,rain,None,91,29,19
2024-12-27,LM-ATM-008,Chinatown,40.7158,-73.9973,rain,None,88,41,25
2024-12-27,LM-ATM-009,Little Italy,40.7191,-73.9973,rain,None,63,39,24
2024-12-27,LM-ATM-010,SoHo Broadway,40.7233,-74.002,rain,None,74,53,34
2024-12-27,LM-ATM-011,NoLiTa,40.7228,-73.9973,rain,None,69,45,25
2024-12-27,LM-ATM-012,Canal Street,40.719,-74.002,rain,None,88,42,28
2024-12-27,LM-ATM-013,World Trade Center,40.7116,-74.013,rain,None,101,41,24
2024-12-27,LM-ATM-014,Brookfield Place,40.7127,-74.0155,rain,None,102,35,21
2024-12-27,LM-ATM-015,Bowling Green,40.7047,-74.0141,rain,None,96,36,22
2024-12-27,LM-ATM-016,Staten Ferry Terminal,40.7013,-74.0132,rain,None,84,53,30
2024-12-27,LM-ATM-017,Essex Market,40.7193,-73.9874,rain,None,69,35,19
2024-12-27,LM-ATM-018,Houston Street,40.7282,-74.005,rain,None,82,43,22
2024-12-27,LM-ATM-019,Delancey Street,40.7188,-73.9885,rain,None,73,32,21
2024-12-27,LM-ATM-020,Pier 17,40.7058,-74.0027,rain,None,54,45,27
2024-12-28,LM-ATM-001,Battery Park,40.7033,-74.017,clear,None,75,45,29
2024-12-28,LM-ATM-002,Wall Street,40.7074,-74.0113,clear,None,131,37,19
2024-12-28,LM-ATM-003,Broad Street,40.7069,-74.0113,clear,None,112,31,16
2024-12-28,LM-ATM-004,Fulton Center,40.7103,-74.0076,clear,None,106,53,25
2024-12-28,LM-ATM-005,South Street Seaport,40.7069,-74.003,clear,None,82,57,37
2024-12-28,LM-ATM-006,Tribeca,40.7163,-74.0086,clear,None,83,40,17
2024-12-28,LM-ATM-007,City Hall,40.7128,-74.0059,clear,None,86,42,19
2024-12-28,LM-ATM-008,Chinatown,40.7158,-73.9973,clear,None,95,57,31
2024-12-28,LM-ATM-009,Little Italy,40.7191,-73.9973,clear,None,74,49,32
2024-12-28,LM-ATM-010,SoHo Broadway,40.7233,-74.002,clear,None,80,64,43
2024-12-28,LM-ATM-011,NoLiTa,40.7228,-73.9973,clear,None,61,43,24
2024-12-28,LM-ATM-012,Canal Street,40.719,-74.002,clear,None,95,54,34
2024-12-28,LM-ATM-013,World Trade Center,40.7116,-74.013,clear,None,87,32,17
2024-12-28,LM-ATM-014,Brookfield Place,40.7127,-74.0155,clear,None,111,43,21
2024-12-28,LM-ATM-015,Bowling Green,40.7047,-74.0141,clear,None,75,34,21
2024-12-28,LM-ATM-016,Staten Ferry Terminal,40.7013,-74.0132,clear,None,86,68,45
2024-12-28,LM-ATM-017,Essex Market,40.7193,-73.9874,clear,None,74,43,23
2024-12-28,LM-ATM-018,Houston Street,40.7282,-74.005,clear,None,62,37,24
2024-12-28,LM-ATM-019,Delancey Street,40.7188,-73.9885,clear,None,57,34,22
2024-12-28,LM-ATM-020,Pier 17,40.7058,-74.0027,clear,None,60,51,33
2024-12-29,LM-ATM-001,Battery Park,40.7033,-74.017,cloudy,None,74,54,28
2024-12-29,LM-ATM-002,Wall Street,40.7074,-74.0113,cloudy,None,90,23,12
2024-12-29,LM-ATM-003,Broad Street,40.7069,-74.0113,cloudy,None,84,26,11
2024-12-29,LM-ATM-004,Fulton Center,40.7103,-74.0076,cloudy,None,94,47,30
2024-12-29,LM-ATM-005,South Street Seaport,40.7069,-74.003,cloudy,None,50,42,24
2024-12-29,LM-ATM-006,Tribeca,40.7163,-74.0086,cloudy,None,66,33,15
2024-12-29,LM-ATM-007,City Hall,40.7128,-74.0059,cloudy,None,67,30,17
2024-12-29,LM-ATM-008,Chinatown,40.7158,-73.9973,cloudy,None,69,44,25
2024-12-29,LM-ATM-009,Little Italy,40.7191,-73.9973,cloudy,None,78,61,36
2024-12-29,LM-ATM-010,SoHo Broadway,40.7233,-74.002,cloudy,None,63,53,37
2024-12-29,LM-ATM-011,NoLiTa,40.7228,-73.9973,cloudy,None,70,52,28
2024-12-29,LM-ATM-012,Canal Street,40.719,-74.002,cloudy,None,69,39,23
2024-12-29,LM-ATM-013,World Trade Center,40.7116,-74.013,cloudy,None,90,41,24
2024-12-29,LM-ATM-014,Brookfield Place,40.7127,-74.0155,cloudy,None,105,48,25
2024-12-29,LM-ATM-015,Bowling Green,40.7047,-74.0141,cloudy,None,75,37,20
2024-12-29,LM-ATM-016,Staten Ferry Terminal,40.7013,-74.0132,cloudy,None,66,49,28
2024-12-29,LM-ATM-017,Essex Market,40.7193,-73.9874,cloudy,None,69,40,23
2024-12-29,LM-ATM-018,Houston Street,40.7282,-74.005,cloudy,None,65,47,25
2024-12-29,LM-ATM-019,Delancey Street,40.7188,-73.9885,cloudy,None,74,51,27
2024-12-29,LM-ATM-020,Pier 17,40.7058,-74.0027,cloudy,None,71,59,44
2024-12-30,LM-ATM-001,Battery Park,40.7033,-74.017,clear,None,68,46,24
2024-12-30,LM-ATM-002,Wall Street,40.7074,-74.0113,clear,None,143,30,16
2024-12-30,LM-ATM-003,Broad Street,40.7069,-74.0113,clear,None,157,31,22
2024-12-30,LM-ATM-004,Fulton Center,40.7103,-74.0076,clear,None,129,59,36
2024-12-30,LM-ATM-005,South Street Seaport,40.7069,-74.003,clear,None,83,48,34
2024-12-30,LM-ATM-006,Tribeca,40.7163,-74.0086,clear,None,88,32,18
2024-12-30,LM-ATM-007,City Hall,40.7128,-74.0059,clear,None,86,34,19
2024-12-30,LM-ATM-008,Chinatown,40.7158,-73.9973,clear,None,97,44,25
2024-12-30,LM-ATM-009,Little Italy,40.7191,-73.9973,clear,None,77,49,28
2024-12-30,LM-ATM-010,SoHo Broadway,40.7233,-74.002,clear,None,82,56,39
2024-12-30,LM-ATM-011,NoLiTa,40.7228,-73.9973,clear,None,73,43,27
2024-12-30,LM-ATM-012,Canal Street,40.719,-74.002,clear,None,76,44,28
2024-12-30,LM-ATM-013,World Trade Center,40.7116,-74.013,clear,None,149,46,29
2024-12-30,LM-ATM-014,Brookfield Place,40.7127,-74.0155,clear,None,132,53,32
2024-12-30,LM-ATM-015,Bowling Green,40.7047,-74.0141,clear,None,105,42,24
2024-12-30,LM-ATM-016,Staten Ferry Terminal,40.7013,-74.0132,clear,None,83,55,33
2024-12-30,LM-ATM-017,Essex Market,40.7193,-73.9874,clear,None,89,46,26
2024-12-30,LM-ATM-018,Houston Street,40.7282,-74.005,clear,None,96,52,31
2024-12-30,LM-ATM-019,Delancey Street,40.7188,-73.9885,clear,None,90,48,27
2024-12-30,LM-ATM-020,Pier 17,40.7058,-74.0027,clear,None,70,46,32
2024-12-31,LM-ATM-001,Battery Park,40.7033,-74.017,cloudy,New Years Eve,83,63,40
2024-12-31,LM-ATM-002,Wall Street,40.7074,-74.0113,cloudy,New Years Eve,164,40,29
2024-12-31,LM-ATM-003,Broad Street,40.7069,-74.0113,cloudy,New Years Eve,183,66,33
2024-12-31,LM-ATM-004,Fulton Center,40.7103,-74.0076,cloudy,New Years Eve,134,65,41
2024-12-31,LM-ATM-005,South Street Seaport,40.7069,-74.003,cloudy,New Years Eve,115,87,54
2024-12-31,LM-ATM-006,Tribeca,40.7163,-74.0086,cloudy,New Years Eve,131,51,34
2024-12-31,LM-ATM-007,City Hall,40.7128,-74.0059,cloudy,New Years Eve,134,63,42
2024-12-31,LM-ATM-008,Chinatown,40.7158,-73.9973,cloudy,New Years Eve,111,73,41
2024-12-31,LM-ATM-009,Little Italy,40.7191,-73.9973,cloudy,New Years Eve,73,53,36
2024-12-31,LM-ATM-010,SoHo Broadway,40.7233,-74.002,cloudy,New Years Eve,92,83,56
2024-12-31,LM-ATM-011,NoLiTa,40.7228,-73.9973,cloudy,New Years Eve,67,43,28
2024-12-31,LM-ATM-012,Canal Street,40.719,-74.002,cloudy,New Years Eve,98,59,42
2024-12-31,LM-ATM-013,World Trade Center,40.7116,-74.013,cloudy,New Years Eve,174,94,47
2024-12-31,LM-ATM-014,Brookfield Place,40.7127,-74.0155,cloudy,New Years Eve,176,71,47
2024-12-31,LM-ATM-015,Bowling Green,40.7047,-74.0141,cloudy,New Years Eve,113,56,34
2024-12-31,LM-ATM-016,Staten Ferry Terminal,40.7013,-74.0132,cloudy,New Years Eve,100,99,54
2024-12-31,LM-ATM-017,Essex Market,40.7193,-73.9874,cloudy,New Years Eve,80,55,33
2024-12-31,LM-ATM-018,Houston Street,40.7282,-74.005,cloudy,New Years Eve,94,55,41
2024-12-31,LM-ATM-019,Delancey Street,40.7188,-73.9885,cloudy,New Years Eve,91,61,35
2024-12-31,LM-ATM-020,Pier 17,40.7058,-74.0027,cloudy,New Years Eve,109,99,66
